{"textures":{"0":"modelengine:entity/magnussword","1":"modelengine:entity/magnusshield","2":"modelengine:entity/magnus","3":"modelengine:entity/magnusswordfx"},"elements":[{"name":"cube","from":[1.1281309,11.226369,5.734561],"to":[2.3281312,13.6263685,9.934561],"rotation":{"angle":22.5,"axis":"y","origin":[5.628131,6.1263685,6.034561]},"faces":{"down":{"uv":[3.75,14.25,4.0,15.125],"rotation":0,"texture":"#2","tintindex":0},"east":{"uv":[11.75,13.5,10.875,14.0],"rotation":0,"texture":"#2","tintindex":0},"north":{"uv":[4.5,8.0,4.25,8.5],"rotation":0,"texture":"#2","tintindex":0},"south":{"uv":[7.375,11.125,7.125,11.625],"rotation":0,"texture":"#2","tintindex":0},"up":{"uv":[3.5,15.125,3.75,14.25],"rotation":0,"texture":"#2","tintindex":0},"west":{"uv":[14.375,10.125,13.5,10.625],"rotation":0,"texture":"#2","tintindex":0}}},{"name":"cube","from":[3.848062,9.426369,10.496162],"to":[5.0480623,13.6263685,13.496162],"rotation":{"angle":45.0,"axis":"y","origin":[4.448062,11.526369,11.996163]},"faces":{"down":{"uv":[8.5,13.25,8.75,13.875],"rotation":0,"texture":"#2","tintindex":0},"east":{"uv":[3.625,13.0,3.0,13.875],"rotation":0,"texture":"#2","tintindex":0},"north":{"uv":[5.5,14.25,5.25,15.125],"rotation":0,"texture":"#2","tintindex":0},"south":{"uv":[5.75,14.25,5.5,15.125],"rotation":0,"texture":"#2","tintindex":0},"up":{"uv":[9.5,7.625,9.75,7.0],"rotation":0,"texture":"#2","tintindex":0},"west":{"uv":[3.0,13.0,2.375,13.875],"rotation":0,"texture":"#2","tintindex":0}}},{"name":"cube","from":[0.528131,7.0263686,3.334561],"to":[8.328131,11.226369,11.734562],"rotation":{"angle":0.0,"axis":"x","origin":[6.2281313,6.1263685,6.034561]},"faces":{"down":{"uv":[5.0,0.0,6.625,1.75],"rotation":0,"texture":"#2","tintindex":0},"east":{"uv":[10.375,9.125,8.625,10.0],"rotation":0,"texture":"#2","tintindex":0},"north":{"uv":[8.25,9.25,6.625,10.125],"rotation":0,"texture":"#2","tintindex":0},"south":{"uv":[11.125,2.375,9.5,3.25],"rotation":0,"texture":"#2","tintindex":0},"up":{"uv":[4.75,5.875,6.375,4.125],"rotation":0,"texture":"#2","tintindex":0},"west":{"uv":[10.25,1.5,8.5,2.375],"rotation":0,"texture":"#2","tintindex":0}}},{"name":"cube","from":[5.328131,5.226369,2.7345612],"to":[8.928131,8.826368,4.534561],"rotation":{"angle":0.0,"axis":"x","origin":[6.2281313,6.1263685,6.034561]},"faces":{"down":{"uv":[1.125,14.0,1.875,14.375],"rotation":0,"texture":"#2","tintindex":0},"east":{"uv":[1.125,14.0,0.75,14.75],"rotation":0,"texture":"#2","tintindex":0},"north":{"uv":[7.375,8.5,6.625,9.25],"rotation":0,"texture":"#2","tintindex":0},"south":{"uv":[9.5,6.125,8.75,6.875],"rotation":0,"texture":"#2","tintindex":0},"up":{"uv":[6.75,3.0,7.5,2.625],"rotation":0,"texture":"#2","tintindex":0},"west":{"uv":[0.75,14.0,0.375,14.75],"rotation":0,"texture":"#2","tintindex":0}}},{"name":"cube","from":[5.328131,5.226369,10.534561],"to":[8.928131,8.826368,12.334561],"rotation":{"angle":0.0,"axis":"x","origin":[6.2281313,6.1263685,6.034561]},"faces":{"down":{"uv":[11.125,14.0,11.875,14.375],"rotation":0,"texture":"#2","tintindex":0},"east":{"uv":[10.375,14.0,10.0,14.75],"rotation":0,"texture":"#2","tintindex":0},"north":{"uv":[8.0,12.75,7.25,13.5],"rotation":0,"texture":"#2","tintindex":0},"south":{"uv":[13.5,12.75,12.75,13.5],"rotation":0,"texture":"#2","tintindex":0},"up":{"uv":[10.375,14.375,11.125,14.0],"rotation":0,"texture":"#2","tintindex":0},"west":{"uv":[14.375,7.625,14.0,8.375],"rotation":0,"texture":"#2","tintindex":0}}},{"name":"cube","from":[1.1281309,4.6263685,4.534561],"to":[4.7281313,7.0263686,11.134562],"rotation":{"angle":0.0,"axis":"x","origin":[6.2281313,6.1263685,6.034561]},"faces":{"down":{"uv":[11.25,5.25,12.0,6.625],"rotation":0,"texture":"#2","tintindex":0},"east":{"uv":[13.875,0.0,12.5,0.5],"rotation":0,"texture":"#2","tintindex":0},"north":{"uv":[14.375,4.125,13.625,4.625],"rotation":0,"texture":"#2","tintindex":0},"south":{"uv":[14.5,1.375,13.75,1.875],"rotation":0,"texture":"#2","tintindex":0},"up":{"uv":[0.0,12.625,0.75,11.25],"rotation":0,"texture":"#2","tintindex":0},"west":{"uv":[13.5,3.625,12.125,4.125],"rotation":0,"texture":"#2","tintindex":0}}},{"name":"cube","from":[2.3281312,2.8263686,5.134561],"to":[7.7281313,10.026369,10.534561],"rotation":{"angle":0.0,"axis":"x","origin":[6.2281313,6.1263685,6.034561]},"faces":{"down":{"uv":[9.875,4.125,11.0,5.25],"rotation":0,"texture":"#2","tintindex":0},"east":{"uv":[8.625,7.75,7.5,9.25],"rotation":0,"texture":"#2","tintindex":0},"north":{"uv":[5.625,7.0,4.5,8.5],"rotation":0,"texture":"#2","tintindex":0},"south":{"uv":[8.75,5.25,7.625,6.75],"rotation":0,"texture":"#2","tintindex":0},"up":{"uv":[9.75,9.0,10.875,7.875],"rotation":0,"texture":"#2","tintindex":0},"west":{"uv":[2.25,7.375,1.125,8.875],"rotation":0,"texture":"#2","tintindex":0}}},{"name":"cube","from":[2.7354012,11.226369,5.3440905],"to":[3.9354012,13.6263685,9.54409],"rotation":{"angle":-22.5,"axis":"y","origin":[7.235401,6.1263685,5.0440903]},"faces":{"down":{"uv":[6.0,14.25,6.25,15.125],"rotation":0,"texture":"#2","tintindex":0},"east":{"uv":[13.5,13.5,12.625,14.0],"rotation":0,"texture":"#2","tintindex":0},"north":{"uv":[10.25,12.125,10.0,12.625],"rotation":0,"texture":"#2","tintindex":0},"south":{"uv":[4.375,13.25,4.125,13.75],"rotation":0,"texture":"#2","tintindex":0},"up":{"uv":[5.75,15.125,6.0,14.25],"rotation":0,"texture":"#2","tintindex":0},"west":{"uv":[12.625,13.5,11.75,14.0],"rotation":0,"texture":"#2","tintindex":0}}},{"name":"cube","from":[1.8572513,9.426369,3.8690271],"to":[3.0572515,13.6263685,6.869027],"rotation":{"angle":-45.0,"axis":"y","origin":[6.357251,6.1263685,6.569027]},"faces":{"down":{"uv":[1.125,14.375,1.375,15.0],"rotation":0,"texture":"#2","tintindex":0},"east":{"uv":[10.0,13.0,9.375,13.875],"rotation":0,"texture":"#2","tintindex":0},"north":{"uv":[6.5,14.25,6.25,15.125],"rotation":0,"texture":"#2","tintindex":0},"south":{"uv":[8.125,14.25,7.875,15.125],"rotation":0,"texture":"#2","tintindex":0},"up":{"uv":[9.0,14.875,9.25,14.25],"rotation":0,"texture":"#2","tintindex":0},"west":{"uv":[9.375,13.0,8.75,13.875],"rotation":0,"texture":"#2","tintindex":0}}}],"display":{"head":{"translation":[0.0,-6.4,0.0],"rotation":[0.0,0.0,0.0],"scale":[3.8095,3.8095,3.8095]}}}