{"textures":{"0":"modelengine:entity/magnussword","1":"modelengine:entity/magnusshield","2":"modelengine:entity/magnus","3":"modelengine:entity/magnusswordfx"},"elements":[{"name":"cube","from":[5.5271797,-2.2645564,3.1491904],"to":[10.327181,5.535444,9.149191],"rotation":{"angle":0.0,"axis":"x","origin":[5.8654346,1.6120485,4.0508685]},"faces":{"down":{"uv":[1.0,10.0,0.0,11.25],"rotation":0,"texture":"#2","tintindex":0},"east":{"uv":[6.375,5.25,7.625,6.875],"rotation":0,"texture":"#2","tintindex":0},"north":{"uv":[2.25,8.0,3.25,9.625],"rotation":0,"texture":"#2","tintindex":0},"south":{"uv":[3.25,8.0,4.25,9.625],"rotation":0,"texture":"#2","tintindex":0},"up":{"uv":[6.125,11.125,5.125,9.875],"rotation":0,"texture":"#2","tintindex":0},"west":{"uv":[6.625,0.0,7.875,1.625],"rotation":0,"texture":"#2","tintindex":0}}},{"name":"cube","from":[7.32718,-3.4645567,2.5491903],"to":[10.92718,0.7354436,9.749191],"rotation":{"angle":0.0,"axis":"x","origin":[5.8654346,1.6120485,4.0508685]},"faces":{"down":{"uv":[8.125,10.125,7.375,11.625],"rotation":0,"texture":"#2","tintindex":0},"east":{"uv":[3.625,9.75,5.125,10.625],"rotation":0,"texture":"#2","tintindex":0},"north":{"uv":[10.0,12.625,10.75,13.5],"rotation":0,"texture":"#2","tintindex":0},"south":{"uv":[10.75,12.625,11.5,13.5],"rotation":0,"texture":"#2","tintindex":0},"up":{"uv":[6.375,8.5,5.625,7.0],"rotation":0,"texture":"#2","tintindex":0},"west":{"uv":[9.75,7.0,11.25,7.875],"rotation":0,"texture":"#2","tintindex":0}}},{"name":"cube","from":[6.127179,5.535444,3.1491904],"to":[9.7271805,7.935444,7.9491906],"rotation":{"angle":0.0,"axis":"x","origin":[5.8654346,1.6120485,4.0508685]},"faces":{"down":{"uv":[1.5,12.375,0.75,13.375],"rotation":0,"texture":"#2","tintindex":0},"east":{"uv":[13.5,0.5,14.5,1.0],"rotation":0,"texture":"#2","tintindex":0},"north":{"uv":[13.75,1.875,14.5,2.375],"rotation":0,"texture":"#2","tintindex":0},"south":{"uv":[13.75,4.625,14.5,5.125],"rotation":0,"texture":"#2","tintindex":0},"up":{"uv":[8.75,13.25,8.0,12.25],"rotation":0,"texture":"#2","tintindex":0},"west":{"uv":[13.5,3.25,14.5,3.75],"rotation":0,"texture":"#2","tintindex":0}}},{"name":"cube","from":[7.32718,1.3354436,2.5491903],"to":[10.92718,4.3354435,9.749191],"rotation":{"angle":0.0,"axis":"x","origin":[5.8654346,1.6120485,4.0508685]},"faces":{"down":{"uv":[4.375,10.625,3.625,12.125],"rotation":0,"texture":"#2","tintindex":0},"east":{"uv":[10.25,12.0,11.75,12.625],"rotation":0,"texture":"#2","tintindex":0},"north":{"uv":[7.5,3.5,8.25,4.125],"rotation":0,"texture":"#2","tintindex":0},"south":{"uv":[7.25,13.5,8.0,14.125],"rotation":0,"texture":"#2","tintindex":0},"up":{"uv":[11.0,11.5,10.25,10.0],"rotation":0,"texture":"#2","tintindex":0},"west":{"uv":[12.0,10.25,13.5,10.875],"rotation":0,"texture":"#2","tintindex":0}}},{"name":"cube","from":[6.127179,4.3354435,7.9491906],"to":[9.7271805,7.935444,10.349191],"rotation":{"angle":0.0,"axis":"x","origin":[5.8654346,1.6120485,4.0508685]},"faces":{"down":{"uv":[2.875,13.875,2.125,14.375],"rotation":0,"texture":"#2","tintindex":0},"east":{"uv":[13.75,5.125,14.25,5.875],"rotation":0,"texture":"#2","tintindex":0},"north":{"uv":[12.875,2.5,13.625,3.25],"rotation":0,"texture":"#2","tintindex":0},"south":{"uv":[12.875,4.125,13.625,4.875],"rotation":0,"texture":"#2","tintindex":0},"up":{"uv":[14.625,0.5,13.875,0.0],"rotation":0,"texture":"#2","tintindex":0},"west":{"uv":[13.75,8.625,14.25,9.375],"rotation":0,"texture":"#2","tintindex":0}}}],"display":{"head":{"translation":[0.0,-6.4,0.0],"rotation":[0.0,0.0,0.0],"scale":[3.8095,3.8095,3.8095]}}}