{"textures":{"0":"modelengine:entity/magnussword","1":"modelengine:entity/magnusshield","2":"modelengine:entity/magnus","3":"modelengine:entity/magnusswordfx"},"elements":[{"name":"cube","from":[13.671868,11.226369,5.734561],"to":[14.871868,13.6263685,9.934561],"rotation":{"angle":-22.5,"axis":"y","origin":[10.371868,6.1263685,6.034561]},"faces":{"down":{"uv":[4.0,14.25,3.75,15.125],"rotation":0,"texture":"#2","tintindex":0},"east":{"uv":[13.5,10.125,14.375,10.625],"rotation":0,"texture":"#2","tintindex":0},"north":{"uv":[4.25,8.0,4.5,8.5],"rotation":0,"texture":"#2","tintindex":0},"south":{"uv":[7.125,11.125,7.375,11.625],"rotation":0,"texture":"#2","tintindex":0},"up":{"uv":[3.75,15.125,3.5,14.25],"rotation":0,"texture":"#2","tintindex":0},"west":{"uv":[10.875,13.5,11.75,14.0],"rotation":0,"texture":"#2","tintindex":0}}},{"name":"cube","from":[10.951938,9.426369,10.496162],"to":[12.1519375,13.6263685,13.496162],"rotation":{"angle":-45.0,"axis":"y","origin":[11.551938,11.526369,11.996163]},"faces":{"down":{"uv":[8.75,13.25,8.5,13.875],"rotation":0,"texture":"#2","tintindex":0},"east":{"uv":[2.375,13.0,3.0,13.875],"rotation":0,"texture":"#2","tintindex":0},"north":{"uv":[5.25,14.25,5.5,15.125],"rotation":0,"texture":"#2","tintindex":0},"south":{"uv":[5.5,14.25,5.75,15.125],"rotation":0,"texture":"#2","tintindex":0},"up":{"uv":[9.75,7.625,9.5,7.0],"rotation":0,"texture":"#2","tintindex":0},"west":{"uv":[3.0,13.0,3.625,13.875],"rotation":0,"texture":"#2","tintindex":0}}},{"name":"cube","from":[7.671869,7.0263686,3.334561],"to":[15.4718685,11.226369,11.734562],"rotation":{"angle":0.0,"axis":"x","origin":[9.771869,6.1263685,6.034561]},"faces":{"down":{"uv":[6.625,0.0,5.0,1.75],"rotation":0,"texture":"#2","tintindex":0},"east":{"uv":[8.5,1.5,10.25,2.375],"rotation":0,"texture":"#2","tintindex":0},"north":{"uv":[6.625,9.25,8.25,10.125],"rotation":0,"texture":"#2","tintindex":0},"south":{"uv":[9.5,2.375,11.125,3.25],"rotation":0,"texture":"#2","tintindex":0},"up":{"uv":[6.375,5.875,4.75,4.125],"rotation":0,"texture":"#2","tintindex":0},"west":{"uv":[8.625,9.125,10.375,10.0],"rotation":0,"texture":"#2","tintindex":0}}},{"name":"cube","from":[7.071869,5.226369,2.7345612],"to":[10.671869,8.826368,4.534561],"rotation":{"angle":0.0,"axis":"x","origin":[9.771869,6.1263685,6.034561]},"faces":{"down":{"uv":[1.875,14.0,1.125,14.375],"rotation":0,"texture":"#2","tintindex":0},"east":{"uv":[0.375,14.0,0.75,14.75],"rotation":0,"texture":"#2","tintindex":0},"north":{"uv":[6.625,8.5,7.375,9.25],"rotation":0,"texture":"#2","tintindex":0},"south":{"uv":[8.75,6.125,9.5,6.875],"rotation":0,"texture":"#2","tintindex":0},"up":{"uv":[7.5,3.0,6.75,2.625],"rotation":0,"texture":"#2","tintindex":0},"west":{"uv":[0.75,14.0,1.125,14.75],"rotation":0,"texture":"#2","tintindex":0}}},{"name":"cube","from":[7.071869,5.226369,10.534561],"to":[10.671869,8.826368,12.334561],"rotation":{"angle":0.0,"axis":"x","origin":[9.771869,6.1263685,6.034561]},"faces":{"down":{"uv":[11.875,14.0,11.125,14.375],"rotation":0,"texture":"#2","tintindex":0},"east":{"uv":[14.0,7.625,14.375,8.375],"rotation":0,"texture":"#2","tintindex":0},"north":{"uv":[7.25,12.75,8.0,13.5],"rotation":0,"texture":"#2","tintindex":0},"south":{"uv":[12.75,12.75,13.5,13.5],"rotation":0,"texture":"#2","tintindex":0},"up":{"uv":[11.125,14.375,10.375,14.0],"rotation":0,"texture":"#2","tintindex":0},"west":{"uv":[10.0,14.0,10.375,14.75],"rotation":0,"texture":"#2","tintindex":0}}},{"name":"cube","from":[11.271869,4.6263685,4.534561],"to":[14.871868,7.0263686,11.134562],"rotation":{"angle":0.0,"axis":"x","origin":[9.771869,6.1263685,6.034561]},"faces":{"down":{"uv":[12.0,5.25,11.25,6.625],"rotation":0,"texture":"#2","tintindex":0},"east":{"uv":[12.125,3.625,13.5,4.125],"rotation":0,"texture":"#2","tintindex":0},"north":{"uv":[13.625,4.125,14.375,4.625],"rotation":0,"texture":"#2","tintindex":0},"south":{"uv":[13.75,1.375,14.5,1.875],"rotation":0,"texture":"#2","tintindex":0},"up":{"uv":[0.75,12.625,0.0,11.25],"rotation":0,"texture":"#2","tintindex":0},"west":{"uv":[12.5,0.0,13.875,0.5],"rotation":0,"texture":"#2","tintindex":0}}},{"name":"cube","from":[8.271869,2.8263686,5.134561],"to":[13.671868,10.026369,10.534561],"rotation":{"angle":0.0,"axis":"x","origin":[9.771869,6.1263685,6.034561]},"faces":{"down":{"uv":[11.0,4.125,9.875,5.25],"rotation":0,"texture":"#2","tintindex":0},"east":{"uv":[1.125,7.375,2.25,8.875],"rotation":0,"texture":"#2","tintindex":0},"north":{"uv":[4.5,7.0,5.625,8.5],"rotation":0,"texture":"#2","tintindex":0},"south":{"uv":[7.625,5.25,8.75,6.75],"rotation":0,"texture":"#2","tintindex":0},"up":{"uv":[10.875,9.0,9.75,7.875],"rotation":0,"texture":"#2","tintindex":0},"west":{"uv":[7.5,7.75,8.625,9.25],"rotation":0,"texture":"#2","tintindex":0}}},{"name":"cube","from":[12.064599,11.226369,5.3440905],"to":[13.264598,13.6263685,9.54409],"rotation":{"angle":22.5,"axis":"y","origin":[8.764599,6.1263685,5.0440903]},"faces":{"down":{"uv":[6.25,14.25,6.0,15.125],"rotation":0,"texture":"#2","tintindex":0},"east":{"uv":[11.75,13.5,12.625,14.0],"rotation":0,"texture":"#2","tintindex":0},"north":{"uv":[10.0,12.125,10.25,12.625],"rotation":0,"texture":"#2","tintindex":0},"south":{"uv":[4.125,13.25,4.375,13.75],"rotation":0,"texture":"#2","tintindex":0},"up":{"uv":[6.0,15.125,5.75,14.25],"rotation":0,"texture":"#2","tintindex":0},"west":{"uv":[12.625,13.5,13.5,14.0],"rotation":0,"texture":"#2","tintindex":0}}},{"name":"cube","from":[12.942749,9.426369,3.8690271],"to":[14.142749,13.6263685,6.869027],"rotation":{"angle":45.0,"axis":"y","origin":[9.64275,6.1263685,6.569027]},"faces":{"down":{"uv":[1.375,14.375,1.125,15.0],"rotation":0,"texture":"#2","tintindex":0},"east":{"uv":[8.75,13.0,9.375,13.875],"rotation":0,"texture":"#2","tintindex":0},"north":{"uv":[6.25,14.25,6.5,15.125],"rotation":0,"texture":"#2","tintindex":0},"south":{"uv":[7.875,14.25,8.125,15.125],"rotation":0,"texture":"#2","tintindex":0},"up":{"uv":[9.25,14.875,9.0,14.25],"rotation":0,"texture":"#2","tintindex":0},"west":{"uv":[9.375,13.0,10.0,13.875],"rotation":0,"texture":"#2","tintindex":0}}}],"display":{"head":{"translation":[0.0,-6.4,0.0],"rotation":[0.0,0.0,0.0],"scale":[3.8095,3.8095,3.8095]}}}