{"textures":{"0":"modelengine:entity/nocsy_fpv2_slender"},"elements":[{"name":"cube","from":[7.7541795,6.8599997,7.122489],"to":[12.434179,9.139999,8.802488],"rotation":{"angle":0.0,"axis":"x","origin":[2.3841796,-7.3,5.8624887]},"faces":{"down":{"uv":[13.625,8.5,12.625,8.875],"rotation":0,"texture":"#0","tintindex":0},"east":{"uv":[0.0,13.375,0.375,13.875],"rotation":0,"texture":"#0","tintindex":0},"north":{"uv":[11.375,6.375,12.375,6.875],"rotation":0,"texture":"#0","tintindex":0},"south":{"uv":[4.875,11.625,5.875,12.125],"rotation":0,"texture":"#0","tintindex":0},"up":{"uv":[9.25,13.0,8.25,12.625],"rotation":0,"texture":"#0","tintindex":0},"west":{"uv":[0.5,13.375,0.875,13.875],"rotation":0,"texture":"#0","tintindex":0}}},{"name":"cube","from":[11.288143,6.4864693,6.783601],"to":[13.568143,9.366469,9.0636015],"rotation":{"angle":0.0,"axis":"x","origin":[2.3181427,-6.117262,6.029046]},"faces":{"down":{"uv":[11.0,13.125,10.5,13.625],"rotation":0,"texture":"#0","tintindex":0},"east":{"uv":[6.75,12.75,7.25,13.375],"rotation":0,"texture":"#0","tintindex":0},"north":{"uv":[11.625,12.625,12.125,13.25],"rotation":0,"texture":"#0","tintindex":0},"south":{"uv":[12.75,9.0,13.25,9.625],"rotation":0,"texture":"#0","tintindex":0},"up":{"uv":[10.375,13.625,9.875,13.125],"rotation":0,"texture":"#0","tintindex":0},"west":{"uv":[12.75,9.75,13.25,10.375],"rotation":0,"texture":"#0","tintindex":0}}},{"name":"cube","from":[8.171056,10.168018,6.783601],"to":[11.171057,10.168018,9.0636015],"rotation":{"angle":-22.5,"axis":"z","origin":[9.213264,9.473227,7.829046]},"faces":{"down":{"uv":[5.5,12.875,4.875,13.375],"rotation":0,"texture":"#0","tintindex":0},"east":{"uv":[6.75,5.375,7.25,5.375],"rotation":0,"texture":"#0","tintindex":0},"north":{"uv":[6.75,5.25,7.375,5.25],"rotation":0,"texture":"#0","tintindex":0},"south":{"uv":[12.875,8.25,13.5,8.25],"rotation":0,"texture":"#0","tintindex":0},"up":{"uv":[13.375,11.0,12.75,10.5],"rotation":0,"texture":"#0","tintindex":0},"west":{"uv":[7.875,11.0,8.375,11.0],"rotation":0,"texture":"#0","tintindex":0}}},{"name":"cube","from":[7.8815928,5.776189,6.783601],"to":[10.881593,5.776189,9.0636015],"rotation":{"angle":45.0,"axis":"z","origin":[10.227483,6.622079,7.829046]},"faces":{"down":{"uv":[13.5,7.5,12.875,8.0],"rotation":0,"texture":"#0","tintindex":0},"east":{"uv":[7.875,11.125,8.375,11.125],"rotation":0,"texture":"#0","tintindex":0},"north":{"uv":[12.875,8.375,13.5,8.375],"rotation":0,"texture":"#0","tintindex":0},"south":{"uv":[13.0,5.375,13.625,5.375],"rotation":0,"texture":"#0","tintindex":0},"up":{"uv":[13.5,7.375,12.875,6.875],"rotation":0,"texture":"#0","tintindex":0},"west":{"uv":[2.0,12.125,2.5,12.125],"rotation":0,"texture":"#0","tintindex":0}}},{"name":"cube","from":[8.438508,6.4864693,6.2023783],"to":[11.438508,9.366469,6.2023783],"rotation":{"angle":-22.5,"axis":"y","origin":[9.902325,9.122739,6.1150208]},"faces":{"down":{"uv":[14.125,10.75,13.5,10.75],"rotation":0,"texture":"#0","tintindex":0},"east":{"uv":[13.5,13.125,13.5,13.75],"rotation":0,"texture":"#0","tintindex":0},"north":{"uv":[12.25,11.625,12.875,12.25],"rotation":0,"texture":"#0","tintindex":0},"south":{"uv":[12.375,2.5,13.0,3.125],"rotation":0,"texture":"#0","tintindex":0},"up":{"uv":[14.125,10.625,13.5,10.625],"rotation":0,"texture":"#0","tintindex":0},"west":{"uv":[2.75,13.625,2.75,14.25],"rotation":0,"texture":"#0","tintindex":0}}},{"name":"cube","from":[11.168144,7.2013454,5.238611],"to":[21.368141,7.2013454,11.238612],"rotation":{"angle":-22.5,"axis":"x","origin":[16.328144,7.9227386,8.429046]},"faces":{"down":{"uv":[2.125,1.375,0.0,2.625],"rotation":0,"texture":"#0","tintindex":0},"east":{"uv":[13.5,11.0,14.75,11.0],"rotation":0,"texture":"#0","tintindex":0},"north":{"uv":[13.5,10.875,15.625,10.875],"rotation":0,"texture":"#0","tintindex":0},"south":{"uv":[13.625,6.0,15.75,6.0],"rotation":0,"texture":"#0","tintindex":0},"up":{"uv":[2.125,1.25,0.0,0.0],"rotation":0,"texture":"#0","tintindex":0},"west":{"uv":[2.875,13.625,4.125,13.625],"rotation":0,"texture":"#0","tintindex":0}}},{"name":"cube","from":[11.228143,8.833715,5.0141954],"to":[21.428143,8.833715,11.014196],"rotation":{"angle":22.5,"axis":"x","origin":[16.328144,7.622739,7.829046]},"faces":{"down":{"uv":[4.375,1.375,2.25,2.625],"rotation":0,"texture":"#0","tintindex":0},"east":{"uv":[13.625,6.25,14.875,6.25],"rotation":0,"texture":"#0","tintindex":0},"north":{"uv":[13.625,6.125,15.75,6.125],"rotation":0,"texture":"#0","tintindex":0},"south":{"uv":[13.625,6.375,15.75,6.375],"rotation":0,"texture":"#0","tintindex":0},"up":{"uv":[4.375,1.25,2.25,0.0],"rotation":0,"texture":"#0","tintindex":0},"west":{"uv":[13.625,6.5,14.875,6.5],"rotation":0,"texture":"#0","tintindex":0}}},{"name":"cube","from":[11.228143,7.9264693,5.523601],"to":[21.428143,7.9264693,11.523602],"rotation":{"angle":0.0,"axis":"x","origin":[16.328144,7.622739,7.829046]},"faces":{"down":{"uv":[4.375,2.75,2.25,4.0],"rotation":0,"texture":"#0","tintindex":0},"east":{"uv":[13.625,6.75,14.875,6.75],"rotation":0,"texture":"#0","tintindex":0},"north":{"uv":[13.625,6.625,15.75,6.625],"rotation":0,"texture":"#0","tintindex":0},"south":{"uv":[13.625,6.875,15.75,6.875],"rotation":0,"texture":"#0","tintindex":0},"up":{"uv":[2.125,4.0,0.0,2.75],"rotation":0,"texture":"#0","tintindex":0},"west":{"uv":[13.625,7.0,14.875,7.0],"rotation":0,"texture":"#0","tintindex":0}}}],"display":{"head":{"translation":[0.0,-6.4,0.0],"rotation":[0.0,0.0,0.0],"scale":[3.8095,3.8095,3.8095]}}}