{"textures":{"0":"modelengine:entity/nocsy_fpv2_slender"},"elements":[{"name":"cube","from":[7.8568807,6.698225,6.2003794],"to":[11.456881,9.698225,9.20038],"rotation":{"angle":0.0,"axis":"x","origin":[5.45688,-7.101775,6.2003794]},"faces":{"down":{"uv":[11.25,11.875,10.5,12.5],"rotation":0,"texture":"#0","tintindex":0},"east":{"uv":[9.75,3.0,10.375,3.625],"rotation":0,"texture":"#0","tintindex":0},"north":{"uv":[11.875,9.375,12.625,10.0],"rotation":0,"texture":"#0","tintindex":0},"south":{"uv":[9.625,11.875,10.375,12.5],"rotation":0,"texture":"#0","tintindex":0},"up":{"uv":[12.625,10.75,11.875,10.125],"rotation":0,"texture":"#0","tintindex":0},"west":{"uv":[7.5,12.25,8.125,12.875],"rotation":0,"texture":"#0","tintindex":0}}},{"name":"cube","from":[11.426881,7.3582253,6.860379],"to":[14.90688,9.038225,8.54038],"rotation":{"angle":0.0,"axis":"x","origin":[5.45688,-7.101775,6.2003794]},"faces":{"down":{"uv":[13.875,3.75,13.125,4.125],"rotation":0,"texture":"#0","tintindex":0},"east":{"uv":[11.625,13.375,12.0,13.75],"rotation":0,"texture":"#0","tintindex":0},"north":{"uv":[13.125,2.75,13.875,3.125],"rotation":0,"texture":"#0","tintindex":0},"south":{"uv":[13.125,3.25,13.875,3.625],"rotation":0,"texture":"#0","tintindex":0},"up":{"uv":[4.375,13.5,3.625,13.125],"rotation":0,"texture":"#0","tintindex":0},"west":{"uv":[1.5,13.5,1.875,13.875],"rotation":0,"texture":"#0","tintindex":0}}}],"display":{"head":{"translation":[0.0,-6.4,0.0],"rotation":[0.0,0.0,0.0],"scale":[3.8095,3.8095,3.8095]}}}