{"textures":{"0":"modelengine:entity/nocsy_fpv2_slender"},"elements":[{"name":"cube","from":[4.5431194,6.698225,6.2003794],"to":[8.14312,9.698225,9.20038],"rotation":{"angle":0.0,"axis":"x","origin":[10.543119,-7.101775,6.2003794]},"faces":{"down":{"uv":[12.75,7.75,12.0,8.375],"rotation":0,"texture":"#0","tintindex":0},"east":{"uv":[12.375,3.25,13.0,3.875],"rotation":0,"texture":"#0","tintindex":0},"north":{"uv":[11.875,10.875,12.625,11.5],"rotation":0,"texture":"#0","tintindex":0},"south":{"uv":[11.375,11.875,12.125,12.5],"rotation":0,"texture":"#0","tintindex":0},"up":{"uv":[12.75,7.625,12.0,7.0],"rotation":0,"texture":"#0","tintindex":0},"west":{"uv":[12.375,4.0,13.0,4.625],"rotation":0,"texture":"#0","tintindex":0}}},{"name":"cube","from":[1.0931201,7.3582253,6.860379],"to":[4.5731196,9.038225,8.54038],"rotation":{"angle":0.0,"axis":"x","origin":[10.543119,-7.101775,6.2003794]},"faces":{"down":{"uv":[9.75,13.125,9.0,13.5],"rotation":0,"texture":"#0","tintindex":0},"east":{"uv":[4.5,13.5,4.875,13.875],"rotation":0,"texture":"#0","tintindex":0},"north":{"uv":[13.125,4.25,13.875,4.625],"rotation":0,"texture":"#0","tintindex":0},"south":{"uv":[5.625,13.125,6.375,13.5],"rotation":0,"texture":"#0","tintindex":0},"up":{"uv":[8.875,13.5,8.125,13.125],"rotation":0,"texture":"#0","tintindex":0},"west":{"uv":[5.0,13.5,5.375,13.875],"rotation":0,"texture":"#0","tintindex":0}}}],"display":{"head":{"translation":[0.0,-6.4,0.0],"rotation":[0.0,0.0,0.0],"scale":[3.8095,3.8095,3.8095]}}}