{"textures":{"0":"modelengine:entity/nocsy_fpv2_slender"},"elements":[{"name":"cube","from":[3.5658202,6.8599997,7.122489],"to":[8.24582,9.139999,8.802488],"rotation":{"angle":0.0,"axis":"x","origin":[13.61582,-7.3,5.8624887]},"faces":{"down":{"uv":[11.5,12.625,10.5,13.0],"rotation":0,"texture":"#0","tintindex":0},"east":{"uv":[1.0,13.375,1.375,13.875],"rotation":0,"texture":"#0","tintindex":0},"north":{"uv":[2.625,11.875,3.625,12.375],"rotation":0,"texture":"#0","tintindex":0},"south":{"uv":[11.875,4.875,12.875,5.375],"rotation":0,"texture":"#0","tintindex":0},"up":{"uv":[10.375,13.0,9.375,12.625],"rotation":0,"texture":"#0","tintindex":0},"west":{"uv":[13.375,9.0,13.75,9.5],"rotation":0,"texture":"#0","tintindex":0}}},{"name":"cube","from":[-5.4281445,7.9264693,5.523601],"to":[4.7718573,7.9264693,11.523602],"rotation":{"angle":0.0,"axis":"x","origin":[-0.32814288,7.622739,7.829046]},"faces":{"down":{"uv":[4.375,4.125,2.25,5.375],"rotation":0,"texture":"#0","tintindex":0},"east":{"uv":[13.625,7.25,14.875,7.25],"rotation":0,"texture":"#0","tintindex":0},"north":{"uv":[13.625,7.125,15.75,7.125],"rotation":0,"texture":"#0","tintindex":0},"south":{"uv":[7.375,13.625,9.5,13.625],"rotation":0,"texture":"#0","tintindex":0},"up":{"uv":[2.125,5.375,0.0,4.125],"rotation":0,"texture":"#0","tintindex":0},"west":{"uv":[13.625,7.375,14.875,7.375],"rotation":0,"texture":"#0","tintindex":0}}},{"name":"cube","from":[-5.4281445,8.833715,5.0141954],"to":[4.7718573,8.833715,11.014196],"rotation":{"angle":22.5,"axis":"x","origin":[-0.32814288,7.622739,7.829046]},"faces":{"down":{"uv":[6.625,1.375,4.5,2.625],"rotation":0,"texture":"#0","tintindex":0},"east":{"uv":[13.625,7.625,14.875,7.625],"rotation":0,"texture":"#0","tintindex":0},"north":{"uv":[13.625,7.5,15.75,7.5],"rotation":0,"texture":"#0","tintindex":0},"south":{"uv":[13.625,7.75,15.75,7.75],"rotation":0,"texture":"#0","tintindex":0},"up":{"uv":[6.625,1.25,4.5,0.0],"rotation":0,"texture":"#0","tintindex":0},"west":{"uv":[13.625,7.875,14.875,7.875],"rotation":0,"texture":"#0","tintindex":0}}},{"name":"cube","from":[-5.368143,7.2013454,5.238611],"to":[4.8318563,7.2013454,11.238612],"rotation":{"angle":-22.5,"axis":"x","origin":[-0.32814288,7.9227386,8.429046]},"faces":{"down":{"uv":[6.625,4.125,4.5,5.375],"rotation":0,"texture":"#0","tintindex":0},"east":{"uv":[13.625,8.25,14.875,8.25],"rotation":0,"texture":"#0","tintindex":0},"north":{"uv":[13.625,8.0,15.75,8.0],"rotation":0,"texture":"#0","tintindex":0},"south":{"uv":[13.625,8.375,15.75,8.375],"rotation":0,"texture":"#0","tintindex":0},"up":{"uv":[6.625,4.0,4.5,2.75],"rotation":0,"texture":"#0","tintindex":0},"west":{"uv":[13.625,12.375,14.875,12.375],"rotation":0,"texture":"#0","tintindex":0}}},{"name":"cube","from":[4.561492,6.4864693,6.2023783],"to":[7.561492,9.366469,6.2023783],"rotation":{"angle":22.5,"axis":"y","origin":[6.0976763,9.122739,6.1150208]},"faces":{"down":{"uv":[14.25,12.5,13.625,12.5],"rotation":0,"texture":"#0","tintindex":0},"east":{"uv":[4.25,13.625,4.25,14.25],"rotation":0,"texture":"#0","tintindex":0},"north":{"uv":[12.25,12.375,12.875,13.0],"rotation":0,"texture":"#0","tintindex":0},"south":{"uv":[2.0,12.5,2.625,13.125],"rotation":0,"texture":"#0","tintindex":0},"up":{"uv":[6.25,13.625,5.625,13.625],"rotation":0,"texture":"#0","tintindex":0},"west":{"uv":[4.375,13.625,4.375,14.25],"rotation":0,"texture":"#0","tintindex":0}}},{"name":"cube","from":[5.1184072,5.776189,6.783601],"to":[8.118407,5.776189,9.0636015],"rotation":{"angle":-45.0,"axis":"z","origin":[5.772517,6.622079,7.829046]},"faces":{"down":{"uv":[8.0,13.0,7.375,13.5],"rotation":0,"texture":"#0","tintindex":0},"east":{"uv":[2.0,12.25,2.5,12.25],"rotation":0,"texture":"#0","tintindex":0},"north":{"uv":[13.625,12.625,14.25,12.625],"rotation":0,"texture":"#0","tintindex":0},"south":{"uv":[13.625,12.75,14.25,12.75],"rotation":0,"texture":"#0","tintindex":0},"up":{"uv":[13.625,5.25,13.0,4.75],"rotation":0,"texture":"#0","tintindex":0},"west":{"uv":[2.0,12.375,2.5,12.375],"rotation":0,"texture":"#0","tintindex":0}}},{"name":"cube","from":[4.8289437,10.168018,6.783601],"to":[7.828944,10.168018,9.0636015],"rotation":{"angle":22.5,"axis":"z","origin":[6.7867365,9.473227,7.829046]},"faces":{"down":{"uv":[13.625,11.75,13.0,12.25],"rotation":0,"texture":"#0","tintindex":0},"east":{"uv":[12.375,4.75,12.875,4.75],"rotation":0,"texture":"#0","tintindex":0},"north":{"uv":[13.625,12.875,14.25,12.875],"rotation":0,"texture":"#0","tintindex":0},"south":{"uv":[13.625,13.0,14.25,13.0],"rotation":0,"texture":"#0","tintindex":0},"up":{"uv":[13.625,11.625,13.0,11.125],"rotation":0,"texture":"#0","tintindex":0},"west":{"uv":[13.625,13.125,14.125,13.125],"rotation":0,"texture":"#0","tintindex":0}}},{"name":"cube","from":[2.4318576,6.4864693,6.783601],"to":[4.7118573,9.366469,9.0636015],"rotation":{"angle":0.0,"axis":"x","origin":[13.681857,-6.117262,6.029046]},"faces":{"down":{"uv":[13.375,13.125,12.875,13.625],"rotation":0,"texture":"#0","tintindex":0},"east":{"uv":[13.125,0.0,13.625,0.625],"rotation":0,"texture":"#0","tintindex":0},"north":{"uv":[13.0,12.375,13.5,13.0],"rotation":0,"texture":"#0","tintindex":0},"south":{"uv":[13.125,0.75,13.625,1.375],"rotation":0,"texture":"#0","tintindex":0},"up":{"uv":[12.75,13.625,12.25,13.125],"rotation":0,"texture":"#0","tintindex":0},"west":{"uv":[13.125,1.5,13.625,2.125],"rotation":0,"texture":"#0","tintindex":0}}}],"display":{"head":{"translation":[0.0,-6.4,0.0],"rotation":[0.0,0.0,0.0],"scale":[3.8095,3.8095,3.8095]}}}