{"textures":{"0":"modelengine:entity/necromancer","1":"modelengine:entity/eternal_fire_fx"},"elements":[{"name":"cube","from":[5.253846,7.822715,5.1215158],"to":[10.653847,12.022716,10.521517],"rotation":{"angle":0.0,"axis":"x","origin":[7.9538465,9.922715,7.821516]},"faces":{"down":{"uv":[2.5605,3.9395,2.002,4.498],"rotation":0,"texture":"#0","tintindex":0},"east":{"uv":[4.0645,2.877,4.623,3.3105],"rotation":0,"texture":"#0","tintindex":0},"north":{"uv":[4.0645,1.1895,4.623,1.623],"rotation":0,"texture":"#0","tintindex":0},"south":{"uv":[4.127,1.6895,4.6855,2.123],"rotation":0,"texture":"#0","tintindex":0},"up":{"uv":[0.5605,4.248,0.002,3.6895],"rotation":0,"texture":"#0","tintindex":0},"west":{"uv":[4.127,2.1895,4.6855,2.623],"rotation":0,"texture":"#0","tintindex":0}}},{"name":"cube","from":[8.853846,6.0227146,5.1215158],"to":[10.053846,7.822715,6.9215164],"rotation":{"angle":0.0,"axis":"x","origin":[9.453846,6.922715,6.021516]},"faces":{"down":{"uv":[7.373,7.3145,7.252,7.498],"rotation":0,"texture":"#0","tintindex":0},"east":{"uv":[3.8145,7.252,3.998,7.4355],"rotation":0,"texture":"#0","tintindex":0},"north":{"uv":[4.377,7.3145,4.498,7.498],"rotation":0,"texture":"#0","tintindex":0},"south":{"uv":[4.5645,7.3145,4.6855,7.498],"rotation":0,"texture":"#0","tintindex":0},"up":{"uv":[7.1855,7.498,7.0645,7.3145],"rotation":0,"texture":"#0","tintindex":0},"west":{"uv":[7.252,5.502,7.4355,5.6855],"rotation":0,"texture":"#0","tintindex":0}}},{"name":"cube","from":[11.253846,6.0227146,4.521516],"to":[11.253846,13.222715,11.121516],"rotation":{"angle":0.0,"axis":"x","origin":[11.253846,9.622715,7.821516]},"faces":{"down":{"uv":[3.6895,7.627,3.6895,8.3105],"rotation":0,"texture":"#0","tintindex":0},"east":{"uv":[1.9395,0.002,2.623,0.748],"rotation":0,"texture":"#0","tintindex":0},"north":{"uv":[2.9395,7.627,2.9395,8.373],"rotation":0,"texture":"#0","tintindex":0},"south":{"uv":[3.002,7.627,3.002,8.373],"rotation":0,"texture":"#0","tintindex":0},"up":{"uv":[3.0645,8.3105,3.0645,7.627],"rotation":0,"texture":"#0","tintindex":0},"west":{"uv":[2.623,0.002,1.9395,0.748],"rotation":0,"texture":"#0","tintindex":0}}},{"name":"cube","from":[4.6538463,10.822716,4.520916],"to":[11.253846,13.222715,4.520916],"rotation":{"angle":0.0,"axis":"x","origin":[7.9538465,12.022716,4.520916]},"faces":{"down":{"uv":[8.3105,4.1895,7.627,4.1895],"rotation":0,"texture":"#0","tintindex":0},"east":{"uv":[4.0645,1.6895,4.0645,1.9355],"rotation":0,"texture":"#0","tintindex":0},"north":{"uv":[5.1895,2.127,5.873,2.373],"rotation":0,"texture":"#0","tintindex":0},"south":{"uv":[5.873,2.127,5.1895,2.373],"rotation":0,"texture":"#0","tintindex":0},"up":{"uv":[8.3105,4.127,7.627,4.127],"rotation":0,"texture":"#0","tintindex":0},"west":{"uv":[4.627,0.627,4.627,0.873],"rotation":0,"texture":"#0","tintindex":0}}},{"name":"cube","from":[10.053846,8.422715,4.520916],"to":[11.253846,10.822716,4.520916],"rotation":{"angle":0.0,"axis":"x","origin":[10.653847,9.622715,4.520916]},"faces":{"down":{"uv":[3.748,5.127,3.627,5.127],"rotation":0,"texture":"#0","tintindex":0},"east":{"uv":[2.1895,5.1895,2.1895,5.4355],"rotation":0,"texture":"#0","tintindex":0},"north":{"uv":[2.5645,7.3145,2.6855,7.5605],"rotation":0,"texture":"#0","tintindex":0},"south":{"uv":[2.6855,7.3145,2.5645,7.5605],"rotation":0,"texture":"#0","tintindex":0},"up":{"uv":[5.0605,1.502,4.9395,1.502],"rotation":0,"texture":"#0","tintindex":0},"west":{"uv":[2.127,5.8145,2.127,6.0605],"rotation":0,"texture":"#0","tintindex":0}}},{"name":"cube","from":[8.853846,9.172715,5.091516],"to":[9.453846,9.772715,5.091516],"rotation":{"angle":0.0,"axis":"x","origin":[9.153846,9.472715,5.091516]},"faces":{"down":{"uv":[6.748,2.3145,6.6895,2.3145],"rotation":0,"texture":"#0","tintindex":0},"east":{"uv":[4.627,1.0645,4.627,1.123],"rotation":0,"texture":"#0","tintindex":0},"north":{"uv":[7.627,2.0645,7.6855,2.123],"rotation":0,"texture":"#0","tintindex":0},"south":{"uv":[7.627,2.377,7.6855,2.4355],"rotation":0,"texture":"#0","tintindex":0},"up":{"uv":[6.248,6.627,6.1895,6.627],"rotation":0,"texture":"#0","tintindex":0},"west":{"uv":[4.6895,1.5645,4.6895,1.623],"rotation":0,"texture":"#0","tintindex":0}}},{"name":"cube","from":[6.453846,9.172715,5.091516],"to":[7.053846,9.772715,5.091516],"rotation":{"angle":0.0,"axis":"x","origin":[6.753846,9.472715,5.091516]},"faces":{"down":{"uv":[6.6895,2.3145,6.748,2.3145],"rotation":0,"texture":"#0","tintindex":0},"east":{"uv":[4.6895,1.5645,4.6895,1.623],"rotation":0,"texture":"#0","tintindex":0},"north":{"uv":[7.6855,2.0645,7.627,2.123],"rotation":0,"texture":"#0","tintindex":0},"south":{"uv":[7.6855,2.377,7.627,2.4355],"rotation":0,"texture":"#0","tintindex":0},"up":{"uv":[6.1895,6.627,6.248,6.627],"rotation":0,"texture":"#0","tintindex":0},"west":{"uv":[4.627,1.0645,4.627,1.123],"rotation":0,"texture":"#0","tintindex":0}}},{"name":"cube","from":[5.8538456,6.0227146,5.1215158],"to":[8.253846,7.822715,6.9215164],"rotation":{"angle":0.0,"axis":"x","origin":[7.053846,6.922715,6.021516]},"faces":{"down":{"uv":[7.498,0.8145,7.252,0.998],"rotation":0,"texture":"#0","tintindex":0},"east":{"uv":[0.752,7.3145,0.9355,7.498],"rotation":0,"texture":"#0","tintindex":0},"north":{"uv":[2.252,7.1895,2.498,7.373],"rotation":0,"texture":"#0","tintindex":0},"south":{"uv":[7.1895,6.127,7.4355,6.3105],"rotation":0,"texture":"#0","tintindex":0},"up":{"uv":[7.498,0.1855,7.252,0.002],"rotation":0,"texture":"#0","tintindex":0},"west":{"uv":[1.002,7.3145,1.1855,7.498],"rotation":0,"texture":"#0","tintindex":0}}},{"name":"cube","from":[4.6538463,8.422715,4.520916],"to":[5.8538456,10.822716,4.520916],"rotation":{"angle":0.0,"axis":"x","origin":[5.253846,9.622715,4.520916]},"faces":{"down":{"uv":[3.627,5.127,3.748,5.127],"rotation":0,"texture":"#0","tintindex":0},"east":{"uv":[2.127,5.8145,2.127,6.0605],"rotation":0,"texture":"#0","tintindex":0},"north":{"uv":[2.6855,7.3145,2.5645,7.5605],"rotation":0,"texture":"#0","tintindex":0},"south":{"uv":[2.5645,7.3145,2.6855,7.5605],"rotation":0,"texture":"#0","tintindex":0},"up":{"uv":[4.9395,1.502,5.0605,1.502],"rotation":0,"texture":"#0","tintindex":0},"west":{"uv":[2.1895,5.1895,2.1895,5.4355],"rotation":0,"texture":"#0","tintindex":0}}},{"name":"cube","from":[4.6538463,6.0227146,4.521516],"to":[4.6538463,13.222715,11.121516],"rotation":{"angle":0.0,"axis":"x","origin":[4.6538463,9.622715,7.821516]},"faces":{"down":{"uv":[3.6895,7.627,3.6895,8.3105],"rotation":0,"texture":"#0","tintindex":0},"east":{"uv":[1.9395,0.002,2.623,0.748],"rotation":0,"texture":"#0","tintindex":0},"north":{"uv":[2.9395,7.627,2.9395,8.373],"rotation":0,"texture":"#0","tintindex":0},"south":{"uv":[3.002,7.627,3.002,8.373],"rotation":0,"texture":"#0","tintindex":0},"up":{"uv":[3.0645,8.3105,3.0645,7.627],"rotation":0,"texture":"#0","tintindex":0},"west":{"uv":[2.623,0.002,1.9395,0.748],"rotation":0,"texture":"#0","tintindex":0}}},{"name":"cube","from":[4.6538463,6.0227146,11.120916],"to":[11.253846,13.222715,11.120916],"rotation":{"angle":0.0,"axis":"x","origin":[7.9538465,9.622715,11.120916]},"faces":{"down":{"uv":[8.3105,4.0645,7.627,4.0645],"rotation":0,"texture":"#0","tintindex":0},"east":{"uv":[3.752,7.627,3.752,8.373],"rotation":0,"texture":"#0","tintindex":0},"north":{"uv":[1.4355,2.5645,0.752,3.3105],"rotation":0,"texture":"#0","tintindex":0},"south":{"uv":[0.752,2.5645,1.4355,3.3105],"rotation":0,"texture":"#0","tintindex":0},"up":{"uv":[8.3105,4.002,7.627,4.002],"rotation":0,"texture":"#0","tintindex":0},"west":{"uv":[5.9395,7.627,5.9395,8.373],"rotation":0,"texture":"#0","tintindex":0}}},{"name":"cube","from":[4.6538463,13.2221155,4.521516],"to":[11.253846,13.2221155,11.121516],"rotation":{"angle":0.0,"axis":"x","origin":[7.9538465,13.2221155,7.821516]},"faces":{"down":{"uv":[3.248,1.627,2.5645,2.3105],"rotation":0,"texture":"#0","tintindex":0},"east":{"uv":[7.627,1.5645,8.3105,1.5645],"rotation":0,"texture":"#0","tintindex":0},"north":{"uv":[7.627,1.1895,8.3105,1.1895],"rotation":0,"texture":"#0","tintindex":0},