{"textures":{"0":"modelengine:entity/necromancer","1":"modelengine:entity/eternal_fire_fx"},"elements":[{"name":"cube","from":[7.5033865,6.8697605,6.785],"to":[8.103386,8.069761,7.3849998],"rotation":{"angle":-22.5,"axis":"z","origin":[7.8033867,7.469761,7.1]},"faces":{"down":{"uv":[7.5645,3.752,7.623,3.8105],"rotation":0,"texture":"#0","tintindex":0},"east":{"uv":[7.5605,2.6895,7.502,2.8105],"rotation":0,"texture":"#0","tintindex":0},"north":{"uv":[4.623,2.6895,4.5645,2.8105],"rotation":0,"texture":"#0","tintindex":0},"south":{"uv":[5.998,5.1895,5.9395,5.3105],"rotation":0,"texture":"#0","tintindex":0},"up":{"uv":[7.5645,3.6855,7.623,3.627],"rotation":0,"texture":"#0","tintindex":0},"west":{"uv":[4.873,0.3145,4.8145,0.4355],"rotation":0,"texture":"#0","tintindex":0}}},{"name":"cube","from":[7.5033865,6.8697605,8.585],"to":[8.103386,8.069761,9.185],"rotation":{"angle":-22.5,"axis":"z","origin":[7.8033867,7.469761,8.9]},"faces":{"down":{"uv":[7.5645,3.752,7.623,3.8105],"rotation":0,"texture":"#0","tintindex":0},"east":{"uv":[7.5605,2.6895,7.502,2.8105],"rotation":0,"texture":"#0","tintindex":0},"north":{"uv":[4.623,2.6895,4.5645,2.8105],"rotation":0,"texture":"#0","tintindex":0},"south":{"uv":[5.998,5.1895,5.9395,5.3105],"rotation":0,"texture":"#0","tintindex":0},"up":{"uv":[7.5645,3.6855,7.623,3.627],"rotation":0,"texture":"#0","tintindex":0},"west":{"uv":[4.873,0.3145,4.8145,0.4355],"rotation":0,"texture":"#0","tintindex":0}}},{"name":"cube","from":[7.5033865,6.8697605,7.685],"to":[8.103386,8.069761,8.285],"rotation":{"angle":-22.5,"axis":"z","origin":[7.8033867,7.469761,8.0]},"faces":{"down":{"uv":[7.5645,3.752,7.623,3.8105],"rotation":0,"texture":"#0","tintindex":0},"east":{"uv":[7.5605,2.6895,7.502,2.8105],"rotation":0,"texture":"#0","tintindex":0},"north":{"uv":[4.623,2.6895,4.5645,2.8105],"rotation":0,"texture":"#0","tintindex":0},"south":{"uv":[5.998,5.1895,5.9395,5.3105],"rotation":0,"texture":"#0","tintindex":0},"up":{"uv":[7.5645,3.6855,7.623,3.627],"rotation":0,"texture":"#0","tintindex":0},"west":{"uv":[4.873,0.3145,4.8145,0.4355],"rotation":0,"texture":"#0","tintindex":0}}}],"display":{"head":{"translation":[0.0,-6.4,0.0],"rotation":[0.0,0.0,0.0],"scale":[3.8095,3.8095,3.8095]}}}