{"textures":{"0":"modelengine:entity/necromancer","1":"modelengine:entity/eternal_fire_fx"},"elements":[{"name":"cube","from":[6.8280525,2.8726313,6.9730597],"to":[9.228052,8.272632,9.37306],"rotation":{"angle":0.0,"axis":"x","origin":[8.028052,5.5726314,8.173059]},"faces":{"down":{"uv":[6.9395,0.002,7.1855,0.248],"rotation":0,"texture":"#0","tintindex":0},"east":{"uv":[3.748,5.8145,3.502,6.373],"rotation":0,"texture":"#0","tintindex":0},"north":{"uv":[2.4355,5.627,2.1895,6.1855],"rotation":0,"texture":"#0","tintindex":0},"south":{"uv":[2.0605,5.8145,1.8145,6.373],"rotation":0,"texture":"#0","tintindex":0},"up":{"uv":[6.8145,5.0605,7.0605,4.8145],"rotation":0,"texture":"#0","tintindex":0},"west":{"uv":[5.998,5.377,5.752,5.9355],"rotation":0,"texture":"#0","tintindex":0}}},{"name":"cube","from":[6.228052,2.8726313,9.973061],"to":[8.628052,6.4726315,9.973061],"rotation":{"angle":0.0,"axis":"x","origin":[7.4280524,4.6726313,9.973061]},"faces":{"down":{"uv":[6.502,0.8145,6.748,0.8145],"rotation":0,"texture":"#0","tintindex":0},"east":{"uv":[2.502,7.6895,2.502,8.0605],"rotation":0,"texture":"#0","tintindex":0},"north":{"uv":[4.9395,6.627,5.1855,6.998],"rotation":0,"texture":"#0","tintindex":0},"south":{"uv":[5.1855,6.627,4.9395,6.998],"rotation":0,"texture":"#0","tintindex":0},"up":{"uv":[6.377,1.502,6.623,1.502],"rotation":0,"texture":"#0","tintindex":0},"west":{"uv":[7.6895,0.5645,7.6895,0.9355],"rotation":0,"texture":"#0","tintindex":0}}},{"name":"cube","from":[6.228052,2.8726313,6.3730597],"to":[6.228052,6.4726315,9.973061],"rotation":{"angle":0.0,"axis":"x","origin":[6.228052,4.6726313,8.173059]},"faces":{"down":{"uv":[3.1895,7.6895,3.1895,8.0605],"rotation":0,"texture":"#0","tintindex":0},"east":{"uv":[5.8145,3.502,6.1855,3.873],"rotation":0,"texture":"#0","tintindex":0},"north":{"uv":[7.6895,2.502,7.6895,2.873],"rotation":0,"texture":"#0","tintindex":0},"south":{"uv":[7.6895,2.9395,7.6895,3.3105],"rotation":0,"texture":"#0","tintindex":0},"up":{"uv":[3.127,8.0605,3.127,7.6895],"rotation":0,"texture":"#0","tintindex":0},"west":{"uv":[6.1855,3.502,5.8145,3.873],"rotation":0,"texture":"#0","tintindex":0}}},{"name":"cube","from":[6.228052,2.8726313,6.3730597],"to":[8.628052,6.4726315,6.3730597],"rotation":{"angle":0.0,"axis":"x","origin":[7.4280524,4.6726313,6.3730597]},"faces":{"down":{"uv":[7.627,6.252,7.873,6.252],"rotation":0,"texture":"#0","tintindex":0},"east":{"uv":[3.3145,7.6895,3.3145,8.0605],"rotation":0,"texture":"#0","tintindex":0},"north":{"uv":[5.498,6.627,5.252,6.998],"rotation":0,"texture":"#0","tintindex":0},"south":{"uv":[5.252,6.627,5.498,6.998],"rotation":0,"texture":"#0","tintindex":0},"up":{"uv":[6.5645,0.377,6.8105,0.377],"rotation":0,"texture":"#0","tintindex":0},"west":{"uv":[3.252,7.6895,3.252,8.0605],"rotation":0,"texture":"#0","tintindex":0}}},{"name":"cube","from":[4.703824,4.015022,6.3730597],"to":[6.503824,4.015022,9.973061],"rotation":{"angle":45.0,"axis":"z","origin":[5.6038237,4.015022,8.173059]},"faces":{"down":{"uv":[4.0605,7.1855,3.877,6.8145],"rotation":0,"texture":"#0","tintindex":0},"east":{"uv":[3.5645,8.0605,3.5645,7.6895],"rotation":270,"texture":"#0","tintindex":0},"north":{"uv":[6.127,0.877,6.3105,0.877],"rotation":180,"texture":"#0","tintindex":0},"south":{"uv":[6.127,2.377,6.3105,2.377],"rotation":0,"texture":"#0","tintindex":0},"up":{"uv":[4.0605,6.8145,3.877,7.1855],"rotation":0,"texture":"#0","tintindex":0},"west":{"uv":[3.502,8.0605,3.502,7.6895],"rotation":90,"texture":"#0","tintindex":0}}}],"display":{"head":{"translation":[0.0,-6.4,0.0],"rotation":[0.0,0.0,0.0],"scale":[3.8095,3.8095,3.8095]}}}