{"textures":{"0":"modelengine:entity/necromancer","1":"modelengine:entity/eternal_fire_fx"},"elements":[{"name":"cube","from":[4.6274495,2.8925085,5.977004],"to":[7.6274495,8.292509,9.577005],"rotation":{"angle":-22.5,"axis":"z","origin":[6.1274495,5.5925083,7.7770042]},"faces":{"down":{"uv":[6.252,4.127,6.5605,4.498],"rotation":0,"texture":"#0","tintindex":0},"east":{"uv":[2.1855,4.5645,1.8145,5.123],"rotation":0,"texture":"#0","tintindex":0},"north":{"uv":[5.498,1.502,5.1895,2.0605],"rotation":0,"texture":"#0","tintindex":0},"south":{"uv":[2.123,5.1895,1.8145,5.748],"rotation":0,"texture":"#0","tintindex":0},"up":{"uv":[2.127,6.623,2.4355,6.252],"rotation":0,"texture":"#0","tintindex":0},"west":{"uv":[1.748,4.377,1.377,4.9355],"rotation":0,"texture":"#0","tintindex":0}}},{"name":"cube","from":[5.43548,7.357934,7.7291346],"to":[7.235481,10.957933,10.129135],"rotation":{"angle":22.5,"axis":"x","origin":[6.33548,9.157934,8.929134]},"faces":{"down":{"uv":[4.752,7.0645,4.9355,7.3105],"rotation":0,"texture":"#0","tintindex":0},"east":{"uv":[4.248,5.1895,4.002,5.5605],"rotation":0,"texture":"#0","tintindex":0},"north":{"uv":[3.8105,4.6895,3.627,5.0605],"rotation":0,"texture":"#0","tintindex":0},"south":{"uv":[5.373,3.6895,5.1895,4.0605],"rotation":0,"texture":"#0","tintindex":0},"up":{"uv":[5.752,2.998,5.9355,2.752],"rotation":0,"texture":"#0","tintindex":0},"west":{"uv":[0.998,2.127,0.752,2.498],"rotation":0,"texture":"#0","tintindex":0}}},{"name":"cube","from":[4.5317173,4.827635,5.3770046],"to":[4.5317173,9.627636,10.177006],"rotation":{"angle":-22.5,"axis":"z","origin":[4.5317173,7.227636,7.7770042]},"faces":{"down":{"uv":[2.1895,7.6895,2.1895,8.1855],"rotation":0,"texture":"#0","tintindex":0},"east":{"uv":[3.502,2.877,3.998,3.373],"rotation":0,"texture":"#0","tintindex":0},"north":{"uv":[6.002,7.627,6.002,8.123],"rotation":0,"texture":"#0","tintindex":0},"south":{"uv":[7.627,7.5645,7.627,8.0605],"rotation":0,"texture":"#0","tintindex":0},"up":{"uv":[7.6895,0.498,7.6895,0.002],"rotation":0,"texture":"#0","tintindex":0},"west":{"uv":[3.998,2.877,3.502,3.373],"rotation":0,"texture":"#0","tintindex":0}}},{"name":"cube","from":[4.3947005,4.1388044,5.3770046],"to":[7.994701,8.938805,5.3770046],"rotation":{"angle":-22.5,"axis":"z","origin":[6.1947007,6.5388045,5.3770046]},"faces":{"down":{"uv":[7.627,4.627,7.998,4.627],"rotation":0,"texture":"#0","tintindex":0},"east":{"uv":[2.3145,7.6895,2.3145,8.1855],"rotation":0,"texture":"#0","tintindex":0},"north":{"uv":[5.0605,2.6895,4.6895,3.1855],"rotation":0,"texture":"#0","tintindex":0},"south":{"uv":[4.6895,2.6895,5.0605,3.1855],"rotation":0,"texture":"#0","tintindex":0},"up":{"uv":[7.627,4.5645,7.998,4.5645],"rotation":0,"texture":"#0","tintindex":0},"west":{"uv":[2.252,7.6895,2.252,8.1855],"rotation":0,"texture":"#0","tintindex":0}}},{"name":"cube","from":[4.3947005,4.1388044,10.177006],"to":[7.994701,8.938805,10.177006],"rotation":{"angle":-22.5,"axis":"z","origin":[6.1947007,6.5388045,10.177006]},"faces":{"down":{"uv":[7.627,5.502,7.998,5.502],"rotation":0,"texture":"#0","tintindex":0},"east":{"uv":[2.4395,7.6895,2.4395,8.1855],"rotation":0,"texture":"#0","tintindex":0},"north":{"uv":[4.752,1.5645,5.123,2.0605],"rotation":0,"texture":"#0","tintindex":0},"south":{"uv":[5.123,1.5645,4.752,2.0605],"rotation":0,"texture":"#0","tintindex":0},"up":{"uv":[7.627,5.4395,7.998,5.4395],"rotation":0,"texture":"#0","tintindex":0},"west":{"uv":[2.377,7.6895,2.377,8.1855],"rotation":0,"texture":"#0","tintindex":0}}},{"name":"cube","from":[5.312911,8.755562,5.3770046],"to":[8.912911,8.755562,10.177006],"rotation":{"angle":-22.5,"axis":"z","origin":[7.112911,8.755562,7.7770042]},"faces":{"down":{"uv":[4.752,2.127,5.123,2.623],"rotation":0,"texture":"#0","tintindex":0},"east":{"uv":[8.123,6.1895,7.627,6.1895],"rotation":0,"texture":"#0","tintindex":0},"north":{"uv":[7.998,5.5645,7.627,5.5645],"rotation":0,"texture":"#0","tintindex":0},"south":{"uv":[7.998,6.127,7.627,6.127],"rotation":0,"texture":"#0","tintindex":0},"up":{"uv":[4.752,2.623,5.123,2.127],"rotation":0,"texture":"#0","tintindex":0},"west":{"uv":[8.123,5.627,7.627,5.627],"rotation":0,"texture":"#0","tintindex":0}}},{"name":"cube","from":[4.603989,10.339483,8.806795],"to":[6.403989,13.939484,10.606794],"rotation":{"angle":22.5,"axis":"z","origin":[5.503989,12.139483,9.706795]},"faces":{"down":{"uv":[0.002,7.3145,0.1855,7.498],"rotation":0,"texture":"#0","tintindex":0},"east":{"uv":[1.873,6.8145,1.6895,7.1855],"rotation":0,"texture":"#0","tintindex":0},"north":{"uv":[0.5605,5.377,0.377,5.748],"rotation":0,"texture":"#0","tintindex":0},"south":{"uv":[0.5605,6.627,0.377,6.998],"rotation":0,"texture":"#0","tintindex":0},"up":{"uv":[6.8145,7.4355,6.998,7.252],"rotation":0,"texture":"#0","tintindex":0},"west":{"uv":[3.4355,5.877,3.252,6.248],"rotation":0,"texture":"#0","tintindex":0}}},{"name":"cube","from":[1.831093,13.289416,9.106794],"to":[5.431093,14.489416,10.306795],"rotation":{"angle":-22.5,"axis":"z","origin":[3.631093,13.889416,9.706795]},"faces":{"down":{"uv":[7.0645,2.5645,7.4355,2.6855],"rotation":0,"texture":"#0","tintindex":0},"east":{"uv":[7.498,6.377,7.377,6.498],"rotation":0,"texture":"#0","tintindex":0},"north":{"uv":[2.9355,2.377,2.5645,2.498],"rotation":0,"texture":"#0","tintindex":0},"south":{"uv":[4.498,2.6895,4.127,2.8105],"rotation":0,"texture":"#0","tintindex":0},"up":{"uv":[6.9395,5.873,7.3105,5.752],"rotation":0,"texture":"#0","tintindex":0},"west":{"uv":[7.498,5.752,7.377,5.873],"rotation":0,"texture":"#0","tintindex":0}}}],"display":{"head":{"translation":[0.0,-6.4,0.0],"rotation":[0.0,0.0,0.0],"scale":[3.8095,3.8095,3.8095]}}}