{"textures":{"0":"modelengine:entity/necromancer","1":"modelengine:entity/eternal_fire_fx"},"elements":[{"name":"cube","from":[8.372551,2.8925085,5.977004],"to":[11.372551,8.292509,9.577005],"rotation":{"angle":22.5,"axis":"z","origin":[9.872551,5.5925083,7.7770042]},"faces":{"down":{"uv":[6.5605,4.127,6.252,4.498],"rotation":0,"texture":"#0","tintindex":0},"east":{"uv":[1.377,4.377,1.748,4.9355],"rotation":0,"texture":"#0","tintindex":0},"north":{"uv":[5.1895,1.502,5.498,2.0605],"rotation":0,"texture":"#0","tintindex":0},"south":{"uv":[1.8145,5.1895,2.123,5.748],"rotation":0,"texture":"#0","tintindex":0},"up":{"uv":[2.4355,6.623,2.127,6.252],"rotation":0,"texture":"#0","tintindex":0},"west":{"uv":[1.8145,4.5645,2.1855,5.123],"rotation":0,"texture":"#0","tintindex":0}}},{"name":"cube","from":[8.764519,7.357934,7.7291346],"to":[10.56452,10.957933,10.129135],"rotation":{"angle":22.5,"axis":"x","origin":[9.66452,9.157934,8.929134]},"faces":{"down":{"uv":[4.9355,7.0645,4.752,7.3105],"rotation":0,"texture":"#0","tintindex":0},"east":{"uv":[0.752,2.127,0.998,2.498],"rotation":0,"texture":"#0","tintindex":0},"north":{"uv":[3.627,4.6895,3.8105,5.0605],"rotation":0,"texture":"#0","tintindex":0},"south":{"uv":[5.1895,3.6895,5.373,4.0605],"rotation":0,"texture":"#0","tintindex":0},"up":{"uv":[5.9355,2.998,5.752,2.752],"rotation":0,"texture":"#0","tintindex":0},"west":{"uv":[4.002,5.1895,4.248,5.5605],"rotation":0,"texture":"#0","tintindex":0}}},{"name":"cube","from":[11.468283,4.827635,5.3770046],"to":[11.468283,9.627636,10.177006],"rotation":{"angle":22.5,"axis":"z","origin":[11.468283,7.227636,7.7770042]},"faces":{"down":{"uv":[2.1895,7.6895,2.1895,8.1855],"rotation":0,"texture":"#0","tintindex":0},"east":{"uv":[3.502,2.877,3.998,3.373],"rotation":0,"texture":"#0","tintindex":0},"north":{"uv":[6.002,7.627,6.002,8.123],"rotation":0,"texture":"#0","tintindex":0},"south":{"uv":[7.627,7.5645,7.627,8.0605],"rotation":0,"texture":"#0","tintindex":0},"up":{"uv":[7.6895,0.498,7.6895,0.002],"rotation":0,"texture":"#0","tintindex":0},"west":{"uv":[3.998,2.877,3.502,3.373],"rotation":0,"texture":"#0","tintindex":0}}},{"name":"cube","from":[8.005299,4.1388044,5.3770046],"to":[11.605299,8.938805,5.3770046],"rotation":{"angle":22.5,"axis":"z","origin":[9.8053,6.5388045,5.3770046]},"faces":{"down":{"uv":[7.998,4.627,7.627,4.627],"rotation":0,"texture":"#0","tintindex":0},"east":{"uv":[2.252,7.6895,2.252,8.1855],"rotation":0,"texture":"#0","tintindex":0},"north":{"uv":[4.6895,2.6895,5.0605,3.1855],"rotation":0,"texture":"#0","tintindex":0},"south":{"uv":[5.0605,2.6895,4.6895,3.1855],"rotation":0,"texture":"#0","tintindex":0},"up":{"uv":[7.998,4.5645,7.627,4.5645],"rotation":0,"texture":"#0","tintindex":0},"west":{"uv":[2.3145,7.6895,2.3145,8.1855],"rotation":0,"texture":"#0","tintindex":0}}},{"name":"cube","from":[8.005299,4.1388044,10.177006],"to":[11.605299,8.938805,10.177006],"rotation":{"angle":22.5,"axis":"z","origin":[9.8053,6.5388045,10.177006]},"faces":{"down":{"uv":[7.998,5.502,7.627,5.502],"rotation":0,"texture":"#0","tintindex":0},"east":{"uv":[2.377,7.6895,2.377,8.1855],"rotation":0,"texture":"#0","tintindex":0},"north":{"uv":[5.123,1.5645,4.752,2.0605],"rotation":0,"texture":"#0","tintindex":0},"south":{"uv":[4.752,1.5645,5.123,2.0605],"rotation":0,"texture":"#0","tintindex":0},"up":{"uv":[7.998,5.4395,7.627,5.4395],"rotation":0,"texture":"#0","tintindex":0},"west":{"uv":[2.4395,7.6895,2.4395,8.1855],"rotation":0,"texture":"#0","tintindex":0}}},{"name":"cube","from":[7.0870886,8.755562,5.3770046],"to":[10.687089,8.755562,10.177006],"rotation":{"angle":22.5,"axis":"z","origin":[8.887089,8.755562,7.7770042]},"faces":{"down":{"uv":[5.123,2.127,4.752,2.623],"rotation":0,"texture":"#0","tintindex":0},"east":{"uv":[7.627,5.627,8.123,5.627],"rotation":0,"texture":"#0","tintindex":0},"north":{"uv":[7.627,5.5645,7.998,5.5645],"rotation":0,"texture":"#0","tintindex":0},"south":{"uv":[7.627,6.127,7.998,6.127],"rotation":0,"texture":"#0","tintindex":0},"up":{"uv":[5.123,2.623,4.752,2.127],"rotation":0,"texture":"#0","tintindex":0},"west":{"uv":[7.627,6.1895,8.123,6.1895],"rotation":0,"texture":"#0","tintindex":0}}},{"name":"cube","from":[9.59601,10.339483,8.806795],"to":[11.396011,13.939484,10.606794],"rotation":{"angle":-22.5,"axis":"z","origin":[10.496011,12.139483,9.706795]},"faces":{"down":{"uv":[0.1855,7.3145,0.002,7.498],"rotation":0,"texture":"#0","tintindex":0},"east":{"uv":[3.252,5.877,3.4355,6.248],"rotation":0,"texture":"#0","tintindex":0},"north":{"uv":[0.377,5.377,0.5605,5.748],"rotation":0,"texture":"#0","tintindex":0},"south":{"uv":[0.377,6.627,0.5605,6.998],"rotation":0,"texture":"#0","tintindex":0},"up":{"uv":[6.998,7.4355,6.8145,7.252],"rotation":0,"texture":"#0","tintindex":0},"west":{"uv":[1.6895,6.8145,1.873,7.1855],"rotation":0,"texture":"#0","tintindex":0}}},{"name":"cube","from":[10.568907,13.289416,9.106794],"to":[14.168907,14.489416,10.306795],"rotation":{"angle":22.5,"axis":"z","origin":[12.368907,13.889416,9.706795]},"faces":{"down":{"uv":[7.4355,2.5645,7.0645,2.6855],"rotation":0,"texture":"#0","tintindex":0},"east":{"uv":[7.377,5.752,7.498,5.873],"rotation":0,"texture":"#0","tintindex":0},"north":{"uv":[2.5645,2.377,2.9355,2.498],"rotation":0,"texture":"#0","tintindex":0},"south":{"uv":[4.127,2.6895,4.498,2.8105],"rotation":0,"texture":"#0","tintindex":0},"up":{"uv":[7.3105,5.873,6.9395,5.752],"rotation":0,"texture":"#0","tintindex":0},"west":{"uv":[7.377,6.377,7.498,6.498],"rotation":0,"texture":"#0","tintindex":0}}}],"display":{"head":{"translation":[0.0,-6.4,0.0],"rotation":[0.0,0.0,0.0],"scale":[3.8095,3.8095,3.8095]}}}