{"textures":{"0":"modelengine:entity/necromancer","1":"modelengine:entity/eternal_fire_fx"},"elements":[{"name":"cube","from":[7.4,-7.1853733,7.52],"to":[8.6,16.214628,8.719999],"rotation":{"angle":0.0,"axis":"x","origin":[8.0,4.5146275,8.12]},"faces":{"down":{"uv":[5.498,0.9395,5.377,1.0605],"rotation":0,"texture":"#0","tintindex":0},"east":{"uv":[0.8145,4.002,0.9355,6.4355],"rotation":0,"texture":"#0","tintindex":0},"north":{"uv":[0.627,4.002,0.748,6.4355],"rotation":0,"texture":"#0","tintindex":0},"south":{"uv":[1.002,4.002,1.123,6.4355],"rotation":0,"texture":"#0","tintindex":0},"up":{"uv":[1.9355,4.498,1.8145,4.377],"rotation":0,"texture":"#0","tintindex":0},"west":{"uv":[1.1895,4.002,1.3105,6.4355],"rotation":0,"texture":"#0","tintindex":0}}},{"name":"cube","from":[4.2908115,18.89072,7.52],"to":[7.290812,20.090721,8.719999],"rotation":{"angle":-45.0,"axis":"z","origin":[5.7908115,19.490723,8.12]},"faces":{"down":{"uv":[7.5605,4.127,7.252,4.248],"rotation":0,"texture":"#0","tintindex":0},"east":{"uv":[6.8145,1.0645,6.9355,1.1855],"rotation":0,"texture":"#0","tintindex":0},"north":{"uv":[5.752,0.4395,6.0605,0.5605],"rotation":0,"texture":"#0","tintindex":0},"south":{"uv":[6.3145,3.1895,6.623,3.3105],"rotation":0,"texture":"#0","tintindex":0},"up":{"uv":[7.5605,4.0605,7.252,3.9395],"rotation":0,"texture":"#0","tintindex":0},"west":{"uv":[3.127,7.377,3.248,7.498],"rotation":0,"texture":"#0","tintindex":0}}},{"name":"cube","from":[6.8,14.414628,6.3199997],"to":[9.2,16.214628,7.52],"rotation":{"angle":0.0,"axis":"x","origin":[8.0,15.314628,6.92]},"faces":{"down":{"uv":[1.498,7.3145,1.252,7.4355],"rotation":0,"texture":"#0","tintindex":0},"east":{"uv":[3.3145,2.127,3.4355,2.3105],"rotation":0,"texture":"#0","tintindex":0},"north":{"uv":[0.3145,7.0645,0.5605,7.248],"rotation":0,"texture":"#0","tintindex":0},"south":{"uv":[1.377,7.0645,1.623,7.248],"rotation":0,"texture":"#0","tintindex":0},"up":{"uv":[7.5605,1.1855,7.3145,1.0645],"rotation":0,"texture":"#0","tintindex":0},"west":{"uv":[3.8145,5.8145,3.9355,5.998],"rotation":0,"texture":"#0","tintindex":0}}},{"name":"cube","from":[5.8999996,-11.385372,8.12],"to":[10.1,-1.7853727,8.12],"rotation":{"angle":0.0,"axis":"x","origin":[8.0,-6.585373,8.12]},"faces":{"down":{"uv":[6.623,2.0645,6.1895,2.0645],"rotation":0,"texture":"#0","tintindex":0},"east":{"uv":[1.627,7.5645,1.627,8.5605],"rotation":0,"texture":"#0","tintindex":0},"north":{"uv":[3.002,2.377,3.4355,3.373],"rotation":0,"texture":"#0","tintindex":0},"south":{"uv":[3.4355,2.377,3.002,3.373],"rotation":0,"texture":"#0","tintindex":0},"up":{"uv":[4.498,3.377,4.0645,3.377],"rotation":0,"texture":"#0","tintindex":0},"west":{"uv":[3.627,7.5645,3.627,8.5605],"rotation":0,"texture":"#0","tintindex":0}}},{"name":"cube","from":[6.2,16.214628,6.3199997],"to":[9.8,19.814629,9.92],"rotation":{"angle":0.0,"axis":"x","origin":[8.0,18.014627,8.12]},"faces":{"down":{"uv":[6.123,0.002,5.752,0.373],"rotation":0,"texture":"#0","tintindex":0},"east":{"uv":[1.377,5.5645,1.748,5.9355],"rotation":0,"texture":"#0","tintindex":0},"north":{"uv":[4.5645,5.4395,4.9355,5.8105],"rotation":0,"texture":"#0","tintindex":0},"south":{"uv":[5.5645,1.377,5.9355,1.748],"rotation":0,"texture":"#0","tintindex":0},"up":{"uv":[4.373,5.998,4.002,5.627],"rotation":0,"texture":"#0","tintindex":0},"west":{"uv":[5.5645,3.0645,5.9355,3.4355],"rotation":0,"texture":"#0","tintindex":0}}},{"name":"cube","from":[5.116762,20.165394,7.8199997],"to":[5.7167625,22.565395,8.42],"rotation":{"angle":-22.5,"axis":"z","origin":[5.4167624,21.365395,8.12]},"faces":{"down":{"uv":[3.248,1.502,3.1895,1.5605],"rotation":0,"texture":"#0","tintindex":0},"east":{"uv":[1.377,4.002,1.4355,4.248],"rotation":0,"texture":"#0","tintindex":0},"north":{"uv":[0.627,3.6895,0.6855,3.9355],"rotation":0,"texture":"#0","tintindex":0},"south":{"uv":[3.877,4.1895,3.9355,4.4355],"rotation":0,"texture":"#0","tintindex":0},"up":{"uv":[2.498,1.6855,2.4395,1.627],"rotation":0,"texture":"#0","tintindex":0},"west":{"uv":[4.8145,0.002,4.873,0.248],"rotation":0,"texture":"#0","tintindex":0}}},{"name":"cube","from":[10.283237,20.165394,7.8199997],"to":[10.883238,22.565395,8.42],"rotation":{"angle":22.5,"axis":"z","origin":[10.583238,21.365395,8.12]},"faces":{"down":{"uv":[2.5605,4.5645,2.502,4.623],"rotation":0,"texture":"#0","tintindex":0},"east":{"uv":[1.6895,6.002,1.748,6.248],"rotation":0,"texture":"#0","tintindex":0},"north":{"uv":[3.502,5.252,3.5605,5.498],"rotation":0,"texture":"#0","tintindex":0},"south":{"uv":[4.3145,6.0645,4.373,6.3105],"rotation":0,"texture":"#0","tintindex":0},"up":{"uv":[3.998,1.4355,3.9395,1.377],"rotation":0,"texture":"#0","tintindex":0},"west":{"uv":[1.9395,6.8145,1.998,7.0605],"rotation":0,"texture":"#0","tintindex":0}}},{"name":"cube","from":[8.709188,18.89072,7.52],"to":[11.709188,20.090721,8.719999],"rotation":{"angle":45.0,"axis":"z","origin":[10.209188,19.490723,8.12]},"faces":{"down":{"uv":[7.5605,5.3145,7.252,5.4355],"rotation":0,"texture":"#0","tintindex":0},"east":{"uv":[3.3145,7.377,3.4355,7.498],"rotation":0,"texture":"#0","tintindex":0},"north":{"uv":[7.252,4.3145,7.5605,4.4355],"rotation":0,"texture":"#0","tintindex":0},"south":{"uv":[7.252,4.502,7.5605,4.623],"rotation":0,"texture":"#0","tintindex":0},"up":{"uv":[7.5605,5.248,7.252,5.127],"rotation":0,"texture":"#0","tintindex":0},"west":{"uv":[3.502,7.377,3.623,7.498],"rotation":0,"texture":"#0","tintindex":0}}},{"name":"cube","from":[3.1999998,15.014627,8.12],"to":[12.8,24.614628,8.12],"rotation":{"angle":0.0,"axis":"x","origin":[8.0,18.614628,8.12]},"faces":{"down":{"uv":[0.002,14.5645,1.998,15.5605],"rotation":0,"texture":"#1","tintindex":0},"east":{"uv":[0.002,14.5645,1.998,15.5605],"rotation":0,"texture":"#1","tintindex":0},"north":{"uv":[15.998,0.002,0.002,15.998],"rotation":0,"texture":"#1","tintindex":0},"south":{"uv":[0.002,0.002,15.998,15.998],"rotation":0,"texture":"#1","tintindex":0},"up":{"uv":[0.002,14.5645,1.998,15.5605],"rotation":0,"texture":"#1","tintindex":0},"west":{"uv":[0.002,14.5645,1.998,15.5605],"rotation":0,"texture":"#1","tintindex":0}}},{"name":"cube","from":[7.1,2.4146273,7.22],"to":[8.9,12.014627,9.02],"rotation":{"angle":0.0,"axis":"x","origin":[8.0,7.2146273,8.12]},"faces":{"down":{"uv":[1.873,7.252,1.6895,7.4355],"rotation":0,"texture":"#0","tintindex":0},"east":{"uv":[4.3145,4.5645,4.498,5.5605],"rotation":0,"texture":"#0","tintindex":0},"north":{"uv":[2.252,4.5645,2.4355,5.5605],"rotation":0,"texture":"#0","tintindex":0},"south":{"uv":[4.6895,0.502,4.873,1.498],"rotation":0,"texture":"#0","tintindex":0},"up":{"uv":[6.748,7.3105,6.5645,7.127],"rotation":0,"texture":"#0","tintindex":0},"west":{"uv":[2.502,4.6895,2.6855,5.6855],"rotation":0,"texture":"#0","tintindex":0}}}],"display":{"head":{"translation":[0.0,-6.4,0.0],"rotation":[0.0,0.0,0.0],"scale":[3.8095,3.8095,3.8095]}}}