{"textures":{"0":"modelengine:entity/necromancer","1":"modelengine:entity/eternal_fire_fx"},"elements":[{"name":"cube","from":[5.2437496,11.263271,7.8125],"to":[10.64375,14.863272,10.2125],"rotation":{"angle":0.0,"axis":"x","origin":[7.94375,13.0632715,9.0125]},"faces":{"down":{"uv":[6.3105,2.4395,5.752,2.6855],"rotation":0,"texture":"#0","tintindex":0},"east":{"uv":[1.377,6.627,1.623,6.998],"rotation":0,"texture":"#0","tintindex":0},"north":{"uv":[4.5645,3.377,5.123,3.748],"rotation":0,"texture":"#0","tintindex":0},"south":{"uv":[4.5645,3.8145,5.123,4.1855],"rotation":0,"texture":"#0","tintindex":0},"up":{"uv":[6.123,2.0605,5.5645,1.8145],"rotation":0,"texture":"#0","tintindex":0},"west":{"uv":[6.627,4.127,6.873,4.498],"rotation":0,"texture":"#0","tintindex":0}}},{"name":"cube","from":[7.34375,11.263271,6.3125],"to":[8.54375,14.863272,7.5125],"rotation":{"angle":0.0,"axis":"x","origin":[7.94375,13.0632715,6.9125]},"faces":{"down":{"uv":[4.873,7.377,4.752,7.498],"rotation":0,"texture":"#0","tintindex":0},"east":{"uv":[5.002,7.0645,5.123,7.4355],"rotation":0,"texture":"#0","tintindex":0},"north":{"uv":[0.4395,4.8145,0.5605,5.1855],"rotation":0,"texture":"#0","tintindex":0},"south":{"uv":[5.1895,7.0645,5.3105,7.4355],"rotation":0,"texture":"#0","tintindex":0},"up":{"uv":[7.498,3.748,7.377,3.627],"rotation":0,"texture":"#0","tintindex":0},"west":{"uv":[5.377,7.0645,5.498,7.4355],"rotation":0,"texture":"#0","tintindex":0}}},{"name":"cube","from":[5.54375,13.963271,6.6125],"to":[7.34375,14.5632715,7.2125],"rotation":{"angle":0.0,"axis":"x","origin":[6.44375,14.263271,6.9125]},"faces":{"down":{"uv":[3.123,1.502,2.9395,1.5605],"rotation":0,"texture":"#0","tintindex":0},"east":{"uv":[5.8145,4.8145,5.873,4.873],"rotation":0,"texture":"#0","tintindex":0},"north":{"uv":[1.9395,1.627,2.123,1.6855],"rotation":0,"texture":"#0","tintindex":0},"south":{"uv":[2.1895,1.627,2.373,1.6855],"rotation":0,"texture":"#0","tintindex":0},"up":{"uv":[2.873,1.5605,2.6895,1.502],"rotation":0,"texture":"#0","tintindex":0},"west":{"uv":[1.6895,6.3145,1.748,6.373],"rotation":0,"texture":"#0","tintindex":0}}},{"name":"cube","from":[5.54375,12.763271,6.6125],"to":[7.34375,13.363272,7.2125],"rotation":{"angle":0.0,"axis":"x","origin":[6.44375,13.0632715,6.9125]},"faces":{"down":{"uv":[4.373,0.502,4.1895,0.5605],"rotation":0,"texture":"#0","tintindex":0},"east":{"uv":[4.3145,6.377,4.373,6.4355],"rotation":0,"texture":"#0","tintindex":0},"north":{"uv":[2.752,3.3145,2.9355,3.373],"rotation":0,"texture":"#0","tintindex":0},"south":{"uv":[3.4395,1.377,3.623,1.4355],"rotation":0,"texture":"#0","tintindex":0},"up":{"uv":[3.873,1.4355,3.6895,1.377],"rotation":0,"texture":"#0","tintindex":0},"west":{"uv":[4.627,6.502,4.6855,6.5605],"rotation":0,"texture":"#0","tintindex":0}}},{"name":"cube","from":[8.54375,13.963271,6.6125],"to":[10.34375,14.5632715,7.2125],"rotation":{"angle":0.0,"axis":"x","origin":[9.44375,14.263271,6.9125]},"faces":{"down":{"uv":[5.373,4.127,5.1895,4.1855],"rotation":0,"texture":"#0","tintindex":0},"east":{"uv":[7.002,1.377,7.0605,1.4355],"rotation":0,"texture":"#0","tintindex":0},"north":{"uv":[4.4395,0.502,4.623,0.5605],"rotation":0,"texture":"#0","tintindex":0},"south":{"uv":[4.6895,3.252,4.873,3.3105],"rotation":0,"texture":"#0","tintindex":0},"up":{"uv":[5.123,3.3105,4.9395,3.252],"rotation":0,"texture":"#0","tintindex":0},"west":{"uv":[2.5645,7.1895,2.623,7.248],"rotation":0,"texture":"#0","tintindex":0}}},{"name":"cube","from":[8.54375,12.763271,6.6125],"to":[10.34375,13.363272,7.2125],"rotation":{"angle":0.0,"axis":"x","origin":[9.44375,13.0632715,6.9125]},"faces":{"down":{"uv":[3.4355,6.3145,3.252,6.373],"rotation":0,"texture":"#0","tintindex":0},"east":{"uv":[7.3145,1.252,7.373,1.3105],"rotation":0,"texture":"#0","tintindex":0},"north":{"uv":[2.502,5.752,2.6855,5.8105],"rotation":0,"texture":"#0","tintindex":0},"south":{"uv":[4.752,5.877,4.9355,5.9355],"rotation":0,"texture":"#0","tintindex":0},"up":{"uv":[6.1855,3.4355,6.002,3.377],"rotation":0,"texture":"#0","tintindex":0},"west":{"uv":[7.5645,0.9395,7.623,0.998],"rotation":0,"texture":"#0","tintindex":0}}},{"name":"cube","from":[5.2437496,9.463272,6.0125],"to":[10.64375,11.263271,10.2125],"rotation":{"angle":0.0,"axis":"x","origin":[7.94375,10.363272,8.1125]},"faces":{"down":{"uv":[0.5605,4.3145,0.002,4.748],"rotation":0,"texture":"#0","tintindex":0},"east":{"uv":[5.1895,2.4395,5.623,2.623],"rotation":0,"texture":"#0","tintindex":0},"north":{"uv":[6.1895,1.8145,6.748,1.998],"rotation":0,"texture":"#0","tintindex":0},"south":{"uv":[6.252,4.5645,6.8105,4.748],"rotation":0,"texture":"#0","tintindex":0},"up":{"uv":[3.8105,4.623,3.252,4.1895],"rotation":0,"texture":"#0","tintindex":0},"west":{"uv":[6.6895,2.0645,7.123,2.248],"rotation":0,"texture":"#0","tintindex":0}}},{"name":"cube","from":[6.14375,11.5632715,6.6125],"to":[7.34375,12.163272,7.2125],"rotation":{"angle":0.0,"axis":"x","origin":[6.7437496,11.863272,6.9125]},"faces":{"down":{"uv":[7.123,3.9395,7.002,3.998],"rotation":0,"texture":"#0","tintindex":0},"east":{"uv":[3.127,7.5645,3.1855,7.623],"rotation":0,"texture":"#0","tintindex":0},"north":{"uv":[0.4395,5.252,0.5605,5.3105],"rotation":0,"texture":"#0","tintindex":0},"south":{"uv":[2.6895,6.752,2.8105,6.8105],"rotation":0,"texture":"#0","tintindex":0},"up":{"uv":[6.998,4.748,6.877,4.6895],"rotation":0,"texture":"#0","tintindex":0},"west":{"uv":[3.252,7.5645,3.3105,7.623],"rotation":0,"texture":"#0","tintindex":0}}},{"name":"cube","from":[8.54375,11.5632715,6.6125],"to":[9.74375,12.163272,7.2125],"rotation":{"angle":0.0,"axis":"x","origin":[9.14375,11.863272,6.9125]},"faces":{"down":{"uv":[7.5605,1.502,7.4395,1.5605],"rotation":0,"texture":"#0","tintindex":0},"east":{"uv":[3.377,7.5645,3.4355,7.623],"rotation":0,"texture":"#0","tintindex":0},"north":{"uv":[7.1895,2.1895,7.3105,2.248],"rotation":0,"texture":"#0","tintindex":0},"south":{"uv":[7.1895,6.377,7.3105,6.4355],"rotation":0,"texture":"#0","tintindex":0},"up":{"uv":[7.498,3.873,7.377,3.8145],"rotation":0,"texture":"#0","tintindex":0},"west":{"uv":[3.502,7.5645,3.5605,7.623],"rotation":0,"texture":"#0","tintindex":0}}},{"name":"cube","from":[4.6437497,7.618271,5.4125],"to":[11.243751,9.418271,10.8125],"rotation":{"angle":0.0,"axis":"x","origin":[7.94375,8.5632715,8.1125]},"faces":{"down":{"uv":[2.6855,3.3145,2.002,3.873],"rotation":0,"texture":"#0","tintindex":0},"east":{"uv":[6.377,1.252,6.9355,1.4355],"rotation":0,"texture":"#0","tintindex":0},"north":{"uv":[5.9395,2.127,6.623,2.3105],"rotation":0,"texture":"#0","tintindex":0},"south":{"uv":[6.002,1.5645,6.6855,1.748],"rotation":0,"texture":"#0","tintindex":0},"up":{"uv":[3.998,2.0605,3.3145,1.502],"rotation":0,"texture":"#0","tintindex":0},"west":{"uv":[3.252,6.4395,3.8105,6.623],"rotation":0,"texture":"#0","tintindex":0}}},{"name":"cube","from":[6.44375,7.6632714,4.2124996],"to":[9.44375,10.0632715,6.0125],"rotation":{"angle":0.0,"axis":"x","origin":[7.94375,8.863272,5.1124997]},"faces":{"down":{"uv":[4.6855,7.0645,4.377,7.248],"rotation":0,"texture":"#0","tintindex":0},"east":{"uv":[5.5645,7.0645,5.748,7.3105],"rotation":0,"texture":"#0","tintindex":0},"north":{"uv":[6.752,1.502,7.0605,1.748],"rotation":0,"texture":"#0","tintindex":0},"south":{"uv":[6.752,5.9395,7.0605,6.1855],"rotation":0,"texture":"#0","tintindex":0},"up":{"uv":[7.373,2.498,7.0645,2.3145],"rotation":0,"texture":"#0","tintindex":0},"west":{"uv":[5.8145,7.0645,5.998,7.3105],"rotation":0,"texture":"#0","tintindex":0}}},{"name":"cube","from":[7.04375,6.463271,4.2124996],"to":[8.84375,7.6632714,5.4125],"rotation":{"angle":0.0,"axis":"x","origin":[7.94375,7.0632715,4.8125]},"faces":{"down":{"uv":[2.123,7.377,1.9395,7.498],"rotation":0,"texture":"#0","tintindex":0},"east":{"uv":[5.5645,7.377,5.6855,7.498],"rotation":0,"texture":"#0","tintindex":0},"north":{"uv":[5.5645,3.502,5.748,3.623],"rotation":0,"texture":"#0","tintindex":0},"south":{"uv":[0.377,5.8145,0.5605,5.9355],"rotation":0,"texture":"#0","tintindex":0},