{"textures":{"0":"modelengine:entity/ent_king"},"elements":[{"name":"cube","from":[5.1774797,4.085047,-0.7438271],"to":[10.84244,7.310649,1.6753732],"rotation":{"angle":45.0,"axis":"x","origin":[7.9502,3.9494689,9.160839]},"faces":{"down":{"uv":[2.0,2.5,2.4375,2.6875],"rotation":0,"texture":"#0","tintindex":0},"east":{"uv":[2.0,2.5,2.1875,2.75],"rotation":0,"texture":"#0","tintindex":0},"north":{"uv":[2.0,2.5,2.4375,2.75],"rotation":0,"texture":"#0","tintindex":0},"south":{"uv":[2.0,2.5,2.4375,2.75],"rotation":0,"texture":"#0","tintindex":0},"up":{"uv":[2.0,2.5,2.4375,2.6875],"rotation":0,"texture":"#0","tintindex":0},"west":{"uv":[2.0,2.5,2.1875,2.75],"rotation":0,"texture":"#0","tintindex":0}}},{"name":"cube","from":[5.1875596,6.008499,3.2415073],"to":[10.83236,11.6533,8.886307],"rotation":{"angle":0.0,"axis":"x","origin":[7.9502,3.9494689,9.160839]},"faces":{"down":{"uv":[2.0,2.5,2.4375,2.9375],"rotation":0,"texture":"#0","tintindex":0},"east":{"uv":[2.0,2.5,2.4375,2.9375],"rotation":0,"texture":"#0","tintindex":0},"north":{"uv":[1.25,5.0625,1.6875,5.5],"rotation":0,"texture":"#0","tintindex":0},"south":{"uv":[2.0,2.5,2.4375,2.9375],"rotation":0,"texture":"#0","tintindex":0},"up":{"uv":[2.0,2.5,2.4375,2.9375],"rotation":0,"texture":"#0","tintindex":0},"west":{"uv":[2.0,2.5,2.4375,2.9375],"rotation":0,"texture":"#0","tintindex":0}}},{"name":"cube","from":[5.1976395,1.1159551,2.1915889],"to":[10.822281,4.3415546,4.610789],"rotation":{"angle":45.0,"axis":"x","origin":[7.9502,3.9494689,9.160839]},"faces":{"down":{"uv":[2.0,2.5,2.4375,2.6875],"rotation":0,"texture":"#0","tintindex":0},"east":{"uv":[2.0,2.5,2.1875,2.75],"rotation":0,"texture":"#0","tintindex":0},"north":{"uv":[2.0,2.5,2.4375,2.75],"rotation":0,"texture":"#0","tintindex":0},"south":{"uv":[2.0,2.5,2.4375,2.75],"rotation":0,"texture":"#0","tintindex":0},"up":{"uv":[2.0,2.5,2.4375,2.6875],"rotation":0,"texture":"#0","tintindex":0},"west":{"uv":[2.0,2.5,2.1875,2.75],"rotation":0,"texture":"#0","tintindex":0}}},{"name":"cube","from":[7.9149065,7.030896,4.324972],"to":[10.334106,11.062897,6.744172],"rotation":{"angle":-22.5,"axis":"z","origin":[7.9502,3.9494689,9.160839]},"faces":{"down":{"uv":[0.1875,3.8125,0.0,4.0],"rotation":90,"texture":"#0","tintindex":0},"east":{"uv":[0.5,4.0625,0.1875,4.25],"rotation":90,"texture":"#0","tintindex":0},"north":{"uv":[0.46875,3.9375,0.15625,4.125],"rotation":90,"texture":"#0","tintindex":0},"south":{"uv":[0.3125,3.8125,0.0,4.0],"rotation":90,"texture":"#0","tintindex":0},"up":{"uv":[0.1875,4.03125,0.0,4.21875],"rotation":90,"texture":"#0","tintindex":0},"west":{"uv":[0.3125,3.8125,0.0,4.0],"rotation":90,"texture":"#0","tintindex":0}}},{"name":"cube","from":[6.9309573,7.460555,4.7281723],"to":[10.962957,9.073355,6.340972],"rotation":{"angle":-45.0,"axis":"z","origin":[7.9502,3.9494689,9.160839]},"faces":{"down":{"uv":[0.125,3.8125,0.0,4.125],"rotation":90,"texture":"#0","tintindex":0},"east":{"uv":[0.125,3.8125,0.0,3.9375],"rotation":90,"texture":"#0","tintindex":0},"north":{"uv":[0.125,3.8125,0.0,4.125],"rotation":90,"texture":"#0","tintindex":0},"south":{"uv":[0.125,3.8125,0.0,4.125],"rotation":90,"texture":"#0","tintindex":0},"up":{"uv":[0.125,3.8125,0.0,4.125],"rotation":90,"texture":"#0","tintindex":0},"west":{"uv":[0.125,3.8125,0.0,3.9375],"rotation":90,"texture":"#0","tintindex":0}}},{"name":"cube","from":[4.3678093,11.988578,4.451107],"to":[6.7870092,15.21418,7.676707],"rotation":{"angle":-45.0,"axis":"z","origin":[7.9502,3.9494689,9.160839]},"faces":{"down":{"uv":[2.1875,2.5,2.0,2.75],"rotation":0,"texture":"#0","tintindex":0},"east":{"uv":[2.25,2.5,2.0,2.75],"rotation":0,"texture":"#0","tintindex":0},"north":{"uv":[2.1875,2.5,2.0,2.75],"rotation":0,"texture":"#0","tintindex":0},"south":{"uv":[2.1875,2.5,2.0,2.75],"rotation":0,"texture":"#0","tintindex":0},"up":{"uv":[2.1875,2.5,2.0,2.75],"rotation":0,"texture":"#0","tintindex":0},"west":{"uv":[2.25,2.5,2.0,2.75],"rotation":0,"texture":"#0","tintindex":0}}},{"name":"cube","from":[11.706635,8.10055,3.6447072],"to":[14.932236,10.519751,8.483107],"rotation":{"angle":22.5,"axis":"z","origin":[7.9502,3.9494689,9.160839]},"faces":{"down":{"uv":[2.0,2.75,2.375,2.5],"rotation":90,"texture":"#0","tintindex":0},"east":{"uv":[2.0,2.875,2.1875,2.5],"rotation":90,"texture":"#0","tintindex":0},"north":{"uv":[2.0,2.75,2.1875,2.5],"rotation":90,"texture":"#0","tintindex":0},"south":{"uv":[2.0,2.75,2.1875,2.5],"rotation":90,"texture":"#0","tintindex":0},"up":{"uv":[2.0,2.75,2.375,2.5],"rotation":90,"texture":"#0","tintindex":0},"west":{"uv":[2.0,2.875,2.1875,2.5],"rotation":90,"texture":"#0","tintindex":0}}},{"name":"cube","from":[6.8003597,8.707886,0.8883951],"to":[9.219561,11.933486,3.3075953],"rotation":{"angle":22.5,"axis":"x","origin":[7.9502,3.9494689,9.160839]},"faces":{"down":{"uv":[2.0,2.5,2.1875,2.6875],"rotation":0,"texture":"#0","tintindex":0},"east":{"uv":[2.0,2.5,2.1875,2.75],"rotation":0,"texture":"#0","tintindex":0},"north":{"uv":[2.0,2.5,2.1875,2.75],"rotation":0,"texture":"#0","tintindex":0},"south":{"uv":[2.0,2.5,2.1875,2.75],"rotation":0,"texture":"#0","tintindex":0},"up":{"uv":[2.0,2.5,2.1875,2.6875],"rotation":0,"texture":"#0","tintindex":0},"west":{"uv":[2.0,2.5,2.1875,2.75],"rotation":0,"texture":"#0","tintindex":0}}},{"name":"cube","from":[7.20356,8.096943,-1.4456043],"to":[8.81636,12.128943,0.1671958],"rotation":{"angle":45.0,"axis":"x","origin":[7.9502,3.9494689,9.160839]},"faces":{"down":{"uv":[2.0,2.5,2.125,2.625],"rotation":0,"texture":"#0","tintindex":0},"east":{"uv":[2.0,2.5,2.125,2.8125],"rotation":0,"texture":"#0","tintindex":0},"north":{"uv":[2.0,2.5,2.125,2.8125],"rotation":0,"texture":"#0","tintindex":0},"south":{"uv":[2.0,2.5,2.125,2.8125],"rotation":0,"texture":"#0","tintindex":0},"up":{"uv":[2.0,2.5,2.125,2.625],"rotation":0,"texture":"#0","tintindex":0},"west":{"uv":[2.0,2.5,2.125,2.8125],"rotation":0,"texture":"#0","tintindex":0}}},{"name":"cube","from":[9.571041,14.800146,5.2575073],"to":[11.183841,18.025745,6.870307],"rotation":{"angle":-22.5,"axis":"z","origin":[7.9502,3.9494689,9.160839]},"faces":{"down":{"uv":[2.125,2.5,2.0,2.625],"rotation":0,"texture":"#0","tintindex":0},"east":{"uv":[2.125,2.5,2.0,2.75],"rotation":0,"texture":"#0","tintindex":0},"north":{"uv":[2.125,2.5,2.0,2.75],"rotation":0,"texture":"#0","tintindex":0},"south":{"uv":[2.125,2.5,2.0,2.75],"rotation":0,"texture":"#0","tintindex":0},"up":{"uv":[2.125,2.5,2.0,2.625],"rotation":0,"texture":"#0","tintindex":0},"west":{"uv":[2.125,2.5,2.0,2.75],"rotation":0,"texture":"#0","tintindex":0}}},{"name":"cube","from":[6.8003597,8.617613,13.676927],"to":[9.219561,11.036814,16.902527],"rotation":{"angle":-45.0,"axis":"x","origin":[7.9502,3.9494689,9.160839]},"faces":{"down":{"uv":[2.0,2.5,2.1875,2.75],"rotation":0,"texture":"#0","tintindex":0},"east":{"uv":[2.0,2.5,2.25,2.6875],"rotation":0,"texture":"#0","tintindex":0},"north":{"uv":[2.0,2.5,2.1875,2.6875],"rotation":0,"texture":"#0","tintindex":0},"south":{"uv":[2.0,2.5,2.1875,2.6875],"rotation":0,"texture":"#0","tintindex":0},"up":{"uv":[2.0,2.5,2.1875,2.75],"rotation":0,"texture":"#0","tintindex":0},"west":{"uv":[2.0,2.5,2.25,2.6875],"rotation":0,"texture":"#0","tintindex":0}}},{"name":"cube","from":[9.197905,11.904065,4.451107],"to":[11.617105,15.1296625,7.676707],"rotation":{"angle":45.0,"axis":"z","origin":[7.9502,3.9494689,9.160839]},"faces":{"down":{"uv":[2.0,2.5,2.1875,2.75],"rotation":0,"texture":"#0","tintindex":0},"east":{"uv":[2.0,2.5,2.25,2.75],"rotation":0,"texture":"#0","tintindex":0},"north":{"uv":[2.0,2.5,2.1875,2.75],"rotation":0,"texture":"#0","tintindex":0},"south":{"uv":[2.0,2.5,2.1875,2.75],"rotation":0,"texture":"#0","tintindex":0},"up":{"uv":[2.0,2.5,2.1875,2.75],"rotation":0,"texture":"#0","tintindex":0},"west":{"uv":[2.0,2.5,2.25,2.75],"rotation":0,"texture":"#0","tintindex":0}}},{"name":"cube","from":[4.826981,14.754411,5.2575073],"to":[6.439781,17.980011,6.870307],"rotation":{"angle":22.5,"axis":"z",