{"textures":{"0":"modelengine:entity/ent_king"},"elements":[{"name":"cube","from":[4.822208,5.1955795,4.3232174],"to":[11.273408,9.227581,9.968018],"rotation":{"angle":-22.5,"axis":"x","origin":[7.988048,3.9050887,9.905865]},"faces":{"down":{"uv":[2.0,2.5,2.5,2.9375],"rotation":0,"texture":"#0","tintindex":0},"east":{"uv":[2.0,2.5,2.4375,2.8125],"rotation":0,"texture":"#0","tintindex":0},"north":{"uv":[2.0,2.5,2.5,2.8125],"rotation":0,"texture":"#0","tintindex":0},"south":{"uv":[2.0,2.5,2.5,2.8125],"rotation":0,"texture":"#0","tintindex":0},"up":{"uv":[2.0,2.5,2.5,2.9375],"rotation":0,"texture":"#0","tintindex":0},"west":{"uv":[2.0,2.5,2.4375,2.8125],"rotation":0,"texture":"#0","tintindex":0}}},{"name":"cube","from":[10.347488,9.227581,4.3232174],"to":[11.153889,10.84038,5.1296167],"rotation":{"angle":-22.5,"axis":"x","origin":[7.988048,3.9050887,9.905865]},"faces":{"down":{"uv":[2.0625,2.5,2.0,2.5625],"rotation":0,"texture":"#0","tintindex":0},"east":{"uv":[2.0625,2.5,2.0,2.625],"rotation":0,"texture":"#0","tintindex":0},"north":{"uv":[2.0625,2.5,2.0,2.625],"rotation":0,"texture":"#0","tintindex":0},"south":{"uv":[2.0625,2.5,2.0,2.625],"rotation":0,"texture":"#0","tintindex":0},"up":{"uv":[2.0625,2.5,2.0,2.5625],"rotation":0,"texture":"#0","tintindex":0},"west":{"uv":[2.0625,2.5,2.0,2.625],"rotation":0,"texture":"#0","tintindex":0}}},{"name":"cube","from":[8.734688,9.227581,4.3232174],"to":[9.541088,10.033979,5.1296167],"rotation":{"angle":-22.5,"axis":"x","origin":[7.988048,3.9050887,9.905865]},"faces":{"down":{"uv":[2.0625,2.5,2.0,2.5625],"rotation":0,"texture":"#0","tintindex":0},"east":{"uv":[2.0625,2.5,2.0,2.5625],"rotation":0,"texture":"#0","tintindex":0},"north":{"uv":[2.0625,2.5,2.0,2.5625],"rotation":0,"texture":"#0","tintindex":0},"south":{"uv":[2.0625,2.5,2.0,2.5625],"rotation":0,"texture":"#0","tintindex":0},"up":{"uv":[2.0625,2.5,2.0,2.5625],"rotation":0,"texture":"#0","tintindex":0},"west":{"uv":[2.0625,2.5,2.0,2.5625],"rotation":0,"texture":"#0","tintindex":0}}},{"name":"cube","from":[6.435008,9.227581,4.3232174],"to":[7.241408,10.033979,5.1296167],"rotation":{"angle":-22.5,"axis":"x","origin":[7.988048,3.9050887,9.905865]},"faces":{"down":{"uv":[2.0,2.5,2.0625,2.5625],"rotation":0,"texture":"#0","tintindex":0},"east":{"uv":[2.0,2.5,2.0625,2.5625],"rotation":0,"texture":"#0","tintindex":0},"north":{"uv":[2.0,2.5,2.0625,2.5625],"rotation":0,"texture":"#0","tintindex":0},"south":{"uv":[2.0,2.5,2.0625,2.5625],"rotation":0,"texture":"#0","tintindex":0},"up":{"uv":[2.0,2.5,2.0625,2.5625],"rotation":0,"texture":"#0","tintindex":0},"west":{"uv":[2.0,2.5,2.0625,2.5625],"rotation":0,"texture":"#0","tintindex":0}}},{"name":"cube","from":[4.822208,9.227581,4.3232174],"to":[5.6286077,10.84038,5.1296167],"rotation":{"angle":-22.5,"axis":"x","origin":[7.988048,3.9050887,9.905865]},"faces":{"down":{"uv":[2.0,2.5,2.0625,2.5625],"rotation":0,"texture":"#0","tintindex":0},"east":{"uv":[2.0,2.5,2.0625,2.625],"rotation":0,"texture":"#0","tintindex":0},"north":{"uv":[2.0,2.5,2.0625,2.625],"rotation":0,"texture":"#0","tintindex":0},"south":{"uv":[2.0,2.5,2.0625,2.625],"rotation":0,"texture":"#0","tintindex":0},"up":{"uv":[2.0,2.5,2.0625,2.5625],"rotation":0,"texture":"#0","tintindex":0},"west":{"uv":[2.0,2.5,2.0625,2.625],"rotation":0,"texture":"#0","tintindex":0}}}],"display":{"head":{"translation":[0.0,-6.4,0.0],"rotation":[0.0,0.0,0.0],"scale":[3.8095,3.8095,3.8095]}}}