{"textures":{"0":"modelengine:entity/ent_king"},"elements":[{"name":"cube","from":[4.8872,7.2161,7.0436],"to":[8.1128,8.783899,8.6564],"rotation":{"angle":0.0,"axis":"x","origin":[31.132492,7.8450813,11.757668]},"faces":{"down":{"uv":[4.1875,0.6875,3.9375,0.5625],"rotation":0,"texture":"#0","tintindex":0},"east":{"uv":[4.0625,0.6875,3.9375,0.5625],"rotation":0,"texture":"#0","tintindex":0},"north":{"uv":[4.1875,0.6875,3.9375,0.5625],"rotation":0,"texture":"#0","tintindex":0},"south":{"uv":[4.1875,0.6875,3.9375,0.5625],"rotation":0,"texture":"#0","tintindex":0},"up":{"uv":[4.1875,0.6875,3.9375,0.5625],"rotation":0,"texture":"#0","tintindex":0},"west":{"uv":[4.0625,0.6875,3.9375,0.5625],"rotation":0,"texture":"#0","tintindex":0}}}],"display":{"head":{"translation":[0.0,-6.4,0.0],"rotation":[0.0,0.0,0.0],"scale":[3.8095,3.8095,3.8095]}}}