{"textures":{"0":"modelengine:entity/ent_king"},"elements":[{"name":"cube","from":[6.3227024,1.7339945,5.9917116],"to":[10.354702,8.185195,10.023712],"rotation":{"angle":0.0,"axis":"x","origin":[12.310943,20.641365,7.879044]},"faces":{"down":{"uv":[2.0,2.5,2.3125,2.8125],"rotation":0,"texture":"#0","tintindex":0},"east":{"uv":[2.0,2.5,2.3125,3.0],"rotation":0,"texture":"#0","tintindex":0},"north":{"uv":[2.0,2.5,2.3125,3.0],"rotation":0,"texture":"#0","tintindex":0},"south":{"uv":[2.0,2.5,2.3125,3.0],"rotation":0,"texture":"#0","tintindex":0},"up":{"uv":[2.0,2.5,2.3125,2.8125],"rotation":0,"texture":"#0","tintindex":0},"west":{"uv":[2.0,2.5,2.3125,3.0],"rotation":0,"texture":"#0","tintindex":0}}},{"name":"cube","from":[10.128122,2.5403943,-2.1739435],"to":[10.128122,8.185195,3.4708571],"rotation":{"angle":45.0,"axis":"y","origin":[12.310943,20.641365,7.879044]},"faces":{"down":{"uv":[7.75,1.1875,7.75,1.625],"rotation":0,"texture":"#0","tintindex":0},"east":{"uv":[2.875,5.375,3.3125,5.8125],"rotation":0,"texture":"#0","tintindex":0},"north":{"uv":[0.9375,7.75,0.9375,8.1875],"rotation":0,"texture":"#0","tintindex":0},"south":{"uv":[1.0,7.75,1.0,8.1875],"rotation":0,"texture":"#0","tintindex":0},"up":{"uv":[1.0625,8.1875,1.0625,7.75],"rotation":0,"texture":"#0","tintindex":0},"west":{"uv":[3.3125,5.375,2.875,5.8125],"rotation":0,"texture":"#0","tintindex":0}}}],"display":{"head":{"translation":[0.0,-6.4,0.0],"rotation":[0.0,0.0,0.0],"scale":[3.8095,3.8095,3.8095]}}}