{"textures":{"0":"modelengine:entity/ent_king"},"elements":[{"name":"cube","from":[0.08448982,5.433337,5.3981724],"to":[8.148491,11.88454,11.849373],"rotation":{"angle":0.0,"axis":"x","origin":[21.390965,6.605814,8.898304]},"faces":{"down":{"uv":[4.5625,1.0625,3.9375,0.5625],"rotation":0,"texture":"#0","tintindex":0},"east":{"uv":[4.4375,1.0625,3.9375,0.5625],"rotation":0,"texture":"#0","tintindex":0},"north":{"uv":[4.5625,1.0625,3.9375,0.5625],"rotation":0,"texture":"#0","tintindex":0},"south":{"uv":[4.5625,1.0625,3.9375,0.5625],"rotation":0,"texture":"#0","tintindex":0},"up":{"uv":[4.5625,1.0625,3.9375,0.5625],"rotation":0,"texture":"#0","tintindex":0},"west":{"uv":[4.4375,1.0625,3.9375,0.5625],"rotation":0,"texture":"#0","tintindex":0}}},{"name":"cube","from":[3.7172875,16.40355,5.4384923],"to":[11.176489,19.62915,11.829213],"rotation":{"angle":22.5,"axis":"z","origin":[21.390965,6.605814,8.898304]},"faces":{"down":{"uv":[4.515625,1.0578125,3.9375,0.5625],"rotation":0,"texture":"#0","tintindex":0},"east":{"uv":[4.4328127,0.8125,3.9375,0.5625],"rotation":0,"texture":"#0","tintindex":0},"north":{"uv":[4.515625,0.8125,3.9375,0.5625],"rotation":0,"texture":"#0","tintindex":0},"south":{"uv":[4.515625,0.8125,3.9375,0.5625],"rotation":0,"texture":"#0","tintindex":0},"up":{"uv":[4.515625,1.0578125,3.9375,0.5625],"rotation":0,"texture":"#0","tintindex":0},"west":{"uv":[4.4328127,0.8125,3.9375,0.5625],"rotation":0,"texture":"#0","tintindex":0}}},{"name":"cube","from":[7.006337,13.133841,10.236572],"to":[12.046337,14.74664,11.849373],"rotation":{"angle":0.0,"axis":"x","origin":[21.390965,6.605814,8.898304]},"faces":{"down":{"uv":[4.328125,0.6875,3.9375,0.5625],"rotation":0,"texture":"#0","tintindex":0},"east":{"uv":[4.0625,0.6875,3.9375,0.5625],"rotation":0,"texture":"#0","tintindex":0},"north":{"uv":[4.328125,0.6875,3.9375,0.5625],"rotation":0,"texture":"#0","tintindex":0},"south":{"uv":[4.328125,0.6875,3.9375,0.5625],"rotation":0,"texture":"#0","tintindex":0},"up":{"uv":[4.328125,0.6875,3.9375,0.5625],"rotation":0,"texture":"#0","tintindex":0},"west":{"uv":[4.0625,0.6875,3.9375,0.5625],"rotation":0,"texture":"#0","tintindex":0}}},{"name":"cube","from":[11.084839,17.953281,6.204572],"to":[14.512038,19.566078,7.8173723],"rotation":{"angle":22.5,"axis":"z","origin":[21.390965,6.605814,8.898304]},"faces":{"down":{"uv":[4.203125,0.6875,3.9375,0.5625],"rotation":0,"texture":"#0","tintindex":0},"east":{"uv":[4.0625,0.6875,3.9375,0.5625],"rotation":0,"texture":"#0","tintindex":0},"north":{"uv":[4.203125,0.6875,3.9375,0.5625],"rotation":0,"texture":"#0","tintindex":0},"south":{"uv":[4.203125,0.6875,3.9375,0.5625],"rotation":0,"texture":"#0","tintindex":0},"up":{"uv":[4.203125,0.6875,3.9375,0.5625],"rotation":0,"texture":"#0","tintindex":0},"west":{"uv":[4.0625,0.6875,3.9375,0.5625],"rotation":0,"texture":"#0","tintindex":0}}},{"name":"cube","from":[16.683788,21.73322,8.442332],"to":[19.304588,22.53962,9.248733],"rotation":{"angle":45.0,"axis":"z","origin":[21.390965,6.605814,8.898304]},"faces":{"down":{"uv":[4.140625,0.625,3.9375,0.5625],"rotation":0,"texture":"#0","tintindex":0},"east":{"uv":[4.0,0.625,3.9375,0.5625],"rotation":0,"texture":"#0","tintindex":0},"north":{"uv":[4.140625,0.625,3.9375,0.5625],"rotation":0,"texture":"#0","tintindex":0},"south":{"uv":[4.140625,0.625,3.9375,0.5625],"rotation":0,"texture":"#0","tintindex":0},"up":{"uv":[4.140625,0.625,3.9375,0.5625],"rotation":0,"texture":"#0","tintindex":0},"west":{"uv":[4.0,0.625,3.9375,0.5625],"rotation":0,"texture":"#0","tintindex":0}}},{"name":"cube","from":[11.176489,18.82275,9.248733],"to":[12.184488,19.62915,10.055132],"rotation":{"angle":22.5,"axis":"z","origin":[21.390965,6.605814,8.898304]},"faces":{"down":{"uv":[4.015625,0.625,3.9375,0.5625],"rotation":0,"texture":"#0","tintindex":0},"east":{"uv":[4.0,0.625,3.9375,0.5625],"rotation":0,"texture":"#0","tintindex":0},"north":{"uv":[4.015625,0.625,3.9375,0.5625],"rotation":0,"texture":"#0","tintindex":0},"south":{"uv":[4.015625,0.625,3.9375,0.5625],"rotation":0,"texture":"#0","tintindex":0},"up":{"uv":[4.015625,0.625,3.9375,0.5625],"rotation":0,"texture":"#0","tintindex":0},"west":{"uv":[4.0,0.625,3.9375,0.5625],"rotation":0,"texture":"#0","tintindex":0}}},{"name":"cube","from":[11.176489,16.40355,5.3981724],"to":[12.990889,17.209946,6.204572],"rotation":{"angle":22.5,"axis":"z","origin":[21.390965,6.605814,8.898304]},"faces":{"down":{"uv":[4.078125,0.625,3.9375,0.5625],"rotation":0,"texture":"#0","tintindex":0},"east":{"uv":[4.0,0.625,3.9375,0.5625],"rotation":0,"texture":"#0","tintindex":0},"north":{"uv":[4.078125,0.625,3.9375,0.5625],"rotation":0,"texture":"#0","tintindex":0},"south":{"uv":[4.078125,0.625,3.9375,0.5625],"rotation":0,"texture":"#0","tintindex":0},"up":{"uv":[4.078125,0.625,3.9375,0.5625],"rotation":0,"texture":"#0","tintindex":0},"west":{"uv":[4.0,0.625,3.9375,0.5625],"rotation":0,"texture":"#0","tintindex":0}}},{"name":"cube","from":[11.176489,16.605148,10.518812],"to":[13.394088,17.814749,11.728412],"rotation":{"angle":22.5,"axis":"z","origin":[21.390965,6.605814,8.898304]},"faces":{"down":{"uv":[4.109375,0.65625,3.9375,0.5625],"rotation":0,"texture":"#0","tintindex":0},"east":{"uv":[4.03125,0.65625,3.9375,0.5625],"rotation":0,"texture":"#0","tintindex":0},"north":{"uv":[4.109375,0.65625,3.9375,0.5625],"rotation":0,"texture":"#0","tintindex":0},"south":{"uv":[4.109375,0.65625,3.9375,0.5625],"rotation":0,"texture":"#0","tintindex":0},"up":{"uv":[4.109375,0.65625,3.9375,0.5625],"rotation":0,"texture":"#0","tintindex":0},"west":{"uv":[4.03125,0.65625,3.9375,0.5625],"rotation":0,"texture":"#0","tintindex":0}}},{"name":"cube","from":[1.6939229,7.513837,-1.3142238],"to":[7.3387227,7.513837,4.3305764],"rotation":{"angle":22.5,"axis":"x","origin":[21.390965,6.605814,8.898304]},"faces":{"down":{"uv":[5.75,5.0,5.3125,5.4375],"rotation":0,"texture":"#0","tintindex":0},"east":{"uv":[7.6875,3.0,8.125,3.0],"rotation":0,"texture":"#0","tintindex":0},"north":{"uv":[0.625,5.0,1.0625,5.0],"rotation":0,"texture":"#0","tintindex":0},"south":{"uv":[7.6875,5.125,8.125,5.125],"rotation":0,"texture":"#0","tintindex":0},"up":{"uv":[5.75,5.4375,5.3125,5.0],"rotation":0,"texture":"#0","tintindex":0},"west":{"uv":[7.75,1.125,8.1875,1.125],"rotation":0,"texture":"#0","tintindex":0}}},{"name":"cube","from":[4.76466,19.455048,8.610373],"to":[12.022261,25.099846,8.610373],"rotation":{"angle":22.5,"axis":"z","origin":[21.390965,6.605814,8.898304]},"faces":{"down":{"uv":[8.3125,2.5625,7.75,2.5625],"rotation":0,"texture":"#0","tintindex":0},"east":{"uv":[2.625,7.75,2.625,8.1875],"rotation":0,"texture":"#0","tintindex":0},"north":{"uv":[0.0,4.9375,0.5625,5.375],"rotation":0,"texture":"#0","tintindex":0},"south":{"uv":[0.5625,4.9375,0.0,5.375],"rotation":0,"texture":"#0","tintindex":0},"up":{"uv":[8.3125,2.5,7.75,2.5],"rotation":0,"texture":"#0","tintindex":0},"west":{"uv":[2.6875,7.75,2.6875,8.1875],"rotation":0,"texture":"#0","tintindex":0}}}],"display":{"head":{"translation":[0.0,-6.4,0.0],"rotation":[0.0,0.0,0.0],"scale":[3.8095,3.8095,3.8095]}}}