{"textures":{"0":"modelengine:entity/ent_king"},"elements":[{"name":"cube","from":[5.2221823,2.5765796,-7.1503906],"to":[10.766182,5.8021793,-3.11839],"rotation":{"angle":-22.5,"axis":"x","origin":[11.976502,27.295097,7.8152847]},"faces":{"down":{"uv":[4.25,0.9921875,3.9375,0.5625],"rotation":90,"texture":"#0","tintindex":0},"east":{"uv":[4.1875,0.875,3.9375,0.5625],"rotation":90,"texture":"#0","tintindex":0},"north":{"uv":[4.1875,0.9921875,3.9375,0.5625],"rotation":90,"texture":"#0","tintindex":0},"south":{"uv":[4.1875,0.9609375,3.9375,0.53125],"rotation":90,"texture":"#0","tintindex":0},"up":{"uv":[4.25,0.9921875,3.9375,0.5625],"rotation":90,"texture":"#0","tintindex":0},"west":{"uv":[4.1875,0.875,3.9375,0.5625],"rotation":90,"texture":"#0","tintindex":0}}},{"name":"cube","from":[5.1818624,0.3237257,5.1215525],"to":[10.826662,8.387726,10.766354],"rotation":{"angle":0.0,"axis":"x","origin":[11.976502,27.295097,7.8152847]},"faces":{"down":{"uv":[4.375,1.0,3.9375,0.5625],"rotation":90,"texture":"#0","tintindex":0},"east":{"uv":[4.5625,1.0,3.9375,0.5625],"rotation":90,"texture":"#0","tintindex":0},"north":{"uv":[4.5625,1.0,3.9375,0.5625],"rotation":90,"texture":"#0","tintindex":0},"south":{"uv":[4.5625,0.96875,3.9375,0.53125],"rotation":90,"texture":"#0","tintindex":0},"up":{"uv":[4.375,1.0,3.9375,0.5625],"rotation":90,"texture":"#0","tintindex":0},"west":{"uv":[4.5625,1.0,3.9375,0.5625],"rotation":90,"texture":"#0","tintindex":0}}},{"name":"cube","from":[5.988262,4.3557253,4.3151526],"to":[10.020263,10.000526,5.1215525],"rotation":{"angle":0.0,"axis":"x","origin":[11.976502,27.295097,7.8152847]},"faces":{"down":{"uv":[0.0625,4.125,0.0,3.8125],"rotation":90,"texture":"#0","tintindex":0},"east":{"uv":[0.4375,3.875,0.0,3.8125],"rotation":90,"texture":"#0","tintindex":0},"north":{"uv":[8.34375,6.46875,8.65625,6.03125],"rotation":0,"texture":"#0","tintindex":0},"south":{"uv":[0.4375,4.125,0.0,3.8125],"rotation":90,"texture":"#0","tintindex":0},"up":{"uv":[0.0625,4.125,0.0,3.8125],"rotation":90,"texture":"#0","tintindex":0},"west":{"uv":[0.4375,3.875,0.0,3.8125],"rotation":90,"texture":"#0","tintindex":0}}},{"name":"cube","from":[6.1786184,5.1621256,2.2934165],"to":[7.791418,9.194126,3.0998166],"rotation":{"angle":22.5,"axis":"y","origin":[11.976502,27.295097,7.8152847]},"faces":{"down":{"uv":[0.0625,3.9375,0.0,3.8125],"rotation":90,"texture":"#0","tintindex":0},"east":{"uv":[0.3125,3.875,0.0,3.8125],"rotation":90,"texture":"#0","tintindex":0},"north":{"uv":[0.3125,3.9375,0.0,3.8125],"rotation":90,"texture":"#0","tintindex":0},"south":{"uv":[0.3125,3.9375,0.0,3.8125],"rotation":90,"texture":"#0","tintindex":0},"up":{"uv":[0.0625,3.9375,0.0,3.8125],"rotation":90,"texture":"#0","tintindex":0},"west":{"uv":[0.3125,3.875,0.0,3.8125],"rotation":90,"texture":"#0","tintindex":0}}},{"name":"cube","from":[8.812809,5.1621256,5.3523183],"to":[10.42561,9.194126,6.158718],"rotation":{"angle":-22.5,"axis":"y","origin":[11.976502,27.295097,7.8152847]},"faces":{"down":{"uv":[0.0625,3.9375,0.0,3.8125],"rotation":90,"texture":"#0","tintindex":0},"east":{"uv":[0.3125,3.875,0.0,3.8125],"rotation":90,"texture":"#0","tintindex":0},"north":{"uv":[0.3125,3.9375,0.0,3.8125],"rotation":90,"texture":"#0","tintindex":0},"south":{"uv":[0.3125,3.9375,0.0,3.8125],"rotation":90,"texture":"#0","tintindex":0},"up":{"uv":[0.0625,3.9375,0.0,3.8125],"rotation":90,"texture":"#0","tintindex":0},"west":{"uv":[0.3125,3.875,0.0,3.8125],"rotation":90,"texture":"#0","tintindex":0}}},{"name":"cube","from":[5.2020226,-1.2890749,3.5087528],"to":[10.806503,0.3237257,10.766354],"rotation":{"angle":0.0,"axis":"x","origin":[11.976502,27.295097,7.8152847]},"faces":{"down":{"uv":[4.5,0.996875,3.9375,0.5625],"rotation":90,"texture":"#0","tintindex":0},"east":{"uv":[4.0625,1.125,3.9375,0.5625],"rotation":90,"texture":"#0","tintindex":0},"north":{"uv":[4.0625,0.996875,3.9375,0.5625],"rotation":90,"texture":"#0","tintindex":0},"south":{"uv":[4.0625,0.965625,3.9375,0.53125],"rotation":90,"texture":"#0","tintindex":0},"up":{"uv":[4.5,0.996875,3.9375,0.5625],"rotation":90,"texture":"#0","tintindex":0},"west":{"uv":[4.0625,1.125,3.9375,0.5625],"rotation":90,"texture":"#0","tintindex":0}}}],"display":{"head":{"translation":[0.0,-6.4,0.0],"rotation":[0.0,0.0,0.0],"scale":[3.8095,3.8095,3.8095]}}}