{"textures":{"0":"modelengine:entity/ent_king"},"elements":[{"name":"cube","from":[7.8515096,5.433337,5.3981724],"to":[15.91551,11.88454,11.849373],"rotation":{"angle":0.0,"axis":"x","origin":[-5.3909636,6.605814,8.898304]},"faces":{"down":{"uv":[3.9375,1.0625,4.5625,0.5625],"rotation":0,"texture":"#0","tintindex":0},"east":{"uv":[3.9375,1.0625,4.4375,0.5625],"rotation":0,"texture":"#0","tintindex":0},"north":{"uv":[3.9375,1.0625,4.5625,0.5625],"rotation":0,"texture":"#0","tintindex":0},"south":{"uv":[3.9375,1.0625,4.5625,0.5625],"rotation":0,"texture":"#0","tintindex":0},"up":{"uv":[3.9375,1.0625,4.5625,0.5625],"rotation":0,"texture":"#0","tintindex":0},"west":{"uv":[3.9375,1.0625,4.4375,0.5625],"rotation":0,"texture":"#0","tintindex":0}}},{"name":"cube","from":[4.823511,16.40355,5.4384923],"to":[12.282712,19.62915,11.829213],"rotation":{"angle":-22.5,"axis":"z","origin":[-5.3909636,6.605814,8.898304]},"faces":{"down":{"uv":[3.9375,1.0578125,4.515625,0.5625],"rotation":0,"texture":"#0","tintindex":0},"east":{"uv":[3.9375,0.8125,4.4328127,0.5625],"rotation":0,"texture":"#0","tintindex":0},"north":{"uv":[3.9375,0.8125,4.515625,0.5625],"rotation":0,"texture":"#0","tintindex":0},"south":{"uv":[3.9375,0.8125,4.515625,0.5625],"rotation":0,"texture":"#0","tintindex":0},"up":{"uv":[3.9375,1.0578125,4.515625,0.5625],"rotation":0,"texture":"#0","tintindex":0},"west":{"uv":[3.9375,0.8125,4.4328127,0.5625],"rotation":0,"texture":"#0","tintindex":0}}},{"name":"cube","from":[3.9536624,13.133841,10.236572],"to":[8.993663,14.74664,11.849373],"rotation":{"angle":0.0,"axis":"x","origin":[-5.3909636,6.605814,8.898304]},"faces":{"down":{"uv":[3.9375,0.6875,4.328125,0.5625],"rotation":0,"texture":"#0","tintindex":0},"east":{"uv":[3.9375,0.6875,4.0625,0.5625],"rotation":0,"texture":"#0","tintindex":0},"north":{"uv":[3.9375,0.6875,4.328125,0.5625],"rotation":0,"texture":"#0","tintindex":0},"south":{"uv":[3.9375,0.6875,4.328125,0.5625],"rotation":0,"texture":"#0","tintindex":0},"up":{"uv":[3.9375,0.6875,4.328125,0.5625],"rotation":0,"texture":"#0","tintindex":0},"west":{"uv":[3.9375,0.6875,4.0625,0.5625],"rotation":0,"texture":"#0","tintindex":0}}},{"name":"cube","from":[1.4879613,17.953281,6.204572],"to":[4.915161,19.566078,7.8173723],"rotation":{"angle":-22.5,"axis":"z","origin":[-5.3909636,6.605814,8.898304]},"faces":{"down":{"uv":[3.9375,0.6875,4.203125,0.5625],"rotation":0,"texture":"#0","tintindex":0},"east":{"uv":[3.9375,0.6875,4.0625,0.5625],"rotation":0,"texture":"#0","tintindex":0},"north":{"uv":[3.9375,0.6875,4.203125,0.5625],"rotation":0,"texture":"#0","tintindex":0},"south":{"uv":[3.9375,0.6875,4.203125,0.5625],"rotation":0,"texture":"#0","tintindex":0},"up":{"uv":[3.9375,0.6875,4.203125,0.5625],"rotation":0,"texture":"#0","tintindex":0},"west":{"uv":[3.9375,0.6875,4.0625,0.5625],"rotation":0,"texture":"#0","tintindex":0}}},{"name":"cube","from":[-3.3045878,21.73322,8.442332],"to":[-0.6837876,22.53962,9.248733],"rotation":{"angle":-45.0,"axis":"z","origin":[-5.3909636,6.605814,8.898304]},"faces":{"down":{"uv":[3.9375,0.625,4.140625,0.5625],"rotation":0,"texture":"#0","tintindex":0},"east":{"uv":[3.9375,0.625,4.0,0.5625],"rotation":0,"texture":"#0","tintindex":0},"north":{"uv":[3.9375,0.625,4.140625,0.5625],"rotation":0,"texture":"#0","tintindex":0},"south":{"uv":[3.9375,0.625,4.140625,0.5625],"rotation":0,"texture":"#0","tintindex":0},"up":{"uv":[3.9375,0.625,4.140625,0.5625],"rotation":0,"texture":"#0","tintindex":0},"west":{"uv":[3.9375,0.625,4.0,0.5625],"rotation":0,"texture":"#0","tintindex":0}}},{"name":"cube","from":[3.8155117,18.82275,9.248733],"to":[4.823511,19.62915,10.055132],"rotation":{"angle":-22.5,"axis":"z","origin":[-5.3909636,6.605814,8.898304]},"faces":{"down":{"uv":[3.9375,0.625,4.015625,0.5625],"rotation":0,"texture":"#0","tintindex":0},"east":{"uv":[3.9375,0.625,4.0,0.5625],"rotation":0,"texture":"#0","tintindex":0},"north":{"uv":[3.9375,0.625,4.015625,0.5625],"rotation":0,"texture":"#0","tintindex":0},"south":{"uv":[3.9375,0.625,4.015625,0.5625],"rotation":0,"texture":"#0","tintindex":0},"up":{"uv":[3.9375,0.625,4.015625,0.5625],"rotation":0,"texture":"#0","tintindex":0},"west":{"uv":[3.9375,0.625,4.0,0.5625],"rotation":0,"texture":"#0","tintindex":0}}},{"name":"cube","from":[3.0091112,16.40355,5.3981724],"to":[4.823511,17.209946,6.204572],"rotation":{"angle":-22.5,"axis":"z","origin":[-5.3909636,6.605814,8.898304]},"faces":{"down":{"uv":[3.9375,0.625,4.078125,0.5625],"rotation":0,"texture":"#0","tintindex":0},"east":{"uv":[3.9375,0.625,4.0,0.5625],"rotation":0,"texture":"#0","tintindex":0},"north":{"uv":[3.9375,0.625,4.078125,0.5625],"rotation":0,"texture":"#0","tintindex":0},"south":{"uv":[3.9375,0.625,4.078125,0.5625],"rotation":0,"texture":"#0","tintindex":0},"up":{"uv":[3.9375,0.625,4.078125,0.5625],"rotation":0,"texture":"#0","tintindex":0},"west":{"uv":[3.9375,0.625,4.0,0.5625],"rotation":0,"texture":"#0","tintindex":0}}},{"name":"cube","from":[2.6059113,16.605148,10.518812],"to":[4.823511,17.814749,11.728412],"rotation":{"angle":-22.5,"axis":"z","origin":[-5.3909636,6.605814,8.898304]},"faces":{"down":{"uv":[3.9375,0.65625,4.109375,0.5625],"rotation":0,"texture":"#0","tintindex":0},"east":{"uv":[3.9375,0.65625,4.03125,0.5625],"rotation":0,"texture":"#0","tintindex":0},"north":{"uv":[3.9375,0.65625,4.109375,0.5625],"rotation":0,"texture":"#0","tintindex":0},"south":{"uv":[3.9375,0.65625,4.109375,0.5625],"rotation":0,"texture":"#0","tintindex":0},"up":{"uv":[3.9375,0.65625,4.109375,0.5625],"rotation":0,"texture":"#0","tintindex":0},"west":{"uv":[3.9375,0.65625,4.03125,0.5625],"rotation":0,"texture":"#0","tintindex":0}}},{"name":"cube","from":[8.661278,7.513837,-1.3142238],"to":[14.306077,7.513837,4.3305764],"rotation":{"angle":22.5,"axis":"x","origin":[-5.3909636,6.605814,8.898304]},"faces":{"down":{"uv":[5.3125,5.0,5.75,5.4375],"rotation":0,"texture":"#0","tintindex":0},"east":{"uv":[8.1875,1.125,7.75,1.125],"rotation":0,"texture":"#0","tintindex":0},"north":{"uv":[1.0625,5.0,0.625,5.0],"rotation":0,"texture":"#0","tintindex":0},"south":{"uv":[8.125,5.125,7.6875,5.125],"rotation":0,"texture":"#0","tintindex":0},"up":{"uv":[5.3125,5.4375,5.75,5.0],"rotation":0,"texture":"#0","tintindex":0},"west":{"uv":[8.125,3.0,7.6875,3.0],"rotation":0,"texture":"#0","tintindex":0}}},{"name":"cube","from":[3.9777398,19.455048,8.610373],"to":[11.23534,25.099846,8.610373],"rotation":{"angle":-22.5,"axis":"z","origin":[-5.3909636,6.605814,8.898304]},"faces":{"down":{"uv":[7.75,2.5625,8.3125,2.5625],"rotation":0,"texture":"#0","tintindex":0},"east":{"uv":[2.6875,7.75,2.6875,8.1875],"rotation":0,"texture":"#0","tintindex":0},"north":{"uv":[0.5625,4.9375,0.0,5.375],"rotation":0,"texture":"#0","tintindex":0},"south":{"uv":[0.0,4.9375,0.5625,5.375],"rotation":0,"texture":"#0","tintindex":0},"up":{"uv":[7.75,2.5,8.3125,2.5],"rotation":0,"texture":"#0","tintindex":0},"west":{"uv":[2.625,7.75,2.625,8.1875],"rotation":0,"texture":"#0","tintindex":0}}}],"display":{"head":{"translation":[0.0,-6.4,0.0],"rotation":[0.0,0.0,0.0],"scale":[3.8095,3.8095,3.8095]}}}