{"textures":{"0":"modelengine:entity/ent_king"},"elements":[{"name":"cube","from":[7.9900827,7.471503,4.7743998],"to":[11.215682,9.084305,6.3872004],"rotation":{"angle":0.0,"axis":"x","origin":[-13.316392,3.80558,8.274532]},"faces":{"down":{"uv":[3.9375,0.6875,4.1875,0.5625],"rotation":0,"texture":"#0","tintindex":0},"east":{"uv":[3.9375,0.6875,4.0625,0.5625],"rotation":0,"texture":"#0","tintindex":0},"north":{"uv":[3.9375,0.6875,4.1875,0.5625],"rotation":0,"texture":"#0","tintindex":0},"south":{"uv":[3.9375,0.6875,4.1875,0.5625],"rotation":0,"texture":"#0","tintindex":0},"up":{"uv":[3.9375,0.6875,4.1875,0.5625],"rotation":0,"texture":"#0","tintindex":0},"west":{"uv":[3.9375,0.6875,4.0625,0.5625],"rotation":0,"texture":"#0","tintindex":0}}},{"name":"cube","from":[7.9900827,7.471503,9.612801],"to":[11.215682,9.084305,11.2256],"rotation":{"angle":0.0,"axis":"x","origin":[-13.316392,3.80558,8.274532]},"faces":{"down":{"uv":[3.9375,0.6875,4.1875,0.5625],"rotation":0,"texture":"#0","tintindex":0},"east":{"uv":[3.9375,0.6875,4.0625,0.5625],"rotation":0,"texture":"#0","tintindex":0},"north":{"uv":[3.9375,0.6875,4.1875,0.5625],"rotation":0,"texture":"#0","tintindex":0},"south":{"uv":[3.9375,0.6875,4.1875,0.5625],"rotation":0,"texture":"#0","tintindex":0},"up":{"uv":[3.9375,0.6875,4.1875,0.5625],"rotation":0,"texture":"#0","tintindex":0},"west":{"uv":[3.9375,0.6875,4.0625,0.5625],"rotation":0,"texture":"#0","tintindex":0}}},{"name":"cube","from":[7.9900827,7.471503,7.1935997],"to":[11.215682,9.084305,8.8064],"rotation":{"angle":0.0,"axis":"x","origin":[-13.316392,3.80558,8.274532]},"faces":{"down":{"uv":[3.9375,0.6875,4.1875,0.5625],"rotation":0,"texture":"#0","tintindex":0},"east":{"uv":[3.9375,0.6875,4.0625,0.5625],"rotation":0,"texture":"#0","tintindex":0},"north":{"uv":[3.9375,0.6875,4.1875,0.5625],"rotation":0,"texture":"#0","tintindex":0},"south":{"uv":[3.9375,0.6875,4.1875,0.5625],"rotation":0,"texture":"#0","tintindex":0},"up":{"uv":[3.9375,0.6875,4.1875,0.5625],"rotation":0,"texture":"#0","tintindex":0},"west":{"uv":[3.9375,0.6875,4.0625,0.5625],"rotation":0,"texture":"#0","tintindex":0}}}],"display":{"head":{"translation":[0.0,-6.4,0.0],"rotation":[0.0,0.0,0.0],"scale":[3.8095,3.8095,3.8095]}}}