{"textures":{"0":"modelengine:entity/ent_king"},"elements":[{"name":"cube","from":[8.095289,6.065381,6.855029],"to":[16.96569,9.290981,10.080629],"rotation":{"angle":0.0,"axis":"x","origin":[3.723217,6.4314566,8.742361]},"faces":{"down":{"uv":[2.0,3.1875,2.25,2.5],"rotation":90,"texture":"#0","tintindex":0},"east":{"uv":[2.0,2.75,2.25,2.5],"rotation":90,"texture":"#0","tintindex":0},"north":{"uv":[2.0,3.1875,2.25,2.5],"rotation":90,"texture":"#0","tintindex":0},"south":{"uv":[2.0,3.1875,2.25,2.5],"rotation":90,"texture":"#0","tintindex":0},"up":{"uv":[2.0,3.1875,2.25,2.5],"rotation":90,"texture":"#0","tintindex":0},"west":{"uv":[2.0,2.75,2.25,2.5],"rotation":90,"texture":"#0","tintindex":0}}},{"name":"cube","from":[8.249572,9.203508,5.2422295],"to":[16.313572,10.816309,11.69343],"rotation":{"angle":0.0,"axis":"x","origin":[3.723217,6.4314566,8.742361]},"faces":{"down":{"uv":[0.0,4.3125,0.625,3.8125],"rotation":0,"texture":"#0","tintindex":0},"east":{"uv":[0.0,3.9375,0.5,3.8125],"rotation":0,"texture":"#0","tintindex":0},"north":{"uv":[0.0,3.9375,0.625,3.8125],"rotation":0,"texture":"#0","tintindex":0},"south":{"uv":[0.0,3.9375,0.625,3.8125],"rotation":0,"texture":"#0","tintindex":0},"up":{"uv":[0.0,4.3125,0.625,3.8125],"rotation":0,"texture":"#0","tintindex":0},"west":{"uv":[0.0,3.9375,0.5,3.8125],"rotation":0,"texture":"#0","tintindex":0}}},{"name":"cube","from":[9.055971,10.394182,6.142353],"to":[15.507172,12.006982,9.367954],"rotation":{"angle":-45.0,"axis":"x","origin":[3.723217,6.4314566,8.742361]},"faces":{"down":{"uv":[0.0,4.0625,0.5,3.8125],"rotation":0,"texture":"#0","tintindex":0},"east":{"uv":[0.0,3.9375,0.25,3.8125],"rotation":0,"texture":"#0","tintindex":0},"north":{"uv":[0.0,3.9375,0.5,3.8125],"rotation":0,"texture":"#0","tintindex":0},"south":{"uv":[0.0,3.9375,0.5,3.8125],"rotation":0,"texture":"#0","tintindex":0},"up":{"uv":[0.0,4.0625,0.5,3.8125],"rotation":0,"texture":"#0","tintindex":0},"west":{"uv":[0.0,3.9375,0.25,3.8125],"rotation":0,"texture":"#0","tintindex":0}}},{"name":"cube","from":[9.055971,10.005934,7.7285223],"to":[15.507172,11.618734,10.954123],"rotation":{"angle":45.0,"axis":"x","origin":[3.723217,6.4314566,8.742361]},"faces":{"down":{"uv":[0.0,4.0625,0.5,3.8125],"rotation":0,"texture":"#0","tintindex":0},"east":{"uv":[0.0,3.9375,0.25,3.8125],"rotation":0,"texture":"#0","tintindex":0},"north":{"uv":[0.0,3.9375,0.5,3.8125],"rotation":0,"texture":"#0","tintindex":0},"south":{"uv":[0.0,3.9375,0.5,3.8125],"rotation":0,"texture":"#0","tintindex":0},"up":{"uv":[0.0,4.0625,0.5,3.8125],"rotation":0,"texture":"#0","tintindex":0},"west":{"uv":[0.0,3.9375,0.25,3.8125],"rotation":0,"texture":"#0","tintindex":0}}},{"name":"cube","from":[13.087972,10.816309,6.855029],"to":[15.507172,11.622707,10.080629],"rotation":{"angle":0.0,"axis":"x","origin":[3.723217,6.4314566,8.742361]},"faces":{"down":{"uv":[5.6875,6.0625,5.875,5.8125],"rotation":0,"texture":"#0","tintindex":0},"east":{"uv":[5.6875,5.875,5.9375,5.8125],"rotation":0,"texture":"#0","tintindex":0},"north":{"uv":[5.6875,5.875,5.875,5.8125],"rotation":0,"texture":"#0","tintindex":0},"south":{"uv":[5.6875,5.875,5.875,5.8125],"rotation":0,"texture":"#0","tintindex":0},"up":{"uv":[5.6875,6.0625,5.875,5.8125],"rotation":0,"texture":"#0","tintindex":0},"west":{"uv":[5.6875,5.875,5.9375,5.8125],"rotation":0,"texture":"#0","tintindex":0}}},{"name":"cube","from":[9.055971,10.816309,6.0486293],"to":[13.087972,11.622707,10.88703],"rotation":{"angle":0.0,"axis":"x","origin":[3.723217,6.4314566,8.742361]},"faces":{"down":{"uv":[5.6875,6.1875,6.0,5.8125],"rotation":0,"texture":"#0","tintindex":0},"east":{"uv":[5.6875,5.875,6.0625,5.8125],"rotation":0,"texture":"#0","tintindex":0},"north":{"uv":[5.6875,5.875,6.0,5.8125],"rotation":0,"texture":"#0","tintindex":0},"south":{"uv":[5.6875,5.875,6.0,5.8125],"rotation":0,"texture":"#0","tintindex":0},"up":{"uv":[8.34375,6.40625,8.65625,6.03125],"rotation":0,"texture":"#0","tintindex":0},"west":{"uv":[5.6875,5.875,6.0625,5.8125],"rotation":0,"texture":"#0","tintindex":0}}}],"display":{"head":{"translation":[0.0,-6.4,0.0],"rotation":[0.0,0.0,0.0],"scale":[3.8095,3.8095,3.8095]}}}