{"textures":{"0":"modelengine:entity/ent_king"},"elements":[{"name":"cube","from":[7.130495,7.193601,15.478367],"to":[10.356094,8.806401,17.091167],"rotation":{"angle":22.5,"axis":"y","origin":[-12.761721,7.8375807,11.050919]},"faces":{"down":{"uv":[3.9375,0.6875,4.1875,0.5625],"rotation":0,"texture":"#0","tintindex":0},"east":{"uv":[3.9375,0.6875,4.0625,0.5625],"rotation":0,"texture":"#0","tintindex":0},"north":{"uv":[3.9375,0.6875,4.1875,0.5625],"rotation":0,"texture":"#0","tintindex":0},"south":{"uv":[3.9375,0.6875,4.1875,0.5625],"rotation":0,"texture":"#0","tintindex":0},"up":{"uv":[3.9375,0.6875,4.1875,0.5625],"rotation":0,"texture":"#0","tintindex":0},"west":{"uv":[3.9375,0.6875,4.0625,0.5625],"rotation":0,"texture":"#0","tintindex":0}}}],"display":{"head":{"translation":[0.0,-6.4,0.0],"rotation":[0.0,0.0,0.0],"scale":[3.8095,3.8095,3.8095]}}}