{"textures":{"0":"modelengine:entity/ent_king"},"elements":[{"name":"cube","from":[4.1310887,16.135605,4.8044],"to":[7.3566885,17.748407,6.3571997],"rotation":{"angle":-22.5,"axis":"z","origin":[-16.513512,3.4834838,8.289532]},"faces":{"down":{"uv":[3.9375,0.6875,4.1875,0.5625],"rotation":0,"texture":"#0","tintindex":0},"east":{"uv":[3.9375,0.6875,4.0625,0.5625],"rotation":0,"texture":"#0","tintindex":0},"north":{"uv":[3.9375,0.6875,4.1875,0.5625],"rotation":0,"texture":"#0","tintindex":0},"south":{"uv":[3.9375,0.6875,4.1875,0.5625],"rotation":0,"texture":"#0","tintindex":0},"up":{"uv":[3.9375,0.6875,4.1875,0.5625],"rotation":0,"texture":"#0","tintindex":0},"west":{"uv":[3.9375,0.6875,4.0625,0.5625],"rotation":0,"texture":"#0","tintindex":0}}},{"name":"cube","from":[4.1310887,16.135605,9.642799],"to":[7.3566885,17.748407,11.1956005],"rotation":{"angle":-22.5,"axis":"z","origin":[-16.513512,3.4834838,8.289532]},"faces":{"down":{"uv":[3.9375,0.6875,4.1875,0.5625],"rotation":0,"texture":"#0","tintindex":0},"east":{"uv":[3.9375,0.6875,4.0625,0.5625],"rotation":0,"texture":"#0","tintindex":0},"north":{"uv":[3.9375,0.6875,4.1875,0.5625],"rotation":0,"texture":"#0","tintindex":0},"south":{"uv":[3.9375,0.6875,4.1875,0.5625],"rotation":0,"texture":"#0","tintindex":0},"up":{"uv":[3.9375,0.6875,4.1875,0.5625],"rotation":0,"texture":"#0","tintindex":0},"west":{"uv":[3.9375,0.6875,4.0625,0.5625],"rotation":0,"texture":"#0","tintindex":0}}},{"name":"cube","from":[4.1310887,16.135605,7.2236],"to":[7.3566885,17.748407,8.7764],"rotation":{"angle":-22.5,"axis":"z","origin":[-16.513512,3.4834838,8.289532]},"faces":{"down":{"uv":[3.9375,0.6875,4.1875,0.5625],"rotation":0,"texture":"#0","tintindex":0},"east":{"uv":[3.9375,0.6875,4.0625,0.5625],"rotation":0,"texture":"#0","tintindex":0},"north":{"uv":[3.9375,0.6875,4.1875,0.5625],"rotation":0,"texture":"#0","tintindex":0},"south":{"uv":[3.9375,0.6875,4.1875,0.5625],"rotation":0,"texture":"#0","tintindex":0},"up":{"uv":[3.9375,0.6875,4.1875,0.5625],"rotation":0,"texture":"#0","tintindex":0},"west":{"uv":[3.9375,0.6875,4.0625,0.5625],"rotation":0,"texture":"#0","tintindex":0}}}],"display":{"head":{"translation":[0.0,-6.4,0.0],"rotation":[0.0,0.0,0.0],"scale":[3.8095,3.8095,3.8095]}}}