{"textures":{"0":"modelengine:entity/ent_king"},"elements":[{"name":"cube","from":[7.8872004,7.2161,7.0436],"to":[11.112801,8.783899,8.6564],"rotation":{"angle":0.0,"axis":"x","origin":[-15.132491,7.8450813,11.757668]},"faces":{"down":{"uv":[3.9375,0.6875,4.1875,0.5625],"rotation":0,"texture":"#0","tintindex":0},"east":{"uv":[3.9375,0.6875,4.0625,0.5625],"rotation":0,"texture":"#0","tintindex":0},"north":{"uv":[3.9375,0.6875,4.1875,0.5625],"rotation":0,"texture":"#0","tintindex":0},"south":{"uv":[3.9375,0.6875,4.1875,0.5625],"rotation":0,"texture":"#0","tintindex":0},"up":{"uv":[3.9375,0.6875,4.1875,0.5625],"rotation":0,"texture":"#0","tintindex":0},"west":{"uv":[3.9375,0.6875,4.0625,0.5625],"rotation":0,"texture":"#0","tintindex":0}}}],"display":{"head":{"translation":[0.0,-6.4,0.0],"rotation":[0.0,0.0,0.0],"scale":[3.8095,3.8095,3.8095]}}}