{"textures":{"0":"modelengine:entity/ent_king"},"elements":[{"name":"cube","from":[4.473551,7.319968,4.3178964],"to":[11.731152,13.771169,11.575498],"rotation":{"angle":0.0,"axis":"x","origin":[8.042591,18.969738,7.8180285]},"faces":{"down":{"uv":[2.0,2.5,2.5625,3.0625],"rotation":0,"texture":"#0","tintindex":0},"east":{"uv":[2.0,2.5,2.5625,3.0],"rotation":0,"texture":"#0","tintindex":0},"north":{"uv":[2.0,2.5,2.5625,3.0],"rotation":0,"texture":"#0","tintindex":0},"south":{"uv":[2.0,2.5,2.5625,3.0],"rotation":0,"texture":"#0","tintindex":0},"up":{"uv":[2.0,2.5,2.5625,3.0625],"rotation":0,"texture":"#0","tintindex":0},"west":{"uv":[2.0,2.5,2.5625,3.0],"rotation":0,"texture":"#0","tintindex":0}}},{"name":"cube","from":[2.0543506,6.513568,5.5274963],"to":[14.150351,18.60957,10.365896],"rotation":{"angle":0.0,"axis":"x","origin":[8.042591,18.969738,7.8180285]},"faces":{"down":{"uv":[0.0,1.75,0.9375,2.125],"rotation":0,"texture":"#0","tintindex":0},"east":{"uv":[0.0,1.75,0.375,2.6875],"rotation":0,"texture":"#0","tintindex":0},"north":{"uv":[0.0,1.75,0.9375,2.6875],"rotation":0,"texture":"#0","tintindex":0},"south":{"uv":[0.0,1.75,0.9375,2.6875],"rotation":0,"texture":"#0","tintindex":0},"up":{"uv":[0.0,1.75,0.9375,2.125],"rotation":0,"texture":"#0","tintindex":0},"west":{"uv":[0.0,1.75,0.375,2.6875],"rotation":0,"texture":"#0","tintindex":0}}},{"name":"cube","from":[4.473551,3.2879672,5.5274963],"to":[11.731152,6.513568,10.365896],"rotation":{"angle":0.0,"axis":"x","origin":[8.042591,18.969738,7.8180285]},"faces":{"down":{"uv":[0.0,1.75,0.5625,2.125],"rotation":0,"texture":"#0","tintindex":0},"east":{"uv":[0.0,1.75,0.375,2.0],"rotation":0,"texture":"#0","tintindex":0},"north":{"uv":[0.0,1.75,0.5625,2.0],"rotation":0,"texture":"#0","tintindex":0},"south":{"uv":[0.0,1.75,0.5625,2.0],"rotation":0,"texture":"#0","tintindex":0},"up":{"uv":[0.0,1.75,0.5625,2.125],"rotation":0,"texture":"#0","tintindex":0},"west":{"uv":[0.0,1.75,0.375,2.0],"rotation":0,"texture":"#0","tintindex":0}}},{"name":"cube","from":[0.03835082,-3.1632338,7.5434966],"to":[16.166351,18.60957,7.5434966],"rotation":{"angle":0.0,"axis":"x","origin":[8.042591,18.969738,7.8180285]},"faces":{"down":{"uv":[8.9375,1.9375,7.6875,1.9375],"rotation":0,"texture":"#0","tintindex":0},"east":{"uv":[2.9375,7.5625,2.9375,9.25],"rotation":0,"texture":"#0","tintindex":0},"north":{"uv":[0.0,0.0,1.25,1.6875],"rotation":0,"texture":"#0","tintindex":0},"south":{"uv":[1.25,0.0,0.0,1.6875],"rotation":0,"texture":"#0","tintindex":0},"up":{"uv":[8.8125,5.75,7.5625,5.75],"rotation":0,"texture":"#0","tintindex":0},"west":{"uv":[7.6875,7.6875,7.6875,9.375],"rotation":0,"texture":"#0","tintindex":0}}},{"name":"cube","from":[5.683151,-0.7440326,5.5274963],"to":[10.521551,3.2879672,10.365896],"rotation":{"angle":0.0,"axis":"x","origin":[8.042591,18.969738,7.8180285]},"faces":{"down":{"uv":[0.0,1.75,0.375,2.125],"rotation":0,"texture":"#0","tintindex":0},"east":{"uv":[0.0,1.75,0.375,2.0625],"rotation":0,"texture":"#0","tintindex":0},"north":{"uv":[0.0,1.75,0.375,2.0625],"rotation":0,"texture":"#0","tintindex":0},"south":{"uv":[0.0,1.75,0.375,2.0625],"rotation":0,"texture":"#0","tintindex":0},"up":{"uv":[0.0,1.75,0.375,2.125],"rotation":0,"texture":"#0","tintindex":0},"west":{"uv":[0.0,1.75,0.375,2.0625],"rotation":0,"texture":"#0","tintindex":0}}}],"display":{"head":{"translation":[0.0,-6.4,0.0],"rotation":[0.0,0.0,0.0],"scale":[3.8095,3.8095,3.8095]}}}