{"textures":{"0":"modelengine:entity/ent_king"},"elements":[{"name":"cube","from":[6.3123198,1.1579583,9.243395],"to":[6.3123198,5.996359,12.872194],"rotation":{"angle":-22.5,"axis":"x","origin":[8.066959,13.098453,8.300423]},"faces":{"down":{"uv":[0.875,7.75,0.875,8.03125],"rotation":0,"texture":"#0","tintindex":0},"east":{"uv":[4.28125,6.125,4.0,6.5],"rotation":0,"texture":"#0","tintindex":0},"north":{"uv":[7.75,0.6875,7.75,1.0625],"rotation":0,"texture":"#0","tintindex":0},"south":{"uv":[0.75,7.75,0.75,8.125],"rotation":0,"texture":"#0","tintindex":0},"up":{"uv":[0.8125,8.03125,0.8125,7.75],"rotation":0,"texture":"#0","tintindex":0},"west":{"uv":[4.0,6.125,4.28125,6.5],"rotation":0,"texture":"#0","tintindex":0}}},{"name":"cube","from":[2.8851197,9.218016,7.6592054],"to":[13.36832,18.088413,14.110406],"rotation":{"angle":-22.5,"axis":"x","origin":[8.066959,13.098453,8.300423]},"faces":{"down":{"uv":[2.0,2.5,2.8125,3.0],"rotation":0,"texture":"#0","tintindex":0},"east":{"uv":[2.0,2.5,2.5,3.1875],"rotation":0,"texture":"#0","tintindex":0},"north":{"uv":[2.8125,2.5,2.0,3.1875],"rotation":0,"texture":"#0","tintindex":0},"south":{"uv":[2.0,2.5,2.8125,3.1875],"rotation":0,"texture":"#0","tintindex":0},"up":{"uv":[2.0,2.5,2.8125,3.0],"rotation":0,"texture":"#0","tintindex":0},"west":{"uv":[2.0,2.5,2.5,3.1875],"rotation":0,"texture":"#0","tintindex":0}}},{"name":"cube","from":[8.52992,13.664574,13.958968],"to":[10.142719,15.277374,19.603771],"rotation":{"angle":-45.0,"axis":"x","origin":[8.066959,13.098453,8.300423]},"faces":{"down":{"uv":[2.0,2.5,2.125,2.9375],"rotation":0,"texture":"#0","tintindex":0},"east":{"uv":[2.0,2.5,2.125,2.9375],"rotation":90,"texture":"#0","tintindex":0},"north":{"uv":[2.0,2.5,2.125,2.625],"rotation":90,"texture":"#0","tintindex":0},"south":{"uv":[2.0,2.5,2.125,2.625],"rotation":90,"texture":"#0","tintindex":0},"up":{"uv":[2.0,2.5,2.125,2.9375],"rotation":0,"texture":"#0","tintindex":0},"west":{"uv":[2.0,2.5,2.125,2.9375],"rotation":90,"texture":"#0","tintindex":0}}},{"name":"cube","from":[9.33632,19.023216,16.820154],"to":[9.33632,22.652016,21.658554],"rotation":{"angle":-22.5,"axis":"x","origin":[8.066959,13.098453,8.300423]},"faces":{"down":{"uv":[0.1875,7.75,0.1875,8.125],"rotation":0,"texture":"#0","tintindex":0},"east":{"uv":[6.4375,5.8125,6.0625,6.09375],"rotation":0,"texture":"#0","tintindex":0},"north":{"uv":[4.25,4.8125,4.25,5.09375],"rotation":0,"texture":"#0","tintindex":0},"south":{"uv":[4.75,5.25,4.75,5.53125],"rotation":0,"texture":"#0","tintindex":0},"up":{"uv":[2.3125,5.8125,2.3125,5.4375],"rotation":0,"texture":"#0","tintindex":0},"west":{"uv":[6.0625,5.8125,6.4375,6.09375],"rotation":0,"texture":"#0","tintindex":0}}},{"name":"cube","from":[3.2883198,16.323582,17.009361],"to":[4.49792,17.533184,21.041363],"rotation":{"angle":-22.5,"axis":"x","origin":[8.066959,13.098453,8.300423]},"faces":{"down":{"uv":[2.0,2.5,2.09375,2.8125],"rotation":0,"texture":"#0","tintindex":0},"east":{"uv":[2.0,2.5,2.09375,2.8125],"rotation":90,"texture":"#0","tintindex":0},"north":{"uv":[2.0,2.5,2.09375,2.59375],"rotation":90,"texture":"#0","tintindex":0},"south":{"uv":[2.0,2.5,2.09375,2.59375],"rotation":90,"texture":"#0","tintindex":0},"up":{"uv":[2.0,2.5,2.09375,2.8125],"rotation":0,"texture":"#0","tintindex":0},"west":{"uv":[2.0,2.5,2.09375,2.8125],"rotation":90,"texture":"#0","tintindex":0}}},{"name":"cube","from":[3.08672,12.524152,12.818546],"to":[4.6995196,14.136951,18.463348],"rotation":{"angle":-45.0,"axis":"x","origin":[8.066959,13.098453,8.300423]},"faces":{"down":{"uv":[2.0,2.5,2.125,2.9375],"rotation":0,"texture":"#0","tintindex":0},"east":{"uv":[2.0,2.5,2.125,2.9375],"rotation":90,"texture":"#0","tintindex":0},"north":{"uv":[2.0,2.5,2.125,2.625],"rotation":90,"texture":"#0","tintindex":0},"south":{"uv":[2.0,2.5,2.125,2.625],"rotation":90,"texture":"#0","tintindex":0},"up":{"uv":[2.0,2.5,2.125,2.9375],"rotation":0,"texture":"#0","tintindex":0},"west":{"uv":[2.0,2.5,2.125,2.9375],"rotation":90,"texture":"#0","tintindex":0}}},{"name":"cube","from":[7.92512,11.981308,16.956415],"to":[9.13472,13.1909075,20.988415],"rotation":{"angle":-22.5,"axis":"x","origin":[8.066959,13.098453,8.300423]},"faces":{"down":{"uv":[2.0,2.5,2.09375,2.8125],"rotation":0,"texture":"#0","tintindex":0},"east":{"uv":[2.0,2.5,2.09375,2.8125],"rotation":90,"texture":"#0","tintindex":0},"north":{"uv":[2.0,2.5,2.09375,2.59375],"rotation":90,"texture":"#0","tintindex":0},"south":{"uv":[2.0,2.5,2.09375,2.59375],"rotation":90,"texture":"#0","tintindex":0},"up":{"uv":[2.0,2.5,2.09375,2.8125],"rotation":0,"texture":"#0","tintindex":0},"west":{"uv":[2.0,2.5,2.09375,2.8125],"rotation":90,"texture":"#0","tintindex":0}}},{"name":"cube","from":[7.72352,8.532677,11.107914],"to":[9.33632,10.145477,16.752714],"rotation":{"angle":-45.0,"axis":"x","origin":[8.066959,13.098453,8.300423]},"faces":{"down":{"uv":[2.0,2.5,2.125,2.9375],"rotation":0,"texture":"#0","tintindex":0},"east":{"uv":[2.0,2.5,2.125,2.9375],"rotation":90,"texture":"#0","tintindex":0},"north":{"uv":[2.0,2.5,2.125,2.625],"rotation":90,"texture":"#0","tintindex":0},"south":{"uv":[2.0,2.5,2.125,2.625],"rotation":90,"texture":"#0","tintindex":0},"up":{"uv":[2.0,2.5,2.125,2.9375],"rotation":0,"texture":"#0","tintindex":0},"west":{"uv":[2.0,2.5,2.125,2.9375],"rotation":90,"texture":"#0","tintindex":0}}},{"name":"cube","from":[4.9011197,12.653545,13.656381],"to":[7.32032,15.072746,17.688381],"rotation":{"angle":-22.5,"axis":"x","origin":[8.066959,13.098453,8.300423]},"faces":{"down":{"uv":[2.0,2.5,2.1875,2.8125],"rotation":0,"texture":"#0","tintindex":0},"east":{"uv":[2.0,2.5,2.1875,2.8125],"rotation":90,"texture":"#0","tintindex":0},"north":{"uv":[2.0,2.5,2.1875,2.6875],"rotation":90,"texture":"#0","tintindex":0},"south":{"uv":[2.0,2.5,2.1875,2.6875],"rotation":90,"texture":"#0","tintindex":0},"up":{"uv":[2.0,2.5,2.1875,2.8125],"rotation":0,"texture":"#0","tintindex":0},"west":{"uv":[2.0,2.5,2.1875,2.8125],"rotation":90,"texture":"#0","tintindex":0}}},{"name":"cube","from":[5.30432,16.222862,16.028189],"to":[6.91712,17.835663,20.060188],"rotation":{"angle":0.0,"axis":"x","origin":[8.066959,13.098453,8.300423]},"faces":{"down":{"uv":[2.0,2.5,2.125,2.8125],"rotation":0,"texture":"#0","tintindex":0},"east":{"uv":[2.0,2.5,2.125,2.8125],"rotation":90,"texture":"#0","tintindex":0},"north":{"uv":[2.0,2.5,2.125,2.625],"rotation":90,"texture":"#0","tintindex":0},"south":{"uv":[2.0,2.5,2.125,2.625],"rotation":90,"texture":"#0","tintindex":0},"up":{"uv":[2.0,2.5,2.125,2.8125],"rotation":0,"texture":"#0","tintindex":0},"west":{"uv":[2.0,2.5,2.125,2.8125],"rotation":90,"texture":"#0","tintindex":0}}},{"name":"cube","from":[10.54592,8.630507,12.818546],"to":[12.96512,11.049709,16.850548],"rotation":{"angle":-45.0,"axis":"x","origin":[8.066959,13.098453,8.300423]},"faces":{"down":{"uv":[2.0,2.5,2.1875,2.8125],"rotation":0,"texture":"#0","tintindex":0},"east":{"uv":[2.0,2.5,2.1875,2.8125],"rotation":90,"texture":"#0","tintindex":0},"north":{"uv":[2.0,2.5,2.1875,2.6875],"rotation":90,"texture":"#0","tintindex":0},"south":{"uv":[2.0,2.5,2.1875,2.6875],"rotation":90,"texture":"#0","tintindex":0},"up":{"uv":[2.0,2.5,2.1875,2.8125],"rotation":0,"texture":"#0","tintindex":0},"west":{"uv":[2.0,2.5,2.1875,2.8125],"rotation":90,"texture":"#0","tintindex":0}}},{"name":"cube","from":[10.94912,19.097881,13.408041],"to":[12.56192,23.129883,15.020841],"rotation":{"angle":22.5,"axis":"x","origin":[8.066959,13.098453,8.300423]},"faces":{"down":{"uv":[2.0,2.5,2.125,2.625],"rotation":90,"texture":"#0","tintindex":0},"east":{"uv":[2.0,2.5,2.3125,2.625],"rotation":90,"texture":"#0","tintindex":0},"north":{"uv":[2.0,2.5,2.125,2.8125],"rotation":0,"texture":"#0","tintindex":0},"south":{"uv":[2.0,2.5,2.125,2.8125],"rotation":0,"texture":"#0","tintindex":0},"up":{"uv":[2.0,2.5,2.125,2.625],"rotation":90,"texture":"#0","tintindex":0},"west":{"uv":[2.0,2.5,2.3125,2.625],"rotation":90,"texture":"#0","tintindex":0}}},{"name":"cube",