{"textures":{"0":"modelengine:entity/skeletal_minion"},"elements":[{"name":"cube","from":[8.295876,6.9521427,5.1112733],"to":[9.495874,8.1521435,6.911274],"rotation":{"angle":-22.5,"axis":"y","origin":[8.002147,9.845222,6.557385]},"faces":{"down":{"uv":[0.25,9.625,0.0,10.0],"rotation":0,"texture":"#0","tintindex":0},"east":{"uv":[9.5,5.625,9.875,5.875],"rotation":0,"texture":"#0","tintindex":0},"north":{"uv":[8.875,9.875,9.125,10.125],"rotation":0,"texture":"#0","tintindex":0},"south":{"uv":[9.25,9.875,9.5,10.125],"rotation":0,"texture":"#0","tintindex":0},"up":{"uv":[9.75,6.75,9.5,6.375],"rotation":0,"texture":"#0","tintindex":0},"west":{"uv":[9.5,6.0,9.875,6.25],"rotation":0,"texture":"#0","tintindex":0}}},{"name":"cube","from":[8.895875,6.9521427,3.3112736],"to":[8.895875,8.1521435,5.1112733],"rotation":{"angle":-22.5,"axis":"y","origin":[8.002147,9.845222,6.557385]},"faces":{"down":{"uv":[5.625,10.375,5.625,10.75],"rotation":0,"texture":"#0","tintindex":0},"east":{"uv":[4.25,9.5,3.875,9.75],"rotation":0,"texture":"#0","tintindex":0},"north":{"uv":[8.625,9.375,8.625,9.625],"rotation":0,"texture":"#0","tintindex":0},"south":{"uv":[8.75,9.375,8.75,9.625],"rotation":0,"texture":"#0","tintindex":0},"up":{"uv":[3.75,10.75,3.75,10.375],"rotation":0,"texture":"#0","tintindex":0},"west":{"uv":[3.875,9.5,4.25,9.75],"rotation":0,"texture":"#0","tintindex":0}}},{"name":"cube","from":[7.092697,6.9521427,3.3492308],"to":[7.092697,8.1521435,5.149231],"rotation":{"angle":22.5,"axis":"y","origin":[8.002147,9.845222,6.557385]},"faces":{"down":{"uv":[3.625,10.375,3.625,10.75],"rotation":0,"texture":"#0","tintindex":0},"east":{"uv":[9.875,3.25,9.5,3.5],"rotation":0,"texture":"#0","tintindex":0},"north":{"uv":[7.75,1.625,7.75,1.875],"rotation":0,"texture":"#0","tintindex":0},"south":{"uv":[7.125,9.375,7.125,9.625],"rotation":0,"texture":"#0","tintindex":0},"up":{"uv":[10.375,3.625,10.375,3.25],"rotation":0,"texture":"#0","tintindex":0},"west":{"uv":[9.5,3.25,9.875,3.5],"rotation":0,"texture":"#0","tintindex":0}}},{"name":"cube","from":[6.4926972,6.9521427,5.149231],"to":[7.692697,8.1521435,6.949231],"rotation":{"angle":22.5,"axis":"y","origin":[8.002147,9.845222,6.557385]},"faces":{"down":{"uv":[9.75,0.5,9.5,0.875],"rotation":0,"texture":"#0","tintindex":0},"east":{"uv":[6.625,9.375,7.0,9.625],"rotation":0,"texture":"#0","tintindex":0},"north":{"uv":[9.875,7.625,10.125,7.875],"rotation":0,"texture":"#0","tintindex":0},"south":{"uv":[9.875,8.0,10.125,8.25],"rotation":0,"texture":"#0","tintindex":0},"up":{"uv":[3.125,9.75,2.875,9.375],"rotation":0,"texture":"#0","tintindex":0},"west":{"uv":[8.125,9.375,8.5,9.625],"rotation":0,"texture":"#0","tintindex":0}}},{"name":"cube","from":[7.997137,6.937143,3.4714541],"to":[7.997137,8.137142,5.271455],"rotation":{"angle":0.0,"axis":"x","origin":[8.002147,9.845222,6.557385]},"faces":{"down":{"uv":[2.75,10.375,2.75,10.75],"rotation":0,"texture":"#0","tintindex":0},"east":{"uv":[5.75,9.375,5.375,9.625],"rotation":0,"texture":"#0","tintindex":0},"north":{"uv":[7.375,4.875,7.375,5.125],"rotation":0,"texture":"#0","tintindex":0},"south":{"uv":[7.5,5.375,7.5,5.625],"rotation":0,"texture":"#0","tintindex":0},"up":{"uv":[2.625,10.75,2.625,10.375],"rotation":0,"texture":"#0","tintindex":0},"west":{"uv":[5.375,9.375,5.75,9.625],"rotation":0,"texture":"#0","tintindex":0}}},{"name":"cube","from":[7.397137,6.937143,5.271455],"to":[8.5971365,8.137142,6.4714546],"rotation":{"angle":0.0,"axis":"x","origin":[8.002147,9.845222,6.557385]},"faces":{"down":{"uv":[7.875,9.875,7.625,10.125],"rotation":0,"texture":"#0","tintindex":0},"east":{"uv":[9.875,4.0,10.125,4.25],"rotation":0,"texture":"#0","tintindex":0},"north":{"uv":[3.875,9.875,4.125,10.125],"rotation":0,"texture":"#0","tintindex":0},"south":{"uv":[9.875,5.25,10.125,5.5],"rotation":0,"texture":"#0","tintindex":0},"up":{"uv":[7.5,10.125,7.25,9.875],"rotation":0,"texture":"#0","tintindex":0},"west":{"uv":[9.875,6.375,10.125,6.625],"rotation":0,"texture":"#0","tintindex":0}}},{"name":"cube","from":[6.7971373,6.9671426,6.4714546],"to":[9.197137,8.167143,8.871454],"rotation":{"angle":0.0,"axis":"x","origin":[8.002147,9.845222,6.557385]},"faces":{"down":{"uv":[6.75,5.875,6.25,6.375],"rotation":0,"texture":"#0","tintindex":0},"east":{"uv":[8.875,6.125,9.375,6.375],"rotation":0,"texture":"#0","tintindex":0},"north":{"uv":[8.875,5.75,9.375,6.0],"rotation":0,"texture":"#0","tintindex":0},"south":{"uv":[8.875,6.5,9.375,6.75],"rotation":0,"texture":"#0","tintindex":0},"up":{"uv":[6.625,3.375,6.125,2.875],"rotation":0,"texture":"#0","tintindex":0},"west":{"uv":[8.875,6.875,9.375,7.125],"rotation":0,"texture":"#0","tintindex":0}}}],"display":{"head":{"translation":[0.0,-6.4,0.0],"rotation":[0.0,0.0,0.0],"scale":[3.8095,3.8095,3.8095]}}}