{"textures":{"0":"modelengine:entity/skeletal_minion"},"elements":[{"name":"cube","from":[6.7971373,6.9671426,6.7714543],"to":[9.197137,8.167143,9.171455],"rotation":{"angle":0.0,"axis":"x","origin":[7.997137,6.6521425,7.3714542]},"faces":{"down":{"uv":[6.75,5.875,6.25,6.375],"rotation":0,"texture":"#0","tintindex":0},"east":{"uv":[8.875,6.125,9.375,6.375],"rotation":0,"texture":"#0","tintindex":0},"north":{"uv":[8.875,5.75,9.375,6.0],"rotation":0,"texture":"#0","tintindex":0},"south":{"uv":[8.875,6.5,9.375,6.75],"rotation":0,"texture":"#0","tintindex":0},"up":{"uv":[6.625,3.375,6.125,2.875],"rotation":0,"texture":"#0","tintindex":0},"west":{"uv":[8.875,6.875,9.375,7.125],"rotation":0,"texture":"#0","tintindex":0}}},{"name":"cube","from":[7.397137,6.937143,5.571454],"to":[8.5971365,8.137142,6.7714543],"rotation":{"angle":0.0,"axis":"x","origin":[7.997137,6.6521425,7.3714542]},"faces":{"down":{"uv":[7.875,9.875,7.625,10.125],"rotation":0,"texture":"#0","tintindex":0},"east":{"uv":[9.875,4.0,10.125,4.25],"rotation":0,"texture":"#0","tintindex":0},"north":{"uv":[3.875,9.875,4.125,10.125],"rotation":0,"texture":"#0","tintindex":0},"south":{"uv":[9.875,5.25,10.125,5.5],"rotation":0,"texture":"#0","tintindex":0},"up":{"uv":[7.5,10.125,7.25,9.875],"rotation":0,"texture":"#0","tintindex":0},"west":{"uv":[9.875,6.375,10.125,6.625],"rotation":0,"texture":"#0","tintindex":0}}},{"name":"cube","from":[7.997137,6.937143,3.7714543],"to":[7.997137,8.137142,5.571454],"rotation":{"angle":0.0,"axis":"x","origin":[7.997137,6.6521425,7.3714542]},"faces":{"down":{"uv":[2.75,10.375,2.75,10.75],"rotation":0,"texture":"#0","tintindex":0},"east":{"uv":[5.75,9.375,5.375,9.625],"rotation":0,"texture":"#0","tintindex":0},"north":{"uv":[7.375,4.875,7.375,5.125],"rotation":0,"texture":"#0","tintindex":0},"south":{"uv":[7.5,5.375,7.5,5.625],"rotation":0,"texture":"#0","tintindex":0},"up":{"uv":[2.625,10.75,2.625,10.375],"rotation":0,"texture":"#0","tintindex":0},"west":{"uv":[5.375,9.375,5.75,9.625],"rotation":0,"texture":"#0","tintindex":0}}},{"name":"cube","from":[5.8971367,6.9521427,5.571454],"to":[7.097137,8.1521435,7.3714542],"rotation":{"angle":22.5,"axis":"y","origin":[7.397137,7.552143,5.4214544]},"faces":{"down":{"uv":[9.75,0.5,9.5,0.875],"rotation":0,"texture":"#0","tintindex":0},"east":{"uv":[6.625,9.375,7.0,9.625],"rotation":0,"texture":"#0","tintindex":0},"north":{"uv":[9.875,7.625,10.125,7.875],"rotation":0,"texture":"#0","tintindex":0},"south":{"uv":[9.875,8.0,10.125,8.25],"rotation":0,"texture":"#0","tintindex":0},"up":{"uv":[3.125,9.75,2.875,9.375],"rotation":0,"texture":"#0","tintindex":0},"west":{"uv":[8.125,9.375,8.5,9.625],"rotation":0,"texture":"#0","tintindex":0}}},{"name":"cube","from":[6.497137,6.9521427,3.7714543],"to":[6.497137,8.1521435,5.571454],"rotation":{"angle":22.5,"axis":"y","origin":[7.397137,7.552143,5.4214544]},"faces":{"down":{"uv":[3.625,10.375,3.625,10.75],"rotation":0,"texture":"#0","tintindex":0},"east":{"uv":[9.875,3.25,9.5,3.5],"rotation":0,"texture":"#0","tintindex":0},"north":{"uv":[7.75,1.625,7.75,1.875],"rotation":0,"texture":"#0","tintindex":0},"south":{"uv":[7.125,9.375,7.125,9.625],"rotation":0,"texture":"#0","tintindex":0},"up":{"uv":[10.375,3.625,10.375,3.25],"rotation":0,"texture":"#0","tintindex":0},"west":{"uv":[9.5,3.25,9.875,3.5],"rotation":0,"texture":"#0","tintindex":0}}},{"name":"cube","from":[9.969812,6.9521427,7.1044517],"to":[9.969812,8.1521435,8.904451],"rotation":{"angle":-22.5,"axis":"y","origin":[17.319813,7.552143,5.9044514]},"faces":{"down":{"uv":[5.625,10.375,5.625,10.75],"rotation":0,"texture":"#0","tintindex":0},"east":{"uv":[4.25,9.5,3.875,9.75],"rotation":0,"texture":"#0","tintindex":0},"north":{"uv":[8.625,9.375,8.625,9.625],"rotation":0,"texture":"#0","tintindex":0},"south":{"uv":[8.75,9.375,8.75,9.625],"rotation":0,"texture":"#0","tintindex":0},"up":{"uv":[3.75,10.75,3.75,10.375],"rotation":0,"texture":"#0","tintindex":0},"west":{"uv":[3.875,9.5,4.25,9.75],"rotation":0,"texture":"#0","tintindex":0}}},{"name":"cube","from":[9.369812,6.9521427,8.904451],"to":[10.569813,8.1521435,10.7044525],"rotation":{"angle":-22.5,"axis":"y","origin":[17.319813,7.552143,5.9044514]},"faces":{"down":{"uv":[0.25,9.625,0.0,10.0],"rotation":0,"texture":"#0","tintindex":0},"east":{"uv":[9.5,5.625,9.875,5.875],"rotation":0,"texture":"#0","tintindex":0},"north":{"uv":[8.875,9.875,9.125,10.125],"rotation":0,"texture":"#0","tintindex":0},"south":{"uv":[9.25,9.875,9.5,10.125],"rotation":0,"texture":"#0","tintindex":0},"up":{"uv":[9.75,6.75,9.5,6.375],"rotation":0,"texture":"#0","tintindex":0},"west":{"uv":[9.5,6.0,9.875,6.25],"rotation":0,"texture":"#0","tintindex":0}}}],"display":{"head":{"translation":[0.0,-6.4,0.0],"rotation":[0.0,0.0,0.0],"scale":[3.8095,3.8095,3.8095]}}}