{"textures":{"0":"modelengine:entity/skeletal_minion"},"elements":[{"name":"cube","from":[6.5041246,6.9521427,5.1112733],"to":[7.704125,8.1521435,6.911274],"rotation":{"angle":22.5,"axis":"y","origin":[7.997853,9.845222,6.557385]},"faces":{"down":{"uv":[0.0,9.625,0.25,10.0],"rotation":0,"texture":"#0","tintindex":0},"east":{"uv":[9.875,6.0,9.5,6.25],"rotation":0,"texture":"#0","tintindex":0},"north":{"uv":[9.125,9.875,8.875,10.125],"rotation":0,"texture":"#0","tintindex":0},"south":{"uv":[9.5,9.875,9.25,10.125],"rotation":0,"texture":"#0","tintindex":0},"up":{"uv":[9.5,6.75,9.75,6.375],"rotation":0,"texture":"#0","tintindex":0},"west":{"uv":[9.875,5.625,9.5,5.875],"rotation":0,"texture":"#0","tintindex":0}}},{"name":"cube","from":[7.104125,6.9521427,3.3112736],"to":[7.104125,8.1521435,5.1112733],"rotation":{"angle":22.5,"axis":"y","origin":[7.997853,9.845222,6.557385]},"faces":{"down":{"uv":[5.625,10.375,5.625,10.75],"rotation":0,"texture":"#0","tintindex":0},"east":{"uv":[4.25,9.5,3.875,9.75],"rotation":0,"texture":"#0","tintindex":0},"north":{"uv":[8.625,9.375,8.625,9.625],"rotation":0,"texture":"#0","tintindex":0},"south":{"uv":[8.75,9.375,8.75,9.625],"rotation":0,"texture":"#0","tintindex":0},"up":{"uv":[3.75,10.75,3.75,10.375],"rotation":0,"texture":"#0","tintindex":0},"west":{"uv":[3.875,9.5,4.25,9.75],"rotation":0,"texture":"#0","tintindex":0}}},{"name":"cube","from":[8.907303,6.9521427,3.3492308],"to":[8.907303,8.1521435,5.149231],"rotation":{"angle":-22.5,"axis":"y","origin":[7.997853,9.845222,6.557385]},"faces":{"down":{"uv":[3.625,10.375,3.625,10.75],"rotation":0,"texture":"#0","tintindex":0},"east":{"uv":[9.875,3.25,9.5,3.5],"rotation":0,"texture":"#0","tintindex":0},"north":{"uv":[7.75,1.625,7.75,1.875],"rotation":0,"texture":"#0","tintindex":0},"south":{"uv":[7.125,9.375,7.125,9.625],"rotation":0,"texture":"#0","tintindex":0},"up":{"uv":[10.375,3.625,10.375,3.25],"rotation":0,"texture":"#0","tintindex":0},"west":{"uv":[9.5,3.25,9.875,3.5],"rotation":0,"texture":"#0","tintindex":0}}},{"name":"cube","from":[8.307302,6.9521427,5.149231],"to":[9.507303,8.1521435,6.949231],"rotation":{"angle":-22.5,"axis":"y","origin":[7.997853,9.845222,6.557385]},"faces":{"down":{"uv":[9.5,0.5,9.75,0.875],"rotation":0,"texture":"#0","tintindex":0},"east":{"uv":[8.5,9.375,8.125,9.625],"rotation":0,"texture":"#0","tintindex":0},"north":{"uv":[10.125,7.625,9.875,7.875],"rotation":0,"texture":"#0","tintindex":0},"south":{"uv":[10.125,8.0,9.875,8.25],"rotation":0,"texture":"#0","tintindex":0},"up":{"uv":[2.875,9.75,3.125,9.375],"rotation":0,"texture":"#0","tintindex":0},"west":{"uv":[7.0,9.375,6.625,9.625],"rotation":0,"texture":"#0","tintindex":0}}},{"name":"cube","from":[8.002863,6.937143,3.4714541],"to":[8.002863,8.137142,5.271455],"rotation":{"angle":0.0,"axis":"x","origin":[7.997853,9.845222,6.557385]},"faces":{"down":{"uv":[2.75,10.375,2.75,10.75],"rotation":0,"texture":"#0","tintindex":0},"east":{"uv":[5.75,9.375,5.375,9.625],"rotation":0,"texture":"#0","tintindex":0},"north":{"uv":[7.375,4.875,7.375,5.125],"rotation":0,"texture":"#0","tintindex":0},"south":{"uv":[7.5,5.375,7.5,5.625],"rotation":0,"texture":"#0","tintindex":0},"up":{"uv":[2.625,10.75,2.625,10.375],"rotation":0,"texture":"#0","tintindex":0},"west":{"uv":[5.375,9.375,5.75,9.625],"rotation":0,"texture":"#0","tintindex":0}}},{"name":"cube","from":[7.4028635,6.937143,5.271455],"to":[8.602863,8.137142,6.4714546],"rotation":{"angle":0.0,"axis":"x","origin":[7.997853,9.845222,6.557385]},"faces":{"down":{"uv":[7.625,9.875,7.875,10.125],"rotation":0,"texture":"#0","tintindex":0},"east":{"uv":[10.125,6.375,9.875,6.625],"rotation":0,"texture":"#0","tintindex":0},"north":{"uv":[4.125,9.875,3.875,10.125],"rotation":0,"texture":"#0","tintindex":0},"south":{"uv":[10.125,5.25,9.875,5.5],"rotation":0,"texture":"#0","tintindex":0},"up":{"uv":[7.25,10.125,7.5,9.875],"rotation":0,"texture":"#0","tintindex":0},"west":{"uv":[10.125,4.0,9.875,4.25],"rotation":0,"texture":"#0","tintindex":0}}},{"name":"cube","from":[6.802863,6.9671426,6.4714546],"to":[9.202864,8.167143,8.871454],"rotation":{"angle":0.0,"axis":"x","origin":[7.997853,9.845222,6.557385]},"faces":{"down":{"uv":[6.25,5.875,6.75,6.375],"rotation":0,"texture":"#0","tintindex":0},"east":{"uv":[9.375,6.875,8.875,7.125],"rotation":0,"texture":"#0","tintindex":0},"north":{"uv":[9.375,5.75,8.875,6.0],"rotation":0,"texture":"#0","tintindex":0},"south":{"uv":[9.375,6.5,8.875,6.75],"rotation":0,"texture":"#0","tintindex":0},"up":{"uv":[6.125,3.375,6.625,2.875],"rotation":0,"texture":"#0","tintindex":0},"west":{"uv":[9.375,6.125,8.875,6.375],"rotation":0,"texture":"#0","tintindex":0}}}],"display":{"head":{"translation":[0.0,-6.4,0.0],"rotation":[0.0,0.0,0.0],"scale":[3.8095,3.8095,3.8095]}}}