{"textures":{"0":"modelengine:entity/skeletal_minion"},"elements":[{"name":"cube","from":[9.413633,3.695447,2.1183505],"to":[10.613632,6.0954475,3.2733507],"rotation":{"angle":-22.5,"axis":"z","origin":[9.465105,5.919711,2.6883504]},"faces":{"down":{"uv":[4.125,10.25,3.875,10.5],"rotation":0,"texture":"#0","tintindex":0},"east":{"uv":[9.25,4.625,9.5,5.125],"rotation":0,"texture":"#0","tintindex":0},"north":{"uv":[3.25,9.25,3.5,9.75],"rotation":0,"texture":"#0","tintindex":0},"south":{"uv":[9.25,7.25,9.5,7.75],"rotation":0,"texture":"#0","tintindex":0},"up":{"uv":[3.5,10.5,3.25,10.25],"rotation":0,"texture":"#0","tintindex":0},"west":{"uv":[7.375,9.25,7.625,9.75],"rotation":0,"texture":"#0","tintindex":0}}},{"name":"cube","from":[9.2015,5.231843,2.0883503],"to":[10.401501,8.831842,3.2883506],"rotation":{"angle":22.5,"axis":"z","origin":[9.465105,5.919711,2.6883504]},"faces":{"down":{"uv":[3.125,10.25,2.875,10.5],"rotation":0,"texture":"#0","tintindex":0},"east":{"uv":[7.875,2.375,8.125,3.125],"rotation":0,"texture":"#0","tintindex":0},"north":{"uv":[7.875,1.5,8.125,2.25],"rotation":0,"texture":"#0","tintindex":0},"south":{"uv":[7.875,4.0,8.125,4.75],"rotation":0,"texture":"#0","tintindex":0},"up":{"uv":[2.5,10.5,2.25,10.25],"rotation":0,"texture":"#0","tintindex":0},"west":{"uv":[2.5,8.0,2.75,8.75],"rotation":0,"texture":"#0","tintindex":0}}},{"name":"cube","from":[8.954412,3.695447,4.3533506],"to":[10.154413,6.695447,5.5233507],"rotation":{"angle":-22.5,"axis":"z","origin":[9.005884,5.919711,4.9383507]},"faces":{"down":{"uv":[10.5,1.625,10.25,1.875],"rotation":0,"texture":"#0","tintindex":0},"east":{"uv":[7.0,8.625,7.25,9.25],"rotation":0,"texture":"#0","tintindex":0},"north":{"uv":[6.625,8.625,6.875,9.25],"rotation":0,"texture":"#0","tintindex":0},"south":{"uv":[8.125,8.625,8.375,9.25],"rotation":0,"texture":"#0","tintindex":0},"up":{"uv":[10.5,1.5,10.25,1.25],"rotation":0,"texture":"#0","tintindex":0},"west":{"uv":[8.5,8.625,8.75,9.25],"rotation":0,"texture":"#0","tintindex":0}}},{"name":"cube","from":[9.2015,5.831843,4.3383503],"to":[10.401501,8.831842,5.5383506],"rotation":{"angle":22.5,"axis":"z","origin":[9.465105,5.919711,4.9383507]},"faces":{"down":{"uv":[10.5,0.375,10.25,0.625],"rotation":0,"texture":"#0","tintindex":0},"east":{"uv":[8.625,2.25,8.875,2.875],"rotation":0,"texture":"#0","tintindex":0},"north":{"uv":[8.625,1.5,8.875,2.125],"rotation":0,"texture":"#0","tintindex":0},"south":{"uv":[2.875,8.625,3.125,9.25],"rotation":0,"texture":"#0","tintindex":0},"up":{"uv":[10.25,10.375,10.0,10.125],"rotation":0,"texture":"#0","tintindex":0},"west":{"uv":[8.625,4.0,8.875,4.625],"rotation":0,"texture":"#0","tintindex":0}}},{"name":"cube","from":[5.5984993,5.831843,4.3383503],"to":[6.798499,8.831842,5.5383506],"rotation":{"angle":-22.5,"axis":"z","origin":[6.534895,5.919711,4.9383507]},"faces":{"down":{"uv":[10.25,0.375,10.5,0.625],"rotation":0,"texture":"#0","tintindex":0},"east":{"uv":[8.875,4.0,8.625,4.625],"rotation":0,"texture":"#0","tintindex":0},"north":{"uv":[8.875,1.5,8.625,2.125],"rotation":0,"texture":"#0","tintindex":0},"south":{"uv":[3.125,8.625,2.875,9.25],"rotation":0,"texture":"#0","tintindex":0},"up":{"uv":[10.0,10.375,10.25,10.125],"rotation":0,"texture":"#0","tintindex":0},"west":{"uv":[8.875,2.25,8.625,2.875],"rotation":0,"texture":"#0","tintindex":0}}},{"name":"cube","from":[5.8455873,3.695447,4.3533506],"to":[7.0455875,6.695447,5.5233507],"rotation":{"angle":22.5,"axis":"z","origin":[6.994116,5.919711,4.9383507]},"faces":{"down":{"uv":[10.25,1.625,10.5,1.875],"rotation":0,"texture":"#0","tintindex":0},"east":{"uv":[8.75,8.625,8.5,9.25],"rotation":0,"texture":"#0","tintindex":0},"north":{"uv":[6.875,8.625,6.625,9.25],"rotation":0,"texture":"#0","tintindex":0},"south":{"uv":[8.375,8.625,8.125,9.25],"rotation":0,"texture":"#0","tintindex":0},"up":{"uv":[10.25,1.5,10.5,1.25],"rotation":0,"texture":"#0","tintindex":0},"west":{"uv":[7.25,8.625,7.0,9.25],"rotation":0,"texture":"#0","tintindex":0}}},{"name":"cube","from":[5.5984993,5.231843,2.0883503],"to":[6.798499,8.831842,3.2883506],"rotation":{"angle":-22.5,"axis":"z","origin":[6.534895,5.919711,2.6883504]},"faces":{"down":{"uv":[2.875,10.25,3.125,10.5],"rotation":0,"texture":"#0","tintindex":0},"east":{"uv":[2.75,8.0,2.5,8.75],"rotation":0,"texture":"#0","tintindex":0},"north":{"uv":[8.125,1.5,7.875,2.25],"rotation":0,"texture":"#0","tintindex":0},"south":{"uv":[8.125,4.0,7.875,4.75],"rotation":0,"texture":"#0","tintindex":0},"up":{"uv":[2.25,10.5,2.5,10.25],"rotation":0,"texture":"#0","tintindex":0},"west":{"uv":[8.125,2.375,7.875,3.125],"rotation":0,"texture":"#0","tintindex":0}}},{"name":"cube","from":[5.3863673,3.695447,2.1183505],"to":[6.5863676,6.0954475,3.2733507],"rotation":{"angle":22.5,"axis":"z","origin":[6.534895,5.919711,2.6883504]},"faces":{"down":{"uv":[3.875,10.25,4.125,10.5],"rotation":0,"texture":"#0","tintindex":0},"east":{"uv":[7.625,9.25,7.375,9.75],"rotation":0,"texture":"#0","tintindex":0},"north":{"uv":[3.5,9.25,3.25,9.75],"rotation":0,"texture":"#0","tintindex":0},"south":{"uv":[9.5,7.25,9.25,7.75],"rotation":0,"texture":"#0","tintindex":0},"up":{"uv":[3.25,10.5,3.5,10.25],"rotation":0,"texture":"#0","tintindex":0},"west":{"uv":[9.5,4.625,9.25,5.125],"rotation":0,"texture":"#0","tintindex":0}}},{"name":"cube","from":[6.8,8.326009,1.0383503],"to":[9.2,9.526009,7.0383506],"rotation":{"angle":0.0,"axis":"x","origin":[8.0,7.726009,4.0383506]},"faces":{"down":{"uv":[2.25,3.0,1.75,4.25],"rotation":0,"texture":"#0","tintindex":0},"east":{"uv":[5.875,2.125,7.125,2.375],"rotation":0,"texture":"#0","tintindex":0},"north":{"uv":[8.875,3.0,9.375,3.25],"rotation":0,"texture":"#0","tintindex":0},"south":{"uv":[3.25,8.875,3.75,9.125],"rotation":0,"texture":"#0","tintindex":0},"up":{"uv":[1.625,4.25,1.125,3.0],"rotation":0,"texture":"#0","tintindex":0},"west":{"uv":[5.875,2.5,7.125,2.75],"rotation":0,"texture":"#0","tintindex":0}}},{"name":"cube","from":[8.0,9.526009,1.0383503],"to":[8.0,11.326009,5.8383503],"rotation":{"angle":0.0,"axis":"x","origin":[9.2,7.726009,4.0383506]},"faces":{"down":{"uv":[0.0,10.5,0.0,11.5],"rotation":0,"texture":"#0","tintindex":0},"east":{"uv":[1.625,5.375,0.625,5.75],"rotation":0,"texture":"#0","tintindex":0},"north":{"uv":[6.125,10.375,6.125,10.75],"rotation":0,"texture":"#0","tintindex":0},"south":{"uv":[6.25,10.375,6.25,10.75],"rotation":0,"texture":"#0","tintindex":0},"up":{"uv":[10.375,10.75,10.375,9.75],"rotation":0,"texture":"#0","tintindex":0},"west":{"uv":[0.625,5.375,1.625,5.75],"rotation":0,"texture":"#0","tintindex":0}}},{"name":"cube","from":[6.2,6.865795,6.0285487],"to":[9.8,10.4657955,9.628549],"rotation":{"angle":0.0,"axis":"x","origin":[8.0,6.865795,9.028549]},"faces":{"down":{"uv":[4.5,1.75,3.75,2.5],"rotation":0,"texture":"#0","tintindex":0},"east":{"uv":[2.375,3.25,3.125,4.0],"rotation":0,"texture":"#0","tintindex":0},"north":{"uv":[3.125,0.0,3.875,0.75],"rotation":0,"texture":"#0","tintindex":0},"south":{"uv":[3.25,3.25,4.0,4.0],"rotation":0,"texture":"#0","tintindex":0},"up":{"uv":[0.75,4.5,0.0,3.75],"rotation":0,"texture":"#0","tintindex":0},"west":{"uv":[3.375,0.875,4.125,1.625],"rotation":0,"texture":"#0","tintindex":0}}},{"name":"cube","from":[7.4,10.120796,6.928549],"to":[8.6,11.320796,8.728548],"rotation":{"angle":-22.5,"axis":"x","origin":[8.0,11.065796,7.9785485]},"faces":{"down":{"uv":[8.375,9.75,8.125,10.125],"rotation":0,"texture":"#0","tintindex":0},"east":{"uv":[5.125,9.75,5.5,10.0],"rotation":0,"texture":"#0","tintindex":0},"north":{"uv":[8.625,10.25,8.875,10.5],"rotation":0,"texture":"#0","tintindex":0},"south":{"uv":[9.0,10.25,9.25,10.5],"rotation":0,"texture":"#0","tintindex":0},"up":{"uv":[7.125,10.125,6.875,9.75],"rotation":0,"texture":"#0","tintindex":0},"west":{"uv":[6.375,9.75,6.75,10.0],"rotation":0,"texture":"#0","tintindex":0}}},{"name":"cube","from":[7.7,10.898311,7.5127726],"to":[8.3,13.29831,8.712772],"rotation":{"angle":22.5,"axis":"x","origin":[8.0,11.798311,7.5127726]},