{"textures":{"0":"modelengine:entity/griffin_saddle","1":"modelengine:entity/griffin"},"elements":[{"name":"cube","from":[3.802298,3.6530285,-1.4965677],"to":[12.197702,12.048432,8.09818],"rotation":{"angle":0.0,"axis":"x","origin":[-3.8900847,7.016258,7.213671]},"faces":{"down":{"uv":[3.121,1.129,2.254,2.121],"rotation":0,"texture":"#1","tintindex":0},"east":{"uv":[0.004,1.504,0.996,2.371],"rotation":0,"texture":"#1","tintindex":0},"north":{"uv":[0.754,2.504,1.621,3.371],"rotation":0,"texture":"#1","tintindex":0},"south":{"uv":[3.004,2.254,3.871,3.121],"rotation":0,"texture":"#1","tintindex":0},"up":{"uv":[3.121,0.996,2.254,0.004],"rotation":0,"texture":"#1","tintindex":0},"west":{"uv":[1.129,1.504,2.121,2.371],"rotation":0,"texture":"#1","tintindex":0}}},{"name":"cube","from":[3.241088,3.0952017,3.8802872],"to":[3.8359518,8.448978,5.0700154],"rotation":{"angle":0.0,"axis":"x","origin":[8.0,11.857349,0.013670921]},"faces":{"down":{"uv":[4.004,8.254,4.121,8.496],"rotation":0,"texture":"#0","tintindex":0},"east":{"uv":[6.246,6.254,6.004,7.371],"rotation":0,"texture":"#0","tintindex":0},"north":{"uv":[7.621,7.254,7.504,8.371],"rotation":0,"texture":"#0","tintindex":0},"south":{"uv":[2.121,7.754,2.004,8.871],"rotation":0,"texture":"#0","tintindex":0},"up":{"uv":[3.504,8.496,3.621,8.254],"rotation":0,"texture":"#0","tintindex":0},"west":{"uv":[5.746,6.254,5.504,7.371],"rotation":0,"texture":"#0","tintindex":0}}},{"name":"cube","from":[3.8359518,3.0952017,3.8802872],"to":[12.164048,3.6900656,5.0700154],"rotation":{"angle":0.0,"axis":"x","origin":[8.0,11.857349,0.013670921]},"faces":{"down":{"uv":[6.996,2.754,5.254,2.996],"rotation":0,"texture":"#0","tintindex":0},"east":{"uv":[4.504,8.254,4.746,8.371],"rotation":0,"texture":"#0","tintindex":0},"north":{"uv":[6.754,1.254,8.496,1.371],"rotation":0,"texture":"#0","tintindex":0},"south":{"uv":[6.754,1.754,8.496,1.871],"rotation":0,"texture":"#0","tintindex":0},"up":{"uv":[6.996,2.496,5.254,2.254],"rotation":0,"texture":"#0","tintindex":0},"west":{"uv":[5.004,8.254,5.246,8.371],"rotation":0,"texture":"#0","tintindex":0}}},{"name":"cube","from":[12.164048,3.0952017,3.8802872],"to":[12.758912,8.448978,5.0700154],"rotation":{"angle":0.0,"axis":"x","origin":[8.0,11.857349,0.013670921]},"faces":{"down":{"uv":[4.121,8.254,4.004,8.496],"rotation":0,"texture":"#0","tintindex":0},"east":{"uv":[5.504,6.254,5.746,7.371],"rotation":0,"texture":"#0","tintindex":0},"north":{"uv":[7.504,7.254,7.621,8.371],"rotation":0,"texture":"#0","tintindex":0},"south":{"uv":[2.004,7.754,2.121,8.871],"rotation":0,"texture":"#0","tintindex":0},"up":{"uv":[3.621,8.496,3.504,8.254],"rotation":0,"texture":"#0","tintindex":0},"west":{"uv":[6.004,6.254,6.246,7.371],"rotation":0,"texture":"#0","tintindex":0}}},{"name":"cube","from":[3.241088,8.448978,0.9059675],"to":[3.8359518,12.018162,6.8546076],"rotation":{"angle":0.0,"axis":"x","origin":[8.0,11.857349,0.013670921]},"faces":{"down":{"uv":[7.121,7.254,7.004,8.496],"rotation":0,"texture":"#0","tintindex":0},"east":{"uv":[4.504,4.504,5.746,5.246],"rotation":0,"texture":"#0","tintindex":0},"north":{"uv":[8.254,2.254,8.371,2.996],"rotation":0,"texture":"#0","tintindex":0},"south":{"uv":[3.004,8.254,3.121,8.996],"rotation":0,"texture":"#0","tintindex":0},"up":{"uv":[6.621,8.496,6.504,7.254],"rotation":0,"texture":"#0","tintindex":0},"west":{"uv":[3.004,4.754,4.246,5.496],"rotation":0,"texture":"#0","tintindex":0}}},{"name":"cube","from":[12.164048,8.448978,0.9059675],"to":[12.758912,12.018162,6.8546076],"rotation":{"angle":0.0,"axis":"x","origin":[8.0,11.857349,0.013670921]},"faces":{"down":{"uv":[7.371,2.254,7.254,3.496],"rotation":0,"texture":"#0","tintindex":0},"east":{"uv":[3.754,2.504,4.996,3.246],"rotation":0,"texture":"#0","tintindex":0},"north":{"uv":[1.004,8.004,1.121,8.746],"rotation":0,"texture":"#0","tintindex":0},"south":{"uv":[8.004,7.754,8.121,8.496],"rotation":0,"texture":"#0","tintindex":0},"up":{"uv":[1.621,8.246,1.504,7.004],"rotation":0,"texture":"#0","tintindex":0},"west":{"uv":[4.504,3.504,5.746,4.246],"rotation":0,"texture":"#0","tintindex":0}}},{"name":"cube","from":[3.241088,12.018162,0.9059675],"to":[12.758912,12.613026,6.8546076],"rotation":{"angle":0.0,"axis":"x","origin":[8.0,11.857349,0.013670921]},"faces":{"down":{"uv":[1.996,1.504,0.004,2.746],"rotation":0,"texture":"#0","tintindex":0},"east":{"uv":[7.254,0.504,8.496,0.621],"rotation":0,"texture":"#0","tintindex":0},"north":{"uv":[0.004,6.504,1.996,6.621],"rotation":0,"texture":"#0","tintindex":0},"south":{"uv":[6.504,6.254,8.496,6.371],"rotation":0,"texture":"#0","tintindex":0},"up":{"uv":[1.996,1.246,0.004,0.004],"rotation":0,"texture":"#0","tintindex":0},"west":{"uv":[3.754,7.254,4.996,7.371],"rotation":0,"texture":"#0","tintindex":0}}}],"display":{"head":{"translation":[0.0,-6.4,0.0],"rotation":[0.0,0.0,0.0],"scale":[3.8095,3.8095,3.8095]}}}