{"textures":{"0":"modelengine:entity/lr_minotaur","1":"modelengine:entity/lr_minotaur_axe"},"elements":[{"name":"cube","from":[5.8999996,4.451317,8.066618],"to":[10.1,9.251317,12.866618],"rotation":{"angle":0.0,"axis":"x","origin":[7.1,6.851317,7.4666185]},"faces":{"down":{"uv":[1.375,6.4375,0.9375,6.9375],"rotation":0,"texture":"#0","tintindex":0},"east":{"uv":[2.75,6.1875,3.25,6.6875],"rotation":0,"texture":"#0","tintindex":0},"north":{"uv":[6.3125,1.75,6.75,2.25],"rotation":0,"texture":"#0","tintindex":0},"south":{"uv":[1.8125,6.3125,2.25,6.8125],"rotation":0,"texture":"#0","tintindex":0},"up":{"uv":[6.8125,1.375,6.375,0.875],"rotation":0,"texture":"#0","tintindex":0},"west":{"uv":[3.25,6.1875,3.75,6.6875],"rotation":0,"texture":"#0","tintindex":0}}},{"name":"cube","from":[6.2,0.8513167,8.066618],"to":[9.8,4.451317,11.666618],"rotation":{"angle":0.0,"axis":"x","origin":[7.1,2.651317,7.4666185]},"faces":{"down":{"uv":[4.8125,7.125,4.4375,7.5],"rotation":0,"texture":"#0","tintindex":0},"east":{"uv":[2.9375,7.0625,3.3125,7.4375],"rotation":0,"texture":"#0","tintindex":0},"north":{"uv":[2.5625,7.0625,2.9375,7.4375],"rotation":0,"texture":"#0","tintindex":0},"south":{"uv":[3.3125,7.0625,3.6875,7.4375],"rotation":0,"texture":"#0","tintindex":0},"up":{"uv":[4.4375,7.5,4.0625,7.125],"rotation":0,"texture":"#0","tintindex":0},"west":{"uv":[3.6875,7.125,4.0625,7.5],"rotation":0,"texture":"#0","tintindex":0}}}],"display":{"head":{"translation":[0.0,-6.4,0.0],"rotation":[0.0,0.0,0.0],"scale":[3.8095,3.8095,3.8095]}}}