{"textures":{"0":"modelengine:entity/lr_minotaur","1":"modelengine:entity/lr_minotaur_axe"},"elements":[{"name":"cube","from":[5.6,2.769885,5.2130594],"to":[10.4,9.969885,10.61306],"rotation":{"angle":0.0,"axis":"x","origin":[6.8,8.769885,5.81306]},"faces":{"down":{"uv":[2.3125,5.75,1.8125,6.3125],"rotation":0,"texture":"#0","tintindex":0},"east":{"uv":[4.375,3.375,4.9375,4.125],"rotation":0,"texture":"#0","tintindex":0},"north":{"uv":[0.8125,4.875,1.3125,5.625],"rotation":0,"texture":"#0","tintindex":0},"south":{"uv":[4.0625,4.875,4.5625,5.625],"rotation":0,"texture":"#0","tintindex":0},"up":{"uv":[0.5,6.3125,0.0,5.75],"rotation":0,"texture":"#0","tintindex":0},"west":{"uv":[4.375,4.125,4.9375,4.875],"rotation":0,"texture":"#0","tintindex":0}}},{"name":"cube","from":[5.0,5.769885,5.81306],"to":[7.4,10.569885,11.21306],"rotation":{"angle":0.0,"axis":"x","origin":[6.8,10.569885,5.81306]},"faces":{"down":{"uv":[4.375,3.375,4.125,3.9375],"rotation":0,"texture":"#0","tintindex":0},"east":{"uv":[5.75,2.125,6.3125,2.625],"rotation":0,"texture":"#0","tintindex":0},"north":{"uv":[5.1875,5.625,5.4375,6.125],"rotation":0,"texture":"#0","tintindex":0},"south":{"uv":[0.5,5.75,0.75,6.25],"rotation":0,"texture":"#0","tintindex":0},"up":{"uv":[1.125,2.3125,0.875,1.75],"rotation":0,"texture":"#0","tintindex":0},"west":{"uv":[5.8125,0.875,6.375,1.375],"rotation":0,"texture":"#0","tintindex":0}}},{"name":"cube","from":[2.7007604,9.512539,5.81306],"to":[3.9007604,13.712539,11.81306],"rotation":{"angle":22.5,"axis":"z","origin":[3.6007605,15.812538,7.9130597]},"faces":{"down":{"uv":[3.5,7.4375,3.375,8.0625],"rotation":0,"texture":"#0","tintindex":0},"east":{"uv":[5.9375,5.5625,6.5625,6.0],"rotation":0,"texture":"#0","tintindex":0},"north":{"uv":[6.4375,5.125,6.5625,5.5625],"rotation":0,"texture":"#0","tintindex":0},"south":{"uv":[3.5,7.4375,3.625,7.875],"rotation":0,"texture":"#0","tintindex":0},"up":{"uv":[1.25,8.0,1.125,7.375],"rotation":0,"texture":"#0","tintindex":0},"west":{"uv":[5.9375,6.0,6.5625,6.4375],"rotation":0,"texture":"#0","tintindex":0}}},{"name":"cube","from":[6.2,1.7000003,6.5],"to":[9.2,4.1,8.9],"rotation":{"angle":-22.5,"axis":"x","origin":[7.4,0.20000029,9.2]},"faces":{"down":{"uv":[7.75,5.625,7.4375,5.875],"rotation":0,"texture":"#0","tintindex":0},"east":{"uv":[4.6875,3.125,4.9375,3.375],"rotation":0,"texture":"#0","tintindex":0},"north":{"uv":[7.4375,4.4375,7.75,4.6875],"rotation":0,"texture":"#0","tintindex":0},"south":{"uv":[7.4375,4.6875,7.75,4.9375],"rotation":0,"texture":"#0","tintindex":0},"up":{"uv":[7.75,5.625,7.4375,5.375],"rotation":0,"texture":"#0","tintindex":0},"west":{"uv":[4.75,0.375,5.0,0.625],"rotation":0,"texture":"#0","tintindex":0}}}],"display":{"head":{"translation":[0.0,-6.4,0.0],"rotation":[0.0,0.0,0.0],"scale":[3.8095,3.8095,3.8095]}}}