{"textures":{"0":"modelengine:entity/lr_minotaur","1":"modelengine:entity/lr_minotaur_axe"},"elements":[{"name":"cube","from":[6.2575946,1.2809062,1.4831108],"to":[9.857595,4.280906,6.2831106],"rotation":{"angle":0.0,"axis":"x","origin":[6.8575945,8.095572,6.4622936]},"faces":{"down":{"uv":[6.8125,4.625,7.1875,5.125],"rotation":0,"texture":"#0","tintindex":0},"east":{"uv":[7.4375,5.6875,6.9375,6.0],"rotation":0,"texture":"#0","tintindex":0},"north":{"uv":[7.625,3.375,7.25,3.6875],"rotation":0,"texture":"#0","tintindex":0},"south":{"uv":[7.6875,1.6875,7.3125,2.0],"rotation":0,"texture":"#0","tintindex":0},"up":{"uv":[0.375,4.875,0.75,4.375],"rotation":0,"texture":"#0","tintindex":0},"west":{"uv":[7.4375,5.375,6.9375,5.6875],"rotation":0,"texture":"#0","tintindex":0}}},{"name":"cube","from":[6.8575945,3.0555558,4.5941534],"to":[9.257595,8.455556,6.994153],"rotation":{"angle":22.5,"axis":"x","origin":[7.457595,5.755556,6.3941526]},"faces":{"down":{"uv":[7.4375,5.875,7.6875,6.125],"rotation":0,"texture":"#0","tintindex":0},"east":{"uv":[7.4375,2.4375,7.1875,3.0],"rotation":0,"texture":"#0","tintindex":0},"north":{"uv":[5.0625,7.125,4.8125,7.6875],"rotation":0,"texture":"#0","tintindex":0},"south":{"uv":[5.5625,7.125,5.3125,7.6875],"rotation":0,"texture":"#0","tintindex":0},"up":{"uv":[6.9375,6.25,7.1875,6.0],"rotation":0,"texture":"#0","tintindex":0},"west":{"uv":[5.3125,7.125,5.0625,7.6875],"rotation":0,"texture":"#0","tintindex":0}}}],"display":{"head":{"translation":[0.0,-6.4,0.0],"rotation":[0.0,0.0,0.0],"scale":[3.8095,3.8095,3.8095]}}}