{"textures":{"0":"modelengine:entity/werewolf_white"},"elements":[{"name":"cube","from":[6.109496,6.740493,2.962568],"to":[9.890504,8.000829,8.003912],"rotation":{"angle":0.0,"axis":"x","origin":[8.0,-1.4725533,16.417793]},"faces":{"down":{"uv":[7.621,0.004,7.254,0.496],"rotation":0,"texture":"#0","tintindex":0},"east":{"uv":[1.004,4.004,1.496,4.121],"rotation":0,"texture":"#0","tintindex":0},"north":{"uv":[6.879,5.379,7.246,5.496],"rotation":0,"texture":"#0","tintindex":0},"south":{"uv":[2.379,8.254,2.746,8.371],"rotation":0,"texture":"#0","tintindex":0},"up":{"uv":[0.371,7.746,0.004,7.254],"rotation":0,"texture":"#0","tintindex":0},"west":{"uv":[8.254,1.254,8.746,1.371],"rotation":0,"texture":"#0","tintindex":0}}},{"name":"cube","from":[6.927038,7.8867083,3.0704172],"to":[7.7072897,8.817044,3.0704172],"rotation":{"angle":0.0,"axis":"x","origin":[8.0,-1.4725533,16.417793]},"faces":{"down":{"uv":[8.996,7.129,8.879,7.246],"rotation":0,"texture":"#0","tintindex":0},"east":{"uv":[8.879,6.254,8.996,6.371],"rotation":0,"texture":"#0","tintindex":0},"north":{"uv":[5.754,8.879,5.871,8.996],"rotation":0,"texture":"#0","tintindex":0},"south":{"uv":[6.629,8.879,6.746,8.996],"rotation":0,"texture":"#0","tintindex":0},"up":{"uv":[7.246,8.996,7.129,8.879],"rotation":0,"texture":"#0","tintindex":0},"west":{"uv":[6.879,8.879,6.996,8.996],"rotation":0,"texture":"#0","tintindex":0}}},{"name":"cube","from":[6.260293,7.8867083,3.7227488],"to":[6.260293,8.817044,4.503001],"rotation":{"angle":0.0,"axis":"x","origin":[8.0,-1.4725533,16.417793]},"faces":{"down":{"uv":[8.996,7.129,8.879,7.246],"rotation":270,"texture":"#0","tintindex":0},"east":{"uv":[5.754,8.879,5.871,8.996],"rotation":0,"texture":"#0","tintindex":0},"north":{"uv":[6.879,8.879,6.996,8.996],"rotation":0,"texture":"#0","tintindex":0},"south":{"uv":[8.879,6.254,8.996,6.371],"rotation":0,"texture":"#0","tintindex":0},"up":{"uv":[7.246,8.996,7.129,8.879],"rotation":90,"texture":"#0","tintindex":0},"west":{"uv":[6.629,8.879,6.746,8.996],"rotation":0,"texture":"#0","tintindex":0}}},{"name":"cube","from":[9.739707,7.8867083,3.7227488],"to":[9.739707,8.817044,4.503001],"rotation":{"angle":0.0,"axis":"x","origin":[8.0,-1.4725533,16.417793]},"faces":{"down":{"uv":[8.996,7.246,8.879,7.129],"rotation":270,"texture":"#0","tintindex":0},"east":{"uv":[6.746,8.879,6.629,8.996],"rotation":0,"texture":"#0","tintindex":0},"north":{"uv":[6.996,8.879,6.879,8.996],"rotation":0,"texture":"#0","tintindex":0},"south":{"uv":[8.996,6.254,8.879,6.371],"rotation":0,"texture":"#0","tintindex":0},"up":{"uv":[7.246,8.879,7.129,8.996],"rotation":90,"texture":"#0","tintindex":0},"west":{"uv":[5.871,8.879,5.754,8.996],"rotation":0,"texture":"#0","tintindex":0}}},{"name":"cube","from":[8.29271,7.8867083,3.0704172],"to":[9.072962,8.817044,3.0704172],"rotation":{"angle":0.0,"axis":"x","origin":[8.0,-1.4725533,16.417793]},"faces":{"down":{"uv":[8.879,7.129,8.996,7.246],"rotation":0,"texture":"#0","tintindex":0},"east":{"uv":[6.996,8.879,6.879,8.996],"rotation":0,"texture":"#0","tintindex":0},"north":{"uv":[5.871,8.879,5.754,8.996],"rotation":0,"texture":"#0","tintindex":0},"south":{"uv":[6.746,8.879,6.629,8.996],"rotation":0,"texture":"#0","tintindex":0},"up":{"uv":[7.129,8.996,7.246,8.879],"rotation":0,"texture":"#0","tintindex":0},"west":{"uv":[8.996,6.254,8.879,6.371],"rotation":0,"texture":"#0","tintindex":0}}}],"display":{"head":{"translation":[0.0,-6.4,0.0],"rotation":[0.0,0.0,0.0],"scale":[3.8095,3.8095,3.8095]}}}