{"textures":{"0":"modelengine:entity/werewolf_white"},"elements":[{"name":"cube","from":[6.117373,5.56229,3.7099998],"to":[9.898382,8.082962,9.381512],"rotation":{"angle":0.0,"axis":"x","origin":[13.371058,21.292034,5.492466]},"faces":{"down":{"uv":[7.121,6.879,6.754,7.4375],"rotation":0,"texture":"#0","tintindex":0},"east":{"uv":[7.504,1.129,8.0625,1.371],"rotation":0,"texture":"#0","tintindex":0},"north":{"uv":[3.629,8.129,3.996,8.371],"rotation":0,"texture":"#0","tintindex":0},"south":{"uv":[4.129,8.129,4.496,8.371],"rotation":0,"texture":"#0","tintindex":0},"up":{"uv":[0.996,7.4375,0.629,6.879],"rotation":0,"texture":"#0","tintindex":0},"west":{"uv":[7.504,2.254,8.0625,2.496],"rotation":0,"texture":"#0","tintindex":0}}},{"name":"cube","from":[6.117373,5.56229,1.8194956],"to":[7.062625,6.822626,3.7099998],"rotation":{"angle":0.0,"axis":"x","origin":[13.371058,21.292034,5.492466]},"faces":{"down":{"uv":[8.746,3.879,8.629,4.0625],"rotation":0,"texture":"#0","tintindex":0},"east":{"uv":[8.629,2.629,8.8125,2.746],"rotation":0,"texture":"#0","tintindex":0},"north":{"uv":[7.254,0.629,7.371,0.746],"rotation":0,"texture":"#0","tintindex":0},"south":{"uv":[8.754,1.004,8.871,1.121],"rotation":0,"texture":"#0","tintindex":0},"up":{"uv":[3.371,8.8125,3.254,8.629],"rotation":0,"texture":"#0","tintindex":0},"west":{"uv":[2.879,8.629,3.0625,8.746],"rotation":0,"texture":"#0","tintindex":0}}},{"name":"cube","from":[8.953129,5.56229,1.8194956],"to":[9.898382,6.822626,3.7099998],"rotation":{"angle":0.0,"axis":"x","origin":[13.371058,21.292034,5.492466]},"faces":{"down":{"uv":[8.746,5.379,8.629,5.5625],"rotation":0,"texture":"#0","tintindex":0},"east":{"uv":[8.629,2.879,8.8125,2.996],"rotation":0,"texture":"#0","tintindex":0},"north":{"uv":[8.754,4.504,8.871,4.621],"rotation":0,"texture":"#0","tintindex":0},"south":{"uv":[8.754,4.754,8.871,4.871],"rotation":0,"texture":"#0","tintindex":0},"up":{"uv":[8.746,5.1875,8.629,5.004],"rotation":0,"texture":"#0","tintindex":0},"west":{"uv":[8.629,4.254,8.8125,4.371],"rotation":0,"texture":"#0","tintindex":0}}},{"name":"cube","from":[7.5037427,5.56229,1.8194956],"to":[8.448995,6.822626,3.7099998],"rotation":{"angle":0.0,"axis":"x","origin":[13.371058,21.292034,5.492466]},"faces":{"down":{"uv":[8.746,6.254,8.629,6.4375],"rotation":0,"texture":"#0","tintindex":0},"east":{"uv":[8.629,5.754,8.8125,5.871],"rotation":0,"texture":"#0","tintindex":0},"north":{"uv":[8.629,8.754,8.746,8.871],"rotation":0,"texture":"#0","tintindex":0},"south":{"uv":[0.004,8.879,0.121,8.996],"rotation":0,"texture":"#0","tintindex":0},"up":{"uv":[6.246,8.8125,6.129,8.629],"rotation":0,"texture":"#0","tintindex":0},"west":{"uv":[8.629,6.004,8.8125,6.121],"rotation":0,"texture":"#0","tintindex":0}}}],"display":{"head":{"translation":[0.0,-6.4,0.0],"rotation":[0.0,0.0,0.0],"scale":[3.8095,3.8095,3.8095]}}}