{"textures":{"0":"modelengine:entity/werewolf_white"},"elements":[{"name":"cube","from":[6.7267895,0.277133,6.0115123],"to":[10.507797,9.099485,9.7925205],"rotation":{"angle":0.0,"axis":"x","origin":[18.228544,5.794408,2.4384527]},"faces":{"down":{"uv":[2.996,7.754,2.629,8.121],"rotation":0,"texture":"#0","tintindex":0},"east":{"uv":[1.254,5.629,1.621,6.496],"rotation":0,"texture":"#0","tintindex":0},"north":{"uv":[5.629,0.004,5.996,0.871],"rotation":0,"texture":"#0","tintindex":0},"south":{"uv":[1.754,5.629,2.121,6.496],"rotation":0,"texture":"#0","tintindex":0},"up":{"uv":[6.996,7.996,6.629,7.629],"rotation":0,"texture":"#0","tintindex":0},"west":{"uv":[2.254,5.629,2.621,6.496],"rotation":0,"texture":"#0","tintindex":0}}},{"name":"cube","from":[5.509078,5.0779443,6.0115123],"to":[5.509078,13.900298,9.7925205],"rotation":{"angle":22.5,"axis":"z","origin":[18.228544,5.794408,2.4384527]},"faces":{"down":{"uv":[6.629,7.129,6.629,7.496],"rotation":0,"texture":"#0","tintindex":0},"east":{"uv":[5.996,5.004,5.629,5.871],"rotation":0,"texture":"#0","tintindex":0},"north":{"uv":[3.754,9.129,3.754,9.996],"rotation":0,"texture":"#0","tintindex":0},"south":{"uv":[3.879,9.129,3.879,9.996],"rotation":0,"texture":"#0","tintindex":0},"up":{"uv":[2.504,4.621,2.504,4.254],"rotation":0,"texture":"#0","tintindex":0},"west":{"uv":[5.629,5.004,5.996,5.871],"rotation":0,"texture":"#0","tintindex":0}}}],"display":{"head":{"translation":[0.0,-6.4,0.0],"rotation":[0.0,0.0,0.0],"scale":[3.8095,3.8095,3.8095]}}}