{"textures":{"0":"modelengine:entity/werewolf_white"},"elements":[{"name":"cube","from":[7.3698316,6.8,7.3855863],"to":[8.630168,8.060336,8.645922],"rotation":{"angle":0.0,"axis":"x","origin":[-1.8711109,10.524435,3.8125262]},"faces":{"down":{"uv":[8.879,3.879,8.996,3.996],"rotation":0,"texture":"#0","tintindex":0},"east":{"uv":[3.621,8.879,3.504,8.996],"rotation":0,"texture":"#0","tintindex":0},"north":{"uv":[2.621,8.879,2.504,8.996],"rotation":0,"texture":"#0","tintindex":0},"south":{"uv":[3.121,8.879,3.004,8.996],"rotation":0,"texture":"#0","tintindex":0},"up":{"uv":[3.754,8.996,3.871,8.879],"rotation":0,"texture":"#0","tintindex":0},"west":{"uv":[2.871,8.879,2.754,8.996],"rotation":0,"texture":"#0","tintindex":0}}},{"name":"cube","from":[7.527374,5.539664,7.51162],"to":[8.472626,6.8,8.456871],"rotation":{"angle":0.0,"axis":"x","origin":[-1.8711109,10.524435,3.8125262]},"faces":{"down":{"uv":[8.879,7.129,8.996,7.246],"rotation":0,"texture":"#0","tintindex":0},"east":{"uv":[6.996,8.879,6.879,8.996],"rotation":0,"texture":"#0","tintindex":0},"north":{"uv":[5.871,8.879,5.754,8.996],"rotation":0,"texture":"#0","tintindex":0},"south":{"uv":[6.746,8.879,6.629,8.996],"rotation":0,"texture":"#0","tintindex":0},"up":{"uv":[7.129,8.996,7.246,8.879],"rotation":0,"texture":"#0","tintindex":0},"west":{"uv":[8.996,6.254,8.879,6.371],"rotation":0,"texture":"#0","tintindex":0}}}],"display":{"head":{"translation":[0.0,-6.4,0.0],"rotation":[0.0,0.0,0.0],"scale":[3.8095,3.8095,3.8095]}}}