{"textures":{"0":"modelengine:entity/werewolf_white"},"elements":[{"name":"cube","from":[6.4245796,-0.69011426,2.9842272],"to":[9.57542,4.3512297,6.135067],"rotation":{"angle":-45.0,"axis":"x","origin":[8.0,9.855807,1.9886689]},"faces":{"down":{"uv":[3.4375,8.129,3.129,8.4375],"rotation":0,"texture":"#0","tintindex":0},"east":{"uv":[4.629,7.504,4.9375,7.996],"rotation":0,"texture":"#0","tintindex":0},"north":{"uv":[7.504,4.254,7.8125,4.746],"rotation":0,"texture":"#0","tintindex":0},"south":{"uv":[5.129,7.504,5.4375,7.996],"rotation":0,"texture":"#0","tintindex":0},"up":{"uv":[2.1875,8.4375,1.879,8.129],"rotation":0,"texture":"#0","tintindex":0},"west":{"uv":[7.254,7.504,7.5625,7.996],"rotation":0,"texture":"#0","tintindex":0}}}],"display":{"head":{"translation":[0.0,-6.4,0.0],"rotation":[0.0,0.0,0.0],"scale":[3.8095,3.8095,3.8095]}}}