{"textures":{"0":"modelengine:entity/tiamat5"},"elements":[{"name":"cube","from":[0.49999976,5.333888,-1.0138392],"to":[14.900001,10.133888,6.7861614],"rotation":{"angle":-22.5,"axis":"x","origin":[7.9,9.675713,0.680017]},"faces":{"down":{"uv":[5.99375,6.13125,4.50625,6.93125],"rotation":0,"texture":"#0","tintindex":0},"east":{"uv":[9.00625,4.69375,9.80625,5.18125],"rotation":0,"texture":"#0","tintindex":0},"north":{"uv":[7.19375,2.56875,8.68125,3.05625],"rotation":0,"texture":"#0","tintindex":0},"south":{"uv":[7.25625,3.81875,8.74375,4.30625],"rotation":0,"texture":"#0","tintindex":0},"up":{"uv":[4.49375,6.93125,3.00625,6.13125],"rotation":0,"texture":"#0","tintindex":0},"west":{"uv":[9.00625,7.69375,9.80625,8.18125],"rotation":0,"texture":"#0","tintindex":0}}},{"name":"cube","from":[8.3,5.333888,-4.6138387],"to":[8.3,12.533889,-1.0138392],"rotation":{"angle":-22.5,"axis":"x","origin":[7.9,9.675713,0.680017]},"faces":{"down":{"uv":[0.00625,0.00625,0.00625,0.36875],"rotation":0,"texture":"#0","tintindex":0},"east":{"uv":[9.99375,9.19375,9.63125,9.93125],"rotation":0,"texture":"#0","tintindex":0},"north":{"uv":[0.00625,0.00625,0.00625,0.74375],"rotation":0,"texture":"#0","tintindex":0},"south":{"uv":[0.00625,0.00625,0.00625,0.74375],"rotation":0,"texture":"#0","tintindex":0},"up":{"uv":[0.00625,0.36875,0.00625,0.00625],"rotation":0,"texture":"#0","tintindex":0},"west":{"uv":[9.63125,9.19375,9.99375,9.93125],"rotation":0,"texture":"#0","tintindex":0}}},{"name":"cube","from":[-0.7000003,8.29239,-5.206563],"to":[16.1,15.49239,2.5934372],"rotation":{"angle":45.0,"axis":"x","origin":[7.9,9.675713,0.680017]},"faces":{"down":{"uv":[6.49375,5.31875,4.75625,6.11875],"rotation":0,"texture":"#0","tintindex":0},"east":{"uv":[2.00625,8.00625,2.80625,8.74375],"rotation":0,"texture":"#0","tintindex":0},"north":{"uv":[5.44375,1.63125,7.18125,2.36875],"rotation":0,"texture":"#0","tintindex":0},"south":{"uv":[5.44375,2.38125,7.18125,3.11875],"rotation":0,"texture":"#0","tintindex":0},"up":{"uv":[4.74375,6.11875,3.00625,5.31875],"rotation":0,"texture":"#0","tintindex":0},"west":{"uv":[4.75625,8.13125,5.55625,8.86875],"rotation":0,"texture":"#0","tintindex":0}}},{"name":"cube","from":[-0.7000003,17.950565,0.63058877],"to":[16.1,17.950565,8.43059],"rotation":{"angle":0.0,"axis":"x","origin":[6.8,14.854903,-1.7246771]},"faces":{"down":{"uv":[5.44375,0.00625,7.18125,0.80625],"rotation":0,"texture":"#0","tintindex":0},"east":{"uv":[0.00625,0.00625,0.80625,0.00625],"rotation":0,"texture":"#0","tintindex":0},"north":{"uv":[0.00625,0.00625,1.74375,0.00625],"rotation":0,"texture":"#0","tintindex":0},"south":{"uv":[0.00625,0.00625,1.74375,0.00625],"rotation":0,"texture":"#0","tintindex":0},"up":{"uv":[7.18125,0.80625,5.44375,0.00625],"rotation":0,"texture":"#0","tintindex":0},"west":{"uv":[0.00625,0.00625,0.80625,0.00625],"rotation":0,"texture":"#0","tintindex":0}}},{"name":"cube","from":[7.7,19.909718,-7.0486403],"to":[7.7,25.909718,6.751361],"rotation":{"angle":45.0,"axis":"x","origin":[6.8,14.854903,-1.7246771]},"faces":{"down":{"uv":[0.00625,0.00625,0.00625,1.43125],"rotation":0,"texture":"#0","tintindex":0},"east":{"uv":[7.19375,0.00625,8.61875,0.61875],"rotation":0,"texture":"#0","tintindex":0},"north":{"uv":[0.00625,0.00625,0.00625,0.61875],"rotation":0,"texture":"#0","tintindex":0},"south":{"uv":[0.00625,0.00625,0.00625,0.61875],"rotation":0,"texture":"#0","tintindex":0},"up":{"uv":[0.00625,1.43125,0.00625,0.00625],"rotation":0,"texture":"#0","tintindex":0},"west":{"uv":[8.61875,0.00625,7.19375,0.61875],"rotation":0,"texture":"#0","tintindex":0}}},{"name":"cube","from":[1.0999997,8.998366,-4.808114],"to":[14.3,21.598366,3.5918872],"rotation":{"angle":22.5,"axis":"x","origin":[6.8,14.854903,-1.7246771]},"faces":{"down":{"uv":[7.86875,4.88125,6.50625,5.74375],"rotation":0,"texture":"#0","tintindex":0},"east":{"uv":[3.00625,6.94375,3.86875,8.24375],"rotation":0,"texture":"#0","tintindex":0},"north":{"uv":[3.00625,4.00625,4.36875,5.30625],"rotation":0,"texture":"#0","tintindex":0},"south":{"uv":[4.38125,4.00625,5.74375,5.30625],"rotation":0,"texture":"#0","tintindex":0},"up":{"uv":[7.36875,6.99375,6.00625,6.13125],"rotation":0,"texture":"#0","tintindex":0},"west":{"uv":[3.88125,6.94375,4.74375,8.24375],"rotation":0,"texture":"#0","tintindex":0}}},{"name":"cube","from":[0.49999976,5.9414845,-4.7482862],"to":[14.900001,14.341485,-4.7482862],"rotation":{"angle":0.0,"axis":"x","origin":[6.8,14.854903,-1.7246771]},"faces":{"down":{"uv":[1.49375,0.00625,0.00625,0.00625],"rotation":0,"texture":"#0","tintindex":0},"east":{"uv":[0.00625,0.00625,0.00625,0.86875],"rotation":0,"texture":"#0","tintindex":0},"north":{"uv":[5.44375,3.13125,6.93125,3.99375],"rotation":0,"texture":"#0","tintindex":0},"south":{"uv":[5.44375,3.13125,6.93125,3.99375],"rotation":0,"texture":"#0","tintindex":0},"up":{"uv":[1.49375,0.00625,0.00625,0.00625],"rotation":0,"texture":"#0","tintindex":0},"west":{"uv":[0.00625,0.00625,0.00625,0.86875],"rotation":0,"texture":"#0","tintindex":0}}},{"name":"cube","from":[-4.9000006,9.233135,-7.2835627],"to":[1.0999997,21.833138,-7.2835627],"rotation":{"angle":22.5,"axis":"x","origin":[4.3999996,8.74983,-3.5525365]},"faces":{"down":{"uv":[0.61875,0.00625,0.00625,0.00625],"rotation":0,"texture":"#0","tintindex":0},"east":{"uv":[0.00625,0.00625,0.00625,1.30625],"rotation":0,"texture":"#0","tintindex":0},"north":{"uv":[7.19375,1.25625,7.80625,2.55625],"rotation":0,"texture":"#0","tintindex":0},"south":{"uv":[7.80625,1.25625,7.19375,2.55625],"rotation":0,"texture":"#0","tintindex":0},"up":{"uv":[0.61875,0.00625,0.00625,0.00625],"rotation":0,"texture":"#0","tintindex":0},"west":{"uv":[0.00625,0.00625,0.00625,1.30625],"rotation":0,"texture":"#0","tintindex":0}}},{"name":"cube","from":[14.3,9.233135,-7.2835627],"to":[20.3,21.833138,-7.2835627],"rotation":{"angle":22.5,"axis":"x","origin":[11.0,8.74983,-3.5525365]},"faces":{"down":{"uv":[0.00625,0.00625,0.61875,0.00625],"rotation":0,"texture":"#0","tintindex":0},"east":{"uv":[0.00625,0.00625,0.00625,1.30625],"rotation":0,"texture":"#0","tintindex":0},"north":{"uv":[7.80625,1.25625,7.19375,2.55625],"rotation":0,"texture":"#0","tintindex":0},"south":{"uv":[7.19375,1.25625,7.80625,2.55625],"rotation":0,"texture":"#0","tintindex":0},"up":{"uv":[0.00625,0.00625,0.61875,0.00625],"rotation":0,"texture":"#0","tintindex":0},"west":{"uv":[0.00625,0.00625,0.00625,1.30625],"rotation":0,"texture":"#0","tintindex":0}}},{"name":"cube","from":[3.4999998,6.4241486,-6.814602],"to":[12.5,10.624149,-6.814602],"rotation":{"angle":0.0,"axis":"x","origin":[6.8,14.854903,-1.7246771]},"faces":{"down":{"uv":[0.93125,0.00625,0.00625,0.00625],"rotation":0,"texture":"#0","tintindex":0},"east":{"uv":[0.00625,0.00625,0.00625,0.43125],"rotation":0,"texture":"#0","tintindex":0},"north":{"uv":[8.94375,5.44375,9.86875,5.86875],"rotation":0,"texture":"#0","tintindex":0},"south":{"uv":[9.86875,5.44375,8.94375,5.86875],"rotation":0,"texture":"#0","tintindex":0},"up":{"uv":[0.93125,0.00625,0.00625,0.00625],"rotation":0,"texture":"#0","tintindex":0},"west":{"uv":[0.00625,0.00625,0.00625,0.43125],"rotation":0,"texture":"#0","tintindex":0}}},{"name":"cube","from":[5.3,14.998366,-7.2081137],"to":[10.700001,17.998367,-4.808114],"rotation":{"angle":22.5,"axis":"x","origin":[6.8,14.854903,-1.7246771]},"faces":{"down":{"uv":[8.61875,10.25625,8.06875,10.49375],"rotation":0,"texture":"#0","tintindex":0},"east":{"uv":[4.19375,10.69375,4.43125,10.99375],"rotation":0,"texture":"#0","tintindex":0},"north":{"uv":[10.06875,6.88125,10.61875,7.18125],"rotation":0,"texture":"#0","tintindex":0},"south":{"uv":[10.06875,8.00625,10.61875,8.30625],"rotation":0,"texture":"#0","tintindex":0},"up":{"uv":[7.68125,10.49375,7.13125,10.25625],"rotation":0,"texture":"#0","tintindex":0},"west":{"uv":[4.94375,10.69375,5.18125,10.99375],"rotation":0,"texture":"#0","tintindex":0}}}],"display":{"head":{"translation":[0.0,-6.4,0.0],"rotation":[0.0,0.0,0.0],"scale":[3.8095,3.8095,3.8095]}}}