{"textures":{"0":"modelengine:entity/tiamat5"},"elements":[{"name":"cube","from":[6.5,6.0814,6.5652747],"to":[11.900001,9.6814,8.965275],"rotation":{"angle":22.5,"axis":"x","origin":[8.247836,7.2006807,6.2266555]},"faces":{"down":{"uv":[10.80625,4.88125,10.25625,5.11875],"rotation":0,"texture":"#0","tintindex":0},"east":{"uv":[5.63125,10.56875,5.86875,10.93125],"rotation":0,"texture":"#0","tintindex":0},"north":{"uv":[7.13125,9.88125,7.68125,10.24375],"rotation":0,"texture":"#0","tintindex":0},"south":{"uv":[8.13125,9.88125,8.68125,10.24375],"rotation":0,"texture":"#0","tintindex":0},"up":{"uv":[9.80625,0.86875,9.25625,0.63125],"rotation":0,"texture":"#0","tintindex":0},"west":{"uv":[2.19375,10.63125,2.43125,10.99375],"rotation":0,"texture":"#0","tintindex":0}}},{"name":"cube","from":[3.8840034,4.9619436,6.4004498],"to":[6.284004,8.561944,6.4004498],"rotation":{"angle":22.5,"axis":"y","origin":[8.247836,7.2006807,6.2266555]},"faces":{"down":{"uv":[0.24375,0.00625,0.00625,0.00625],"rotation":0,"texture":"#0","tintindex":0},"east":{"uv":[0.00625,0.00625,0.00625,0.36875],"rotation":0,"texture":"#0","tintindex":0},"north":{"uv":[2.44375,10.63125,2.68125,10.99375],"rotation":0,"texture":"#0","tintindex":0},"south":{"uv":[2.44375,10.56875,2.68125,10.93125],"rotation":0,"texture":"#0","tintindex":0},"up":{"uv":[0.24375,0.00625,0.00625,0.00625],"rotation":0,"texture":"#0","tintindex":0},"west":{"uv":[0.00625,0.00625,0.00625,0.36875],"rotation":0,"texture":"#0","tintindex":0}}},{"name":"cube","from":[12.070324,4.9619436,6.1708393],"to":[14.470324,8.561944,6.1708393],"rotation":{"angle":-22.5,"axis":"y","origin":[9.552164,7.2006807,6.2266555]},"faces":{"down":{"uv":[0.00625,0.00625,0.24375,0.00625],"rotation":0,"texture":"#0","tintindex":0},"east":{"uv":[0.00625,0.00625,0.00625,0.36875],"rotation":0,"texture":"#0","tintindex":0},"north":{"uv":[2.68125,10.63125,2.44375,10.99375],"rotation":0,"texture":"#0","tintindex":0},"south":{"uv":[2.68125,10.56875,2.44375,10.93125],"rotation":0,"texture":"#0","tintindex":0},"up":{"uv":[0.00625,0.00625,0.24375,0.00625],"rotation":0,"texture":"#0","tintindex":0},"west":{"uv":[0.00625,0.00625,0.00625,0.36875],"rotation":0,"texture":"#0","tintindex":0}}},{"name":"cube","from":[7.7,5.8999996,2.6],"to":[10.700001,7.7,6.8],"rotation":{"angle":0.0,"axis":"x","origin":[8.247836,7.2006807,6.2266555]},"faces":{"down":{"uv":[9.30625,10.31875,9.00625,10.74375],"rotation":0,"texture":"#0","tintindex":0},"east":{"uv":[10.56875,0.25625,10.99375,0.43125],"rotation":0,"texture":"#0","tintindex":0},"north":{"uv":[8.56875,10.69375,8.86875,10.86875],"rotation":0,"texture":"#0","tintindex":0},"south":{"uv":[0.94375,10.75625,1.24375,10.93125],"rotation":0,"texture":"#0","tintindex":0},"up":{"uv":[9.80625,2.74375,9.50625,2.31875],"rotation":0,"texture":"#0","tintindex":0},"west":{"uv":[10.56875,9.50625,10.99375,9.68125],"rotation":0,"texture":"#0","tintindex":0}}},{"name":"cube","from":[9.2,0.49999976,2.6],"to":[9.2,5.8999996,8.6],"rotation":{"angle":0.0,"axis":"x","origin":[8.247836,7.2006807,6.2266555]},"faces":{"down":{"uv":[9.36875,11.44375,9.06875,11.86875],"rotation":0,"texture":"#0","tintindex":0},"east":{"uv":[0.61875,11.13125,0.00625,11.68125],"rotation":0,"texture":"#0","tintindex":0},"north":{"uv":[8.31875,11.75625,8.61875,11.93125],"rotation":0,"texture":"#0","tintindex":0},"south":{"uv":[0.94375,10.75625,1.24375,10.93125],"rotation":0,"texture":"#0","tintindex":0},"up":{"uv":[9.80625,2.74375,9.50625,2.31875],"rotation":0,"texture":"#0","tintindex":0},"west":{"uv":[0.00625,11.13125,0.61875,11.68125],"rotation":0,"texture":"#0","tintindex":0}}},{"name":"cube","from":[7.7,7.7,2.6],"to":[10.700001,8.3,6.8],"rotation":{"angle":0.0,"axis":"x","origin":[8.247836,7.2006807,6.2266555]},"faces":{"down":{"uv":[3.93125,10.38125,3.63125,10.80625],"rotation":0,"texture":"#0","tintindex":0},"east":{"uv":[4.63125,3.94375,5.05625,3.99375],"rotation":0,"texture":"#0","tintindex":0},"north":{"uv":[5.06875,3.94375,5.36875,3.99375],"rotation":0,"texture":"#0","tintindex":0},"south":{"uv":[5.56875,6.94375,5.86875,6.99375],"rotation":0,"texture":"#0","tintindex":0},"up":{"uv":[10.05625,10.74375,9.75625,10.31875],"rotation":0,"texture":"#0","tintindex":0},"west":{"uv":[6.50625,6.06875,6.93125,6.11875],"rotation":0,"texture":"#0","tintindex":0}}}],"display":{"head":{"translation":[0.0,-6.4,0.0],"rotation":[0.0,0.0,0.0],"scale":[3.8095,3.8095,3.8095]}}}