{"textures":{"0":"modelengine:entity/tiamat5"},"elements":[{"name":"cube","from":[6.5,1.9507358,3.8944902],"to":[8.9,6.150736,7.4944906],"rotation":{"angle":45.0,"axis":"x","origin":[7.7,3.7438447,8.95524]},"faces":{"down":{"uv":[4.18125,10.69375,3.94375,11.05625],"rotation":0,"texture":"#0","tintindex":0},"east":{"uv":[10.19375,2.06875,10.55625,2.49375],"rotation":0,"texture":"#0","tintindex":0},"north":{"uv":[3.25625,10.56875,3.49375,10.99375],"rotation":0,"texture":"#0","tintindex":0},"south":{"uv":[5.38125,10.56875,5.61875,10.99375],"rotation":0,"texture":"#0","tintindex":0},"up":{"uv":[10.93125,2.80625,10.69375,2.44375],"rotation":0,"texture":"#0","tintindex":0},"west":{"uv":[2.38125,10.19375,2.74375,10.61875],"rotation":0,"texture":"#0","tintindex":0}}},{"name":"cube","from":[7.1,0.75073576,4.49449],"to":[8.3,3.1507359,10.494492],"rotation":{"angle":45.0,"axis":"x","origin":[7.7,3.7438447,8.95524]},"faces":{"down":{"uv":[9.68125,10.63125,9.56875,11.24375],"rotation":0,"texture":"#0","tintindex":0},"east":{"uv":[10.19375,2.81875,10.80625,3.05625],"rotation":0,"texture":"#0","tintindex":0},"north":{"uv":[9.63125,5.19375,9.74375,5.43125],"rotation":0,"texture":"#0","tintindex":0},"south":{"uv":[9.75625,5.19375,9.86875,5.43125],"rotation":0,"texture":"#0","tintindex":0},"up":{"uv":[3.61875,11.18125,3.50625,10.56875],"rotation":0,"texture":"#0","tintindex":0},"west":{"uv":[10.19375,6.63125,10.80625,6.86875],"rotation":0,"texture":"#0","tintindex":0}}},{"name":"cube","from":[7.1,0.8000002,8.0],"to":[8.3,3.2000003,12.2],"rotation":{"angle":0.0,"axis":"x","origin":[7.7,3.7438447,8.95524]},"faces":{"down":{"uv":[5.99375,10.00625,5.88125,10.43125],"rotation":0,"texture":"#0","tintindex":0},"east":{"uv":[10.56875,5.69375,10.99375,5.93125],"rotation":0,"texture":"#0","tintindex":0},"north":{"uv":[9.81875,3.06875,9.93125,3.30625],"rotation":0,"texture":"#0","tintindex":0},"south":{"uv":[7.69375,9.88125,7.80625,10.11875],"rotation":0,"texture":"#0","tintindex":0},"up":{"uv":[2.49375,10.18125,2.38125,9.75625],"rotation":0,"texture":"#0","tintindex":0},"west":{"uv":[6.25625,10.56875,6.68125,10.80625],"rotation":0,"texture":"#0","tintindex":0}}},{"name":"cube","from":[7.7,0.8000002,10.4],"to":[7.7,5.6,14.0],"rotation":{"angle":0.0,"axis":"x","origin":[7.7,3.7438447,8.95524]},"faces":{"down":{"uv":[0.00625,0.00625,0.00625,0.36875],"rotation":0,"texture":"#0","tintindex":0},"east":{"uv":[4.63125,10.00625,4.99375,10.49375],"rotation":0,"texture":"#0","tintindex":0},"north":{"uv":[0.00625,0.00625,0.00625,0.49375],"rotation":0,"texture":"#0","tintindex":0},"south":{"uv":[0.00625,0.00625,0.00625,0.49375],"rotation":0,"texture":"#0","tintindex":0},"up":{"uv":[0.00625,0.36875,0.00625,0.00625],"rotation":0,"texture":"#0","tintindex":0},"west":{"uv":[4.63125,10.00625,4.99375,10.49375],"rotation":0,"texture":"#0","tintindex":0}}}],"display":{"head":{"translation":[0.0,-6.4,0.0],"rotation":[0.0,0.0,0.0],"scale":[3.8095,3.8095,3.8095]}}}