{"textures":{"0":"modelengine:entity/tiamat5"},"elements":[{"name":"cube","from":[8.0,1.9999998,4.7],"to":[12.8,11.6,11.3],"rotation":{"angle":0.0,"axis":"x","origin":[10.4,3.6499999,7.25]},"faces":{"down":{"uv":[1.50625,9.44375,1.99375,10.11875],"rotation":0,"texture":"#0","tintindex":0},"east":{"uv":[8.49375,1.25625,7.81875,2.24375],"rotation":0,"texture":"#0","tintindex":0},"north":{"uv":[2.49375,8.75625,2.00625,9.74375],"rotation":0,"texture":"#0","tintindex":0},"south":{"uv":[9.24375,3.69375,8.75625,4.68125],"rotation":0,"texture":"#0","tintindex":0},"up":{"uv":[1.00625,10.11875,1.49375,9.44375],"rotation":0,"texture":"#0","tintindex":0},"west":{"uv":[8.18125,7.69375,7.50625,8.68125],"rotation":0,"texture":"#0","tintindex":0}}},{"name":"cube","from":[12.111725,1.9999998,11.163213],"to":[12.111725,11.6,14.763213],"rotation":{"angle":-22.5,"axis":"y","origin":[12.111725,6.8,12.963214]},"faces":{"down":{"uv":[0.00625,0.00625,0.00625,0.36875],"rotation":0,"texture":"#0","tintindex":0},"east":{"uv":[7.11875,9.31875,6.75625,10.30625],"rotation":0,"texture":"#0","tintindex":0},"north":{"uv":[0.00625,0.00625,0.00625,0.99375],"rotation":0,"texture":"#0","tintindex":0},"south":{"uv":[0.00625,0.00625,0.00625,0.99375],"rotation":0,"texture":"#0","tintindex":0},"up":{"uv":[0.00625,0.36875,0.00625,0.00625],"rotation":0,"texture":"#0","tintindex":0},"west":{"uv":[9.61875,3.31875,9.25625,4.30625],"rotation":0,"texture":"#0","tintindex":0}}},{"name":"cube","from":[8.0,-1.0000005,4.7],"to":[12.8,1.9999998,8.3],"rotation":{"angle":0.0,"axis":"x","origin":[10.4,3.6499999,7.25]},"faces":{"down":{"uv":[8.63125,0.88125,9.11875,1.24375],"rotation":0,"texture":"#0","tintindex":0},"east":{"uv":[7.43125,10.50625,7.06875,10.80625],"rotation":0,"texture":"#0","tintindex":0},"north":{"uv":[10.68125,2.50625,10.19375,2.80625],"rotation":0,"texture":"#0","tintindex":0},"south":{"uv":[3.24375,10.19375,2.75625,10.49375],"rotation":0,"texture":"#0","tintindex":0},"up":{"uv":[7.00625,8.68125,7.49375,8.31875],"rotation":0,"texture":"#0","tintindex":0},"west":{"uv":[6.24375,10.50625,5.88125,10.80625],"rotation":0,"texture":"#0","tintindex":0}}}],"display":{"head":{"translation":[0.0,-6.4,0.0],"rotation":[0.0,0.0,0.0],"scale":[3.8095,3.8095,3.8095]}}}