{"textures":{"0":"modelengine:entity/tiamat5"},"elements":[{"name":"cube","from":[6.5,4.3999996,3.1999998],"to":[11.3,8.0,6.8],"rotation":{"angle":0.0,"axis":"x","origin":[9.1,6.6076117,3.7382681]},"faces":{"down":{"uv":[10.00625,3.06875,10.49375,3.43125],"rotation":0,"texture":"#0","tintindex":0},"east":{"uv":[3.61875,10.19375,3.25625,10.55625],"rotation":0,"texture":"#0","tintindex":0},"north":{"uv":[10.43125,1.25625,9.94375,1.61875],"rotation":0,"texture":"#0","tintindex":0},"south":{"uv":[9.18125,9.94375,8.69375,10.30625],"rotation":0,"texture":"#0","tintindex":0},"up":{"uv":[9.63125,10.30625,10.11875,9.94375],"rotation":0,"texture":"#0","tintindex":0},"west":{"uv":[9.61875,4.31875,9.25625,4.68125],"rotation":0,"texture":"#0","tintindex":0}}},{"name":"cube","from":[7.1,6.059844,5.511794],"to":[10.700001,9.059844,10.911795],"rotation":{"angle":-22.5,"axis":"x","origin":[8.3,6.959844,9.411795]},"faces":{"down":{"uv":[0.00625,9.94375,0.36875,10.49375],"rotation":0,"texture":"#0","tintindex":0},"east":{"uv":[10.61875,8.63125,10.06875,8.93125],"rotation":0,"texture":"#0","tintindex":0},"north":{"uv":[10.86875,10.13125,10.50625,10.43125],"rotation":0,"texture":"#0","tintindex":0},"south":{"uv":[10.86875,10.44375,10.50625,10.74375],"rotation":0,"texture":"#0","tintindex":0},"up":{"uv":[8.38125,4.86875,8.74375,4.31875],"rotation":0,"texture":"#0","tintindex":0},"west":{"uv":[10.61875,8.31875,10.06875,8.61875],"rotation":0,"texture":"#0","tintindex":0}}},{"name":"cube","from":[9.5,4.8209515,0.960269],"to":[11.900001,7.820952,4.5602694],"rotation":{"angle":-22.5,"axis":"x","origin":[9.1,6.0076118,3.7382681]},"faces":{"down":{"uv":[10.69375,0.69375,10.93125,1.05625],"rotation":0,"texture":"#0","tintindex":0},"east":{"uv":[10.86875,9.81875,10.50625,10.11875],"rotation":0,"texture":"#0","tintindex":0},"north":{"uv":[6.93125,10.69375,6.69375,10.99375],"rotation":0,"texture":"#0","tintindex":0},"south":{"uv":[10.93125,7.06875,10.69375,7.36875],"rotation":0,"texture":"#0","tintindex":0},"up":{"uv":[10.06875,10.99375,10.30625,10.63125],"rotation":0,"texture":"#0","tintindex":0},"west":{"uv":[8.43125,10.50625,8.06875,10.80625],"rotation":0,"texture":"#0","tintindex":0}}},{"name":"cube","from":[5.8999996,3.6649635,-0.026905775],"to":[11.900001,5.464964,-0.026905775],"rotation":{"angle":-45.0,"axis":"x","origin":[9.1,6.651624,2.7510934]},"faces":{"down":{"uv":[0.00625,0.00625,0.61875,0.00625],"rotation":0,"texture":"#0","tintindex":0},"east":{"uv":[0.00625,0.00625,0.00625,0.18125],"rotation":0,"texture":"#0","tintindex":0},"north":{"uv":[10.86875,7.81875,10.25625,7.99375],"rotation":0,"texture":"#0","tintindex":0},"south":{"uv":[10.25625,7.81875,10.86875,7.99375],"rotation":0,"texture":"#0","tintindex":0},"up":{"uv":[0.00625,0.00625,0.61875,0.00625],"rotation":0,"texture":"#0","tintindex":0},"west":{"uv":[0.00625,0.00625,0.00625,0.18125],"rotation":0,"texture":"#0","tintindex":0}}},{"name":"cube","from":[5.8999996,4.8209515,0.960269],"to":[9.5,8.420952,4.5602694],"rotation":{"angle":-22.5,"axis":"x","origin":[9.1,6.0076118,3.7382681]},"faces":{"down":{"uv":[8.63125,10.31875,8.99375,10.68125],"rotation":0,"texture":"#0","tintindex":0},"east":{"uv":[10.68125,5.13125,10.31875,5.49375],"rotation":0,"texture":"#0","tintindex":0},"north":{"uv":[10.49375,10.25625,10.13125,10.61875],"rotation":0,"texture":"#0","tintindex":0},"south":{"uv":[5.36875,10.31875,5.00625,10.68125],"rotation":0,"texture":"#0","tintindex":0},"up":{"uv":[6.69375,10.68125,7.05625,10.31875],"rotation":0,"texture":"#0","tintindex":0},"west":{"uv":[10.68125,0.69375,10.31875,1.05625],"rotation":0,"texture":"#0","tintindex":0}}}],"display":{"head":{"translation":[0.0,-6.4,0.0],"rotation":[0.0,0.0,0.0],"scale":[3.8095,3.8095,3.8095]}}}