{"textures":{"0":"modelengine:entity/tiamat5"},"elements":[{"name":"cube","from":[1.2499998,7.942514,7.9544435],"to":[9.05,19.342514,7.9544435],"rotation":{"angle":0.0,"axis":"x","origin":[6.9370127,16.597782,6.882553]},"faces":{"down":{"uv":[0.80625,0.00625,0.00625,0.00625],"rotation":0,"texture":"#0","tintindex":0},"east":{"uv":[0.00625,0.00625,0.00625,1.18125],"rotation":0,"texture":"#0","tintindex":0},"north":{"uv":[4.75625,6.94375,5.55625,8.11875],"rotation":0,"texture":"#0","tintindex":0},"south":{"uv":[2.99375,6.81875,2.19375,7.99375],"rotation":0,"texture":"#0","tintindex":0},"up":{"uv":[0.80625,0.00625,0.00625,0.00625],"rotation":0,"texture":"#0","tintindex":0},"west":{"uv":[0.00625,0.00625,0.00625,1.18125],"rotation":0,"texture":"#0","tintindex":0}}},{"name":"cube","from":[9.276518,7.942514,2.4494402],"to":[9.276518,19.342514,6.94944],"rotation":{"angle":-22.5,"axis":"y","origin":[6.6370125,16.597782,6.882553]},"faces":{"down":{"uv":[0.00625,0.00625,0.00625,0.49375],"rotation":0,"texture":"#0","tintindex":0},"east":{"uv":[2.24375,6.81875,1.75625,7.99375],"rotation":0,"texture":"#0","tintindex":0},"north":{"uv":[0.00625,0.00625,0.00625,1.18125],"rotation":0,"texture":"#0","tintindex":0},"south":{"uv":[0.00625,0.00625,0.00625,1.18125],"rotation":0,"texture":"#0","tintindex":0},"up":{"uv":[0.00625,0.49375,0.00625,0.00625],"rotation":0,"texture":"#0","tintindex":0},"west":{"uv":[3.31875,8.25625,3.80625,9.43125],"rotation":0,"texture":"#0","tintindex":0}}},{"name":"cube","from":[1.2499998,18.70055,8.901003],"to":[9.05,24.70055,8.901003],"rotation":{"angle":-22.5,"axis":"x","origin":[6.9370127,16.642199,6.814044]},"faces":{"down":{"uv":[0.80625,0.00625,0.00625,0.00625],"rotation":0,"texture":"#0","tintindex":0},"east":{"uv":[0.00625,0.00625,0.00625,0.61875],"rotation":0,"texture":"#0","tintindex":0},"north":{"uv":[8.69375,2.13125,9.49375,2.74375],"rotation":0,"texture":"#0","tintindex":0},"south":{"uv":[2.99375,6.19375,2.19375,6.80625],"rotation":0,"texture":"#0","tintindex":0},"up":{"uv":[0.80625,0.00625,0.00625,0.00625],"rotation":0,"texture":"#0","tintindex":0},"west":{"uv":[0.00625,0.00625,0.00625,0.61875],"rotation":0,"texture":"#0","tintindex":0}}}],"display":{"head":{"translation":[0.0,-6.4,0.0],"rotation":[0.0,0.0,0.0],"scale":[3.8095,3.8095,3.8095]}}}