{"textures":{"0":"modelengine:entity/tiamat5"},"elements":[{"name":"cube","from":[8.6,-7.5999994,5.9000006],"to":[11.6,3.1999998,11.3],"rotation":{"angle":0.0,"axis":"x","origin":[9.212988,3.1249998,9.742909]},"faces":{"down":{"uv":[5.56875,10.00625,5.86875,10.55625],"rotation":0,"texture":"#0","tintindex":0},"east":{"uv":[1.11875,8.00625,0.56875,9.11875],"rotation":0,"texture":"#0","tintindex":0},"north":{"uv":[7.68125,5.75625,7.38125,6.86875],"rotation":0,"texture":"#0","tintindex":0},"south":{"uv":[9.61875,9.19375,9.31875,10.30625],"rotation":0,"texture":"#0","tintindex":0},"up":{"uv":[4.44375,8.80625,4.74375,8.25625],"rotation":0,"texture":"#0","tintindex":0},"west":{"uv":[0.55625,8.00625,0.00625,9.11875],"rotation":0,"texture":"#0","tintindex":0}}},{"name":"cube","from":[0.7999997,-7.5999994,7.7],"to":[8.6,9.8,7.7],"rotation":{"angle":0.0,"axis":"x","origin":[9.212988,3.1249998,9.742909]},"faces":{"down":{"uv":[0.00625,0.00625,0.80625,0.00625],"rotation":0,"texture":"#0","tintindex":0},"east":{"uv":[0.00625,0.00625,0.00625,1.80625],"rotation":0,"texture":"#0","tintindex":0},"north":{"uv":[5.43125,0.00625,4.63125,1.80625],"rotation":0,"texture":"#0","tintindex":0},"south":{"uv":[4.63125,0.00625,5.43125,1.80625],"rotation":0,"texture":"#0","tintindex":0},"up":{"uv":[0.00625,0.00625,0.80625,0.00625],"rotation":0,"texture":"#0","tintindex":0},"west":{"uv":[0.00625,0.00625,0.00625,1.80625],"rotation":0,"texture":"#0","tintindex":0}}},{"name":"cube","from":[8.0,3.1999998,3.5000005],"to":[12.8,10.4,11.3],"rotation":{"angle":0.0,"axis":"x","origin":[9.212988,3.1249998,9.742909]},"faces":{"down":{"uv":[0.50625,9.13125,0.99375,9.93125],"rotation":0,"texture":"#0","tintindex":0},"east":{"uv":[8.99375,7.69375,8.19375,8.43125],"rotation":0,"texture":"#0","tintindex":0},"north":{"uv":[4.30625,9.13125,3.81875,9.86875],"rotation":0,"texture":"#0","tintindex":0},"south":{"uv":[9.30625,9.19375,8.81875,9.93125],"rotation":0,"texture":"#0","tintindex":0},"up":{"uv":[0.00625,9.93125,0.49375,9.13125],"rotation":0,"texture":"#0","tintindex":0},"west":{"uv":[6.36875,8.19375,5.56875,8.93125],"rotation":0,"texture":"#0","tintindex":0}}},{"name":"cube","from":[13.122828,3.1999998,9.808784],"to":[13.122828,10.4,15.808784],"rotation":{"angle":-22.5,"axis":"y","origin":[9.212988,3.1249998,9.742909]},"faces":{"down":{"uv":[0.00625,0.00625,0.00625,0.61875],"rotation":0,"texture":"#0","tintindex":0},"east":{"uv":[9.43125,8.44375,8.81875,9.18125],"rotation":0,"texture":"#0","tintindex":0},"north":{"uv":[0.00625,0.00625,0.00625,0.74375],"rotation":0,"texture":"#0","tintindex":0},"south":{"uv":[0.00625,0.00625,0.00625,0.74375],"rotation":0,"texture":"#0","tintindex":0},"up":{"uv":[0.00625,0.61875,0.00625,0.00625],"rotation":0,"texture":"#0","tintindex":0},"west":{"uv":[8.81875,8.44375,9.43125,9.18125],"rotation":0,"texture":"#0","tintindex":0}}}],"display":{"head":{"translation":[0.0,-6.4,0.0],"rotation":[0.0,0.0,0.0],"scale":[3.8095,3.8095,3.8095]}}}