{"textures":{"0":"modelengine:entity/tiamat5"},"elements":[{"name":"cube","from":[4.3999996,-7.5999994,5.9000006],"to":[7.4,3.1999998,11.3],"rotation":{"angle":0.0,"axis":"x","origin":[6.787012,3.1249998,9.742909]},"faces":{"down":{"uv":[5.86875,10.00625,5.56875,10.55625],"rotation":0,"texture":"#0","tintindex":0},"east":{"uv":[0.00625,8.00625,0.55625,9.11875],"rotation":0,"texture":"#0","tintindex":0},"north":{"uv":[7.38125,5.75625,7.68125,6.86875],"rotation":0,"texture":"#0","tintindex":0},"south":{"uv":[9.31875,9.19375,9.61875,10.30625],"rotation":0,"texture":"#0","tintindex":0},"up":{"uv":[4.74375,8.80625,4.44375,8.25625],"rotation":0,"texture":"#0","tintindex":0},"west":{"uv":[0.56875,8.00625,1.11875,9.11875],"rotation":0,"texture":"#0","tintindex":0}}},{"name":"cube","from":[7.4,-7.5999994,7.7],"to":[15.2,9.8,7.7],"rotation":{"angle":0.0,"axis":"x","origin":[6.787012,3.1249998,9.742909]},"faces":{"down":{"uv":[0.80625,0.00625,0.00625,0.00625],"rotation":0,"texture":"#0","tintindex":0},"east":{"uv":[0.00625,0.00625,0.00625,1.80625],"rotation":0,"texture":"#0","tintindex":0},"north":{"uv":[4.63125,0.00625,5.43125,1.80625],"rotation":0,"texture":"#0","tintindex":0},"south":{"uv":[5.43125,0.00625,4.63125,1.80625],"rotation":0,"texture":"#0","tintindex":0},"up":{"uv":[0.80625,0.00625,0.00625,0.00625],"rotation":0,"texture":"#0","tintindex":0},"west":{"uv":[0.00625,0.00625,0.00625,1.80625],"rotation":0,"texture":"#0","tintindex":0}}},{"name":"cube","from":[3.1999998,3.1999998,3.5000005],"to":[8.0,10.4,11.3],"rotation":{"angle":0.0,"axis":"x","origin":[6.787012,3.1249998,9.742909]},"faces":{"down":{"uv":[0.99375,9.13125,0.50625,9.93125],"rotation":0,"texture":"#0","tintindex":0},"east":{"uv":[5.56875,8.19375,6.36875,8.93125],"rotation":0,"texture":"#0","tintindex":0},"north":{"uv":[3.81875,9.13125,4.30625,9.86875],"rotation":0,"texture":"#0","tintindex":0},"south":{"uv":[8.81875,9.19375,9.30625,9.93125],"rotation":0,"texture":"#0","tintindex":0},"up":{"uv":[0.49375,9.93125,0.00625,9.13125],"rotation":0,"texture":"#0","tintindex":0},"west":{"uv":[8.19375,7.69375,8.99375,8.43125],"rotation":0,"texture":"#0","tintindex":0}}},{"name":"cube","from":[2.8771722,3.1999998,9.808784],"to":[2.8771722,10.4,15.808784],"rotation":{"angle":22.5,"axis":"y","origin":[6.787012,3.1249998,9.742909]},"faces":{"down":{"uv":[0.00625,0.00625,0.00625,0.61875],"rotation":0,"texture":"#0","tintindex":0},"east":{"uv":[9.43125,8.44375,8.81875,9.18125],"rotation":0,"texture":"#0","tintindex":0},"north":{"uv":[0.00625,0.00625,0.00625,0.74375],"rotation":0,"texture":"#0","tintindex":0},"south":{"uv":[0.00625,0.00625,0.00625,0.74375],"rotation":0,"texture":"#0","tintindex":0},"up":{"uv":[0.00625,0.61875,0.00625,0.00625],"rotation":0,"texture":"#0","tintindex":0},"west":{"uv":[8.81875,8.44375,9.43125,9.18125],"rotation":0,"texture":"#0","tintindex":0}}}],"display":{"head":{"translation":[0.0,-6.4,0.0],"rotation":[0.0,0.0,0.0],"scale":[3.8095,3.8095,3.8095]}}}