{"textures":{"0":"modelengine:entity/tiamat5"},"elements":[{"name":"cube","from":[6.95,7.942514,7.9544435],"to":[14.75,19.342514,7.9544435],"rotation":{"angle":0.0,"axis":"x","origin":[9.062987,16.597782,6.882553]},"faces":{"down":{"uv":[0.00625,0.00625,0.80625,0.00625],"rotation":0,"texture":"#0","tintindex":0},"east":{"uv":[0.00625,0.00625,0.00625,1.18125],"rotation":0,"texture":"#0","tintindex":0},"north":{"uv":[5.55625,6.94375,4.75625,8.11875],"rotation":0,"texture":"#0","tintindex":0},"south":{"uv":[2.19375,6.81875,2.99375,7.99375],"rotation":0,"texture":"#0","tintindex":0},"up":{"uv":[0.00625,0.00625,0.80625,0.00625],"rotation":0,"texture":"#0","tintindex":0},"west":{"uv":[0.00625,0.00625,0.00625,1.18125],"rotation":0,"texture":"#0","tintindex":0}}},{"name":"cube","from":[6.723482,7.942514,2.4494402],"to":[6.723482,19.342514,6.94944],"rotation":{"angle":22.5,"axis":"y","origin":[9.3629875,16.597782,6.882553]},"faces":{"down":{"uv":[0.00625,0.00625,0.00625,0.49375],"rotation":0,"texture":"#0","tintindex":0},"east":{"uv":[3.80625,8.25625,3.31875,9.43125],"rotation":0,"texture":"#0","tintindex":0},"north":{"uv":[0.00625,0.00625,0.00625,1.18125],"rotation":0,"texture":"#0","tintindex":0},"south":{"uv":[0.00625,0.00625,0.00625,1.18125],"rotation":0,"texture":"#0","tintindex":0},"up":{"uv":[0.00625,0.49375,0.00625,0.00625],"rotation":0,"texture":"#0","tintindex":0},"west":{"uv":[1.75625,6.81875,2.24375,7.99375],"rotation":0,"texture":"#0","tintindex":0}}},{"name":"cube","from":[6.95,18.70055,8.901003],"to":[14.75,24.70055,8.901003],"rotation":{"angle":-22.5,"axis":"x","origin":[9.062987,16.642199,6.814044]},"faces":{"down":{"uv":[0.00625,0.00625,0.80625,0.00625],"rotation":0,"texture":"#0","tintindex":0},"east":{"uv":[0.00625,0.00625,0.00625,0.61875],"rotation":0,"texture":"#0","tintindex":0},"north":{"uv":[9.49375,2.13125,8.69375,2.74375],"rotation":0,"texture":"#0","tintindex":0},"south":{"uv":[2.19375,6.19375,2.99375,6.80625],"rotation":0,"texture":"#0","tintindex":0},"up":{"uv":[0.00625,0.00625,0.80625,0.00625],"rotation":0,"texture":"#0","tintindex":0},"west":{"uv":[0.00625,0.00625,0.00625,0.61875],"rotation":0,"texture":"#0","tintindex":0}}}],"display":{"head":{"translation":[0.0,-6.4,0.0],"rotation":[0.0,0.0,0.0],"scale":[3.8095,3.8095,3.8095]}}}