{"textures":{"0":"modelengine:entity/tiamat5"},"elements":[{"name":"cube","from":[6.8,-1.6000004,17.3],"to":[9.2,5.6,20.900002],"rotation":{"angle":0.0,"axis":"x","origin":[8.0,5.700001,15.600001]},"faces":{"down":{"uv":[9.55625,10.63125,9.31875,10.99375],"rotation":0,"texture":"#0","tintindex":0},"east":{"uv":[9.81875,0.00625,10.18125,0.74375],"rotation":0,"texture":"#0","tintindex":0},"north":{"uv":[4.13125,9.94375,4.36875,10.68125],"rotation":0,"texture":"#0","tintindex":0},"south":{"uv":[4.38125,9.94375,4.61875,10.68125],"rotation":0,"texture":"#0","tintindex":0},"up":{"uv":[10.86875,8.74375,10.63125,8.38125],"rotation":0,"texture":"#0","tintindex":0},"west":{"uv":[9.81875,2.31875,10.18125,3.05625],"rotation":0,"texture":"#0","tintindex":0}}},{"name":"cube","from":[6.8,5.6,14.900001],"to":[9.2,8.6,19.7],"rotation":{"angle":0.0,"axis":"x","origin":[8.0,5.700001,15.600001]},"faces":{"down":{"uv":[3.24375,10.50625,3.00625,10.99375],"rotation":0,"texture":"#0","tintindex":0},"east":{"uv":[10.19375,6.31875,10.68125,6.61875],"rotation":0,"texture":"#0","tintindex":0},"north":{"uv":[10.69375,5.13125,10.93125,5.43125],"rotation":0,"texture":"#0","tintindex":0},"south":{"uv":[10.69375,6.25625,10.93125,6.55625],"rotation":0,"texture":"#0","tintindex":0},"up":{"uv":[2.99375,10.99375,2.75625,10.50625],"rotation":0,"texture":"#0","tintindex":0},"west":{"uv":[10.25625,4.56875,10.74375,4.86875],"rotation":0,"texture":"#0","tintindex":0}}},{"name":"cube","from":[8.0,5.6,9.5],"to":[8.0,12.2,22.100002],"rotation":{"angle":0.0,"axis":"x","origin":[8.0,5.700001,15.600001]},"faces":{"down":{"uv":[0.00625,0.00625,0.00625,1.30625],"rotation":0,"texture":"#0","tintindex":0},"east":{"uv":[6.94375,3.13125,8.24375,3.80625],"rotation":0,"texture":"#0","tintindex":0},"north":{"uv":[0.00625,0.00625,0.00625,0.68125],"rotation":0,"texture":"#0","tintindex":0},"south":{"uv":[0.00625,0.00625,0.00625,0.68125],"rotation":0,"texture":"#0","tintindex":0},"up":{"uv":[0.00625,1.30625,0.00625,0.00625],"rotation":0,"texture":"#0","tintindex":0},"west":{"uv":[8.24375,3.13125,6.94375,3.80625],"rotation":0,"texture":"#0","tintindex":0}}},{"name":"cube","from":[6.8,5.6,7.1],"to":[9.2,10.4,14.900001],"rotation":{"angle":0.0,"axis":"x","origin":[8.0,5.700001,15.600001]},"faces":{"down":{"uv":[0.61875,9.94375,0.38125,10.74375],"rotation":0,"texture":"#0","tintindex":0},"east":{"uv":[9.13125,0.88125,9.93125,1.36875],"rotation":0,"texture":"#0","tintindex":0},"north":{"uv":[1.69375,10.50625,1.93125,10.99375],"rotation":0,"texture":"#0","tintindex":0},"south":{"uv":[1.94375,10.50625,2.18125,10.99375],"rotation":0,"texture":"#0","tintindex":0},"up":{"uv":[6.68125,10.55625,6.44375,9.75625],"rotation":0,"texture":"#0","tintindex":0},"west":{"uv":[9.13125,1.38125,9.93125,1.86875],"rotation":0,"texture":"#0","tintindex":0}}}],"display":{"head":{"translation":[0.0,-6.4,0.0],"rotation":[0.0,0.0,0.0],"scale":[3.8095,3.8095,3.8095]}}}