{"textures":{"0":"modelengine:entity/tiamat5"},"elements":[{"name":"cube","from":[6.5,-13.000001,-3.4006374],"to":[9.5,0.7999997,0.7993622],"rotation":{"angle":0.0,"axis":"x","origin":[8.613831,2.6749997,7.6373453]},"faces":{"down":{"uv":[10.74375,1.06875,10.44375,1.49375],"rotation":0,"texture":"#0","tintindex":0},"east":{"uv":[1.13125,8.00625,1.55625,9.43125],"rotation":0,"texture":"#0","tintindex":0},"north":{"uv":[7.81875,8.69375,8.11875,10.11875],"rotation":0,"texture":"#0","tintindex":0},"south":{"uv":[2.50625,8.75625,2.80625,10.18125],"rotation":0,"texture":"#0","tintindex":0},"up":{"uv":[0.93125,10.86875,0.63125,10.44375],"rotation":0,"texture":"#0","tintindex":0},"west":{"uv":[1.56875,8.00625,1.99375,9.43125],"rotation":0,"texture":"#0","tintindex":0}}},{"name":"cube","from":[7.7,-13.000001,-3.4006374],"to":[7.7,25.400002,18.799362],"rotation":{"angle":0.0,"axis":"x","origin":[8.613831,2.6749997,7.6373453]},"faces":{"down":{"uv":[0.00625,0.00625,0.00625,2.30625],"rotation":0,"texture":"#0","tintindex":0},"east":{"uv":[2.30625,0.00625,0.00625,3.99375],"rotation":0,"texture":"#0","tintindex":0},"north":{"uv":[0.00625,0.00625,0.00625,3.99375],"rotation":0,"texture":"#0","tintindex":0},"south":{"uv":[0.00625,0.00625,0.00625,3.99375],"rotation":0,"texture":"#0","tintindex":0},"up":{"uv":[0.00625,2.30625,0.00625,0.00625],"rotation":0,"texture":"#0","tintindex":0},"west":{"uv":[0.00625,0.00625,2.30625,3.99375],"rotation":0,"texture":"#0","tintindex":0}}},{"name":"cube","from":[3.4980416,-13.000001,17.599998],"to":[3.4980416,25.400002,32.0],"rotation":{"angle":22.5,"axis":"y","origin":[8.613831,2.6749997,7.6373453]},"faces":{"down":{"uv":[0.00625,0.00625,0.00625,1.49375],"rotation":0,"texture":"#0","tintindex":0},"east":{"uv":[3.80625,0.00625,2.31875,3.99375],"rotation":0,"texture":"#0","tintindex":0},"north":{"uv":[0.00625,0.00625,0.00625,3.99375],"rotation":0,"texture":"#0","tintindex":0},"south":{"uv":[0.00625,0.00625,0.00625,3.99375],"rotation":0,"texture":"#0","tintindex":0},"up":{"uv":[0.00625,1.49375,0.00625,0.00625],"rotation":0,"texture":"#0","tintindex":0},"west":{"uv":[2.31875,0.00625,3.80625,3.99375],"rotation":0,"texture":"#0","tintindex":0}}},{"name":"cube","from":[6.5,0.7999997,-3.4006374],"to":[10.1,8.0,0.7993622],"rotation":{"angle":0.0,"axis":"x","origin":[8.613831,2.6749997,7.6373453]},"faces":{"down":{"uv":[10.49375,9.81875,10.13125,10.24375],"rotation":0,"texture":"#0","tintindex":0},"east":{"uv":[2.81875,9.44375,3.24375,10.18125],"rotation":0,"texture":"#0","tintindex":0},"north":{"uv":[2.00625,9.75625,2.36875,10.49375],"rotation":0,"texture":"#0","tintindex":0},"south":{"uv":[6.06875,9.75625,6.43125,10.49375],"rotation":0,"texture":"#0","tintindex":0},"up":{"uv":[8.05625,10.55625,7.69375,10.13125],"rotation":0,"texture":"#0","tintindex":0},"west":{"uv":[3.25625,9.44375,3.68125,10.18125],"rotation":0,"texture":"#0","tintindex":0}}}],"display":{"head":{"translation":[0.0,-6.4,26.882381],"rotation":[0.0,0.0,0.0],"scale":[3.8095,3.8095,3.8095]}}}