{"textures":{"0":"modelengine:entity/tiamat5"},"elements":[{"name":"cube","from":[6.5,1.9507358,3.8944902],"to":[8.9,6.150736,7.4944906],"rotation":{"angle":45.0,"axis":"x","origin":[7.7,3.7438447,8.95524]},"faces":{"down":{"uv":[10.63125,8.00625,10.86875,8.36875],"rotation":0,"texture":"#0","tintindex":0},"east":{"uv":[10.55625,1.63125,10.19375,2.05625],"rotation":0,"texture":"#0","tintindex":0},"north":{"uv":[7.68125,10.50625,7.44375,10.93125],"rotation":0,"texture":"#0","tintindex":0},"south":{"uv":[10.80625,1.50625,10.56875,1.93125],"rotation":0,"texture":"#0","tintindex":0},"up":{"uv":[10.63125,4.49375,10.86875,4.13125],"rotation":0,"texture":"#0","tintindex":0},"west":{"uv":[10.55625,0.00625,10.19375,0.43125],"rotation":0,"texture":"#0","tintindex":0}}},{"name":"cube","from":[7.1,0.75073576,4.49449],"to":[8.3,3.1507359,10.494492],"rotation":{"angle":45.0,"axis":"x","origin":[7.7,3.7438447,8.95524]},"faces":{"down":{"uv":[8.44375,10.50625,8.55625,11.11875],"rotation":0,"texture":"#0","tintindex":0},"east":{"uv":[10.80625,0.44375,10.19375,0.68125],"rotation":0,"texture":"#0","tintindex":0},"north":{"uv":[2.93125,8.00625,2.81875,8.24375],"rotation":0,"texture":"#0","tintindex":0},"south":{"uv":[1.11875,9.13125,1.00625,9.36875],"rotation":0,"texture":"#0","tintindex":0},"up":{"uv":[0.25625,11.11875,0.36875,10.50625],"rotation":0,"texture":"#0","tintindex":0},"west":{"uv":[10.68125,8.94375,10.06875,9.18125],"rotation":0,"texture":"#0","tintindex":0}}},{"name":"cube","from":[7.1,0.8000002,8.0],"to":[8.3,3.2000003,12.2],"rotation":{"angle":0.0,"axis":"x","origin":[7.7,3.7438447,8.95524]},"faces":{"down":{"uv":[3.69375,9.44375,3.80625,9.86875],"rotation":0,"texture":"#0","tintindex":0},"east":{"uv":[10.99375,2.19375,10.56875,2.43125],"rotation":0,"texture":"#0","tintindex":0},"north":{"uv":[9.24375,3.31875,9.13125,3.55625],"rotation":0,"texture":"#0","tintindex":0},"south":{"uv":[4.43125,9.13125,4.31875,9.36875],"rotation":0,"texture":"#0","tintindex":0},"up":{"uv":[8.50625,2.55625,8.61875,2.13125],"rotation":0,"texture":"#0","tintindex":0},"west":{"uv":[10.99375,1.94375,10.56875,2.18125],"rotation":0,"texture":"#0","tintindex":0}}},{"name":"cube","from":[7.7,0.8000002,10.4],"to":[7.7,5.6,14.0],"rotation":{"angle":0.0,"axis":"x","origin":[7.7,3.7438447,8.95524]},"faces":{"down":{"uv":[0.00625,0.00625,0.00625,0.36875],"rotation":0,"texture":"#0","tintindex":0},"east":{"uv":[10.30625,0.75625,9.94375,1.24375],"rotation":0,"texture":"#0","tintindex":0},"north":{"uv":[0.00625,0.00625,0.00625,0.49375],"rotation":0,"texture":"#0","tintindex":0},"south":{"uv":[0.00625,0.00625,0.00625,0.49375],"rotation":0,"texture":"#0","tintindex":0},"up":{"uv":[0.00625,0.36875,0.00625,0.00625],"rotation":0,"texture":"#0","tintindex":0},"west":{"uv":[10.30625,0.75625,9.94375,1.24375],"rotation":0,"texture":"#0","tintindex":0}}}],"display":{"head":{"translation":[0.0,-6.4,0.0],"rotation":[0.0,0.0,0.0],"scale":[3.8095,3.8095,3.8095]}}}