{"textures":{"0":"modelengine:entity/tiamat5"},"elements":[{"name":"cube","from":[5.0,8.0,8.0],"to":[11.0,8.0,16.400002],"rotation":{"angle":0.0,"axis":"x","origin":[8.0,8.0,12.2]},"faces":{"down":{"uv":[3.81875,8.25625,4.43125,9.11875],"rotation":0,"texture":"#0","tintindex":0},"east":{"uv":[0.00625,0.00625,0.86875,0.00625],"rotation":0,"texture":"#0","tintindex":0},"north":{"uv":[0.00625,0.00625,0.61875,0.00625],"rotation":0,"texture":"#0","tintindex":0},"south":{"uv":[0.00625,0.00625,0.61875,0.00625],"rotation":0,"texture":"#0","tintindex":0},"up":{"uv":[4.43125,9.11875,3.81875,8.25625],"rotation":0,"texture":"#0","tintindex":0},"west":{"uv":[0.00625,0.00625,0.86875,0.00625],"rotation":0,"texture":"#0","tintindex":0}}}],"display":{"head":{"translation":[0.0,-6.4,0.0],"rotation":[0.0,0.0,0.0],"scale":[3.8095,3.8095,3.8095]}}}