{"textures":{"0":"modelengine:entity/tiamat5"},"elements":[{"name":"cube","from":[8.0,5.000001,8.0],"to":[8.0,11.0,16.4],"rotation":{"angle":0.0,"axis":"x","origin":[8.0,8.0,12.199999]},"faces":{"down":{"uv":[0.00625,0.00625,0.00625,0.86875],"rotation":0,"texture":"#0","tintindex":0},"east":{"uv":[8.25625,3.06875,9.11875,3.68125],"rotation":0,"texture":"#0","tintindex":0},"north":{"uv":[0.00625,0.00625,0.00625,0.61875],"rotation":0,"texture":"#0","tintindex":0},"south":{"uv":[0.00625,0.00625,0.00625,0.61875],"rotation":0,"texture":"#0","tintindex":0},"up":{"uv":[0.00625,0.86875,0.00625,0.00625],"rotation":0,"texture":"#0","tintindex":0},"west":{"uv":[9.11875,3.06875,8.25625,3.68125],"rotation":0,"texture":"#0","tintindex":0}}},{"name":"cube","from":[5.0,8.0,8.0],"to":[11.0,8.0,16.4],"rotation":{"angle":0.0,"axis":"x","origin":[8.0,8.0,12.199999]},"faces":{"down":{"uv":[8.50625,1.25625,9.11875,2.11875],"rotation":0,"texture":"#0","tintindex":0},"east":{"uv":[0.00625,0.00625,0.86875,0.00625],"rotation":0,"texture":"#0","tintindex":0},"north":{"uv":[0.00625,0.00625,0.61875,0.00625],"rotation":0,"texture":"#0","tintindex":0},"south":{"uv":[0.00625,0.00625,0.61875,0.00625],"rotation":0,"texture":"#0","tintindex":0},"up":{"uv":[9.11875,2.11875,8.50625,1.25625],"rotation":0,"texture":"#0","tintindex":0},"west":{"uv":[0.00625,0.00625,0.86875,0.00625],"rotation":0,"texture":"#0","tintindex":0}}}],"display":{"head":{"translation":[0.0,-6.4,0.0],"rotation":[0.0,0.0,0.0],"scale":[3.8095,3.8095,3.8095]}}}