{"textures":{"0":"modelengine:entity/tiamat5"},"elements":[{"name":"cube","from":[5.0,8.0,8.001553],"to":[11.0,8.0,16.401554],"rotation":{"angle":0.0,"axis":"x","origin":[8.0,8.0,12.201553]},"faces":{"down":{"uv":[6.38125,8.31875,6.99375,9.18125],"rotation":0,"texture":"#0","tintindex":0},"east":{"uv":[0.00625,0.00625,0.86875,0.00625],"rotation":0,"texture":"#0","tintindex":0},"north":{"uv":[0.00625,0.00625,0.61875,0.00625],"rotation":0,"texture":"#0","tintindex":0},"south":{"uv":[0.00625,0.00625,0.61875,0.00625],"rotation":0,"texture":"#0","tintindex":0},"up":{"uv":[6.99375,9.18125,6.38125,8.31875],"rotation":0,"texture":"#0","tintindex":0},"west":{"uv":[0.00625,0.00625,0.86875,0.00625],"rotation":0,"texture":"#0","tintindex":0}}}],"display":{"head":{"translation":[0.0,-6.4,0.0],"rotation":[0.0,0.0,0.0],"scale":[3.8095,3.8095,3.8095]}}}