{"textures":{"0":"modelengine:entity/griffin_saddle","1":"modelengine:entity/werewolf_white"},"elements":[{"name":"cube","from":[4.8491597,6.274151,2.56411],"to":[11.150841,12.575831,8.86579],"rotation":{"angle":0.0,"axis":"x","origin":[8.0,-1.9388952,10.977992]},"faces":{"down":{"uv":[4.871,2.254,4.254,2.871],"rotation":0,"texture":"#1","tintindex":0},"east":{"uv":[4.254,0.754,4.871,1.371],"rotation":0,"texture":"#1","tintindex":0},"north":{"uv":[4.254,0.004,4.871,0.621],"rotation":0,"texture":"#1","tintindex":0},"south":{"uv":[1.004,4.254,1.621,4.871],"rotation":0,"texture":"#1","tintindex":0},"up":{"uv":[2.371,4.871,1.754,4.254],"rotation":0,"texture":"#1","tintindex":0},"west":{"uv":[4.254,1.504,4.871,2.121],"rotation":0,"texture":"#1","tintindex":0}}},{"name":"cube","from":[6.109496,7.5344863,-2.4772334],"to":[9.890504,10.0551605,2.56411],"rotation":{"angle":0.0,"axis":"x","origin":[8.0,-1.9388952,10.977992]},"faces":{"down":{"uv":[6.496,7.129,6.129,7.621],"rotation":0,"texture":"#1","tintindex":0},"east":{"uv":[8.004,5.879,8.496,6.121],"rotation":0,"texture":"#1","tintindex":0},"north":{"uv":[5.629,8.129,5.996,8.371],"rotation":0,"texture":"#1","tintindex":0},"south":{"uv":[6.629,8.129,6.996,8.371],"rotation":0,"texture":"#1","tintindex":0},"up":{"uv":[5.996,7.496,5.629,7.004],"rotation":0,"texture":"#1","tintindex":0},"west":{"uv":[8.004,6.254,8.496,6.496],"rotation":0,"texture":"#1","tintindex":0}}},{"name":"cube","from":[10.136774,11.420353,7.29037],"to":[12.657446,13.941027,8.550706],"rotation":{"angle":22.5,"axis":"z","origin":[8.0,-1.9388952,10.977992]},"faces":{"down":{"uv":[7.996,0.379,7.754,0.496],"rotation":0,"texture":"#1","tintindex":0},"east":{"uv":[2.004,2.254,2.121,2.496],"rotation":0,"texture":"#1","tintindex":0},"north":{"uv":[6.379,1.629,6.621,1.871],"rotation":0,"texture":"#1","tintindex":0},"south":{"uv":[8.254,1.504,8.496,1.746],"rotation":0,"texture":"#1","tintindex":0},"up":{"uv":[0.871,4.871,0.629,4.754],"rotation":0,"texture":"#1","tintindex":0},"west":{"uv":[5.379,5.004,5.496,5.246],"rotation":0,"texture":"#1","tintindex":0}}},{"name":"cube","from":[3.3425546,11.420353,7.29037],"to":[5.863227,13.941027,8.550706],"rotation":{"angle":-22.5,"axis":"z","origin":[8.0,-1.9388952,10.977992]},"faces":{"down":{"uv":[8.496,2.879,8.254,2.996],"rotation":0,"texture":"#1","tintindex":0},"east":{"uv":[5.629,1.004,5.746,1.246],"rotation":0,"texture":"#1","tintindex":0},"north":{"uv":[8.254,1.879,8.496,2.121],"rotation":0,"texture":"#1","tintindex":0},"south":{"uv":[8.254,2.254,8.496,2.496],"rotation":0,"texture":"#1","tintindex":0},"up":{"uv":[8.496,2.746,8.254,2.629],"rotation":0,"texture":"#1","tintindex":0},"west":{"uv":[5.629,1.379,5.746,1.621],"rotation":0,"texture":"#1","tintindex":0}}},{"name":"cube","from":[8.876437,10.160017,7.920538],"to":[13.917781,16.461697,7.920538],"rotation":{"angle":22.5,"axis":"z","origin":[8.0,-1.9388952,10.977992]},"faces":{"down":{"uv":[9.371,4.129,8.879,4.129],"rotation":0,"texture":"#1","tintindex":0},"east":{"uv":[1.129,5.879,1.129,6.496],"rotation":0,"texture":"#1","tintindex":0},"north":{"uv":[3.754,6.129,4.246,6.746],"rotation":0,"texture":"#1","tintindex":0},"south":{"uv":[4.246,6.129,3.754,6.746],"rotation":0,"texture":"#1","tintindex":0},"up":{"uv":[3.871,0.754,3.379,0.754],"rotation":0,"texture":"#1","tintindex":0},"west":{"uv":[6.004,8.879,6.004,9.496],"rotation":0,"texture":"#1","tintindex":0}}},{"name":"cube","from":[2.0822186,10.160017,7.920538],"to":[7.123563,16.461697,7.920538],"rotation":{"angle":-22.5,"axis":"z","origin":[8.0,-1.9388952,10.977992]},"faces":{"down":{"uv":[9.371,7.379,8.879,7.379],"rotation":0,"texture":"#1","tintindex":0},"east":{"uv":[9.004,4.254,9.004,4.871],"rotation":0,"texture":"#1","tintindex":0},"north":{"uv":[4.379,6.254,4.871,6.871],"rotation":0,"texture":"#1","tintindex":0},"south":{"uv":[4.871,6.254,4.379,6.871],"rotation":0,"texture":"#1","tintindex":0},"up":{"uv":[9.371,6.504,8.879,6.504],"rotation":0,"texture":"#1","tintindex":0},"west":{"uv":[6.129,9.004,6.129,9.621],"rotation":0,"texture":"#1","tintindex":0}}},{"name":"cube","from":[12.609992,6.274151,7.9515176],"to":[12.609992,12.575831,14.253198],"rotation":{"angle":22.5,"axis":"y","origin":[8.0,-1.9388952,10.977992]},"faces":{"down":{"uv":[2.629,9.129,2.629,9.746],"rotation":0,"texture":"#1","tintindex":0},"east":{"uv":[3.254,4.379,3.871,4.996],"rotation":0,"texture":"#1","tintindex":0},"north":{"uv":[2.254,9.129,2.254,9.746],"rotation":0,"texture":"#1","tintindex":0},"south":{"uv":[2.379,9.129,2.379,9.746],"rotation":0,"texture":"#1","tintindex":0},"up":{"uv":[2.504,9.746,2.504,9.129],"rotation":0,"texture":"#1","tintindex":0},"west":{"uv":[4.004,4.504,4.621,5.121],"rotation":0,"texture":"#1","tintindex":0}}},{"name":"cube","from":[13.681277,6.274151,5.4308457],"to":[13.681277,10.0551605,10.472189],"rotation":{"angle":22.5,"axis":"y","origin":[8.0,-1.9388952,10.977992]},"faces":{"down":{"uv":[4.379,9.129,4.379,9.621],"rotation":0,"texture":"#1","tintindex":0},"east":{"uv":[7.379,6.379,7.871,6.746],"rotation":0,"texture":"#1","tintindex":0},"north":{"uv":[9.129,2.004,9.129,2.371],"rotation":0,"texture":"#1","tintindex":0},"south":{"uv":[4.254,9.129,4.254,9.496],"rotation":0,"texture":"#1","tintindex":0},"up":{"uv":[9.129,4.746,9.129,4.254],"rotation":0,"texture":"#1","tintindex":0},"west":{"uv":[7.504,0.629,7.996,0.996],"rotation":0,"texture":"#1","tintindex":0}}},{"name":"cube","from":[3.3900084,6.274151,7.9515176],"to":[3.3900084,12.575831,14.253198],"rotation":{"angle":-22.5,"axis":"y","origin":[8.0,-1.9388952,10.977992]},"faces":{"down":{"uv":[9.129,1.254,9.129,1.871],"rotation":0,"texture":"#1","tintindex":0},"east":{"uv":[4.871,3.754,4.254,4.371],"rotation":0,"texture":"#1","tintindex":0},"north":{"uv":[0.004,9.129,0.004,9.746],"rotation":0,"texture":"#1","tintindex":0},"south":{"uv":[9.129,0.004,9.129,0.621],"rotation":0,"texture":"#1","tintindex":0},"up":{"uv":[0.129,9.746,0.129,9.129],"rotation":0,"texture":"#1","tintindex":0},"west":{"uv":[4.254,3.754,4.871,4.371],"rotation":0,"texture":"#1","tintindex":0}}},{"name":"cube","from":[2.318723,6.274151,5.4308457],"to":[2.318723,10.0551605,10.472189],"rotation":{"angle":-22.5,"axis":"y","origin":[8.0,-1.9388952,10.977992]},"faces":{"down":{"uv":[4.129,9.129,4.129,9.621],"rotation":0,"texture":"#1","tintindex":0},"east":{"uv":[7.871,5.879,7.379,6.246],"rotation":0,"texture":"#1","tintindex":0},"north":{"uv":[1.004,7.629,1.004,7.996],"rotation":0,"texture":"#1","tintindex":0},"south":{"uv":[7.129,7.629,7.129,7.996],"rotation":0,"texture":"#1","tintindex":0},"up":{"uv":[4.004,9.621,4.004,9.129],"rotation":0,"texture":"#1","tintindex":0},"west":{"uv":[7.379,5.879,7.871,6.246],"rotation":0,"texture":"#1","tintindex":0}}},{"name":"cube","from":[6.2670383,6.7603645,-2.3693843],"to":[7.04729,7.6907005,-2.3693843],"rotation":{"angle":0.0,"axis":"x","origin":[8.0,-1.9388952,10.977992]},"faces":{"down":{"uv":[8.996,7.129,8.879,7.246],"rotation":0,"texture":"#1","tintindex":0},"east":{"uv":[8.879,6.254,8.996,6.371],"rotation":0,"texture":"#1","tintindex":0},"north":{"uv":[5.754,8.879,5.871,8.996],"rotation":0,"texture":"#1","tintindex":0},"south":{"uv":[6.629,8.879,6.746,8.996],"rotation":0,"texture":"#1","tintindex":0},"up":{"uv":[7.246,8.996,7.129,8.879],"rotation":0,"texture":"#1","tintindex":0},"west":{"uv":[6.879,8.879,6.996,8.996],"rotation":0,"texture":"#1","tintindex":0}}},{"name":"cube","from":[8.952709,6.7603645,-2.3693843],"to":[9.732962,7.6907005,-2.3693843],"rotation":{"angle":0.0,"axis":"x","origin":[8.0,-1.9388952,10.977992]},"faces":{"down":{"uv":[8.879,7.129,8.996,7.246],"rotation":0,"texture":"#1","tintindex":0},"east":{"uv":[6.996,8.879,6.879,8.996],"rotation":0,"texture":"#1","tintindex":0},"north":{"uv":[5.871,8.879,5.754,8.996],"rotation":0,"texture":"#1","tintindex":0},"south":{"uv":[6.746,8.879,6.629,8.996],"rotation":0,"texture":"#1","tintindex":0},"up":{"uv":[7.129,8.996,7.246,8.879],"rotation":0,"texture":"#1",