{"textures":{"0":"modelengine:entity/griffin_saddle","1":"modelengine:entity/werewolf_white"},"elements":[{"name":"cube","from":[6.1390867,5.585701,6.393071],"to":[9.920095,8.106373,10.17408],"rotation":{"angle":0.0,"axis":"x","origin":[19.161037,8.0498,2.8200119]},"faces":{"down":{"uv":[5.996,7.629,5.629,7.996],"rotation":0,"texture":"#1","tintindex":0},"east":{"uv":[8.129,7.004,8.496,7.246],"rotation":0,"texture":"#1","tintindex":0},"north":{"uv":[8.129,6.629,8.496,6.871],"rotation":0,"texture":"#1","tintindex":0},"south":{"uv":[7.129,8.129,7.496,8.371],"rotation":0,"texture":"#1","tintindex":0},"up":{"uv":[0.871,7.996,0.504,7.629],"rotation":0,"texture":"#1","tintindex":0},"west":{"uv":[8.129,7.379,8.496,7.621],"rotation":0,"texture":"#1","tintindex":0}}},{"name":"cube","from":[6.1280074,3.1207283,6.393071],"to":[7.388344,5.6414003,7.6534076],"rotation":{"angle":0.0,"axis":"x","origin":[19.161037,8.0498,2.8200119]},"faces":{"down":{"uv":[8.996,2.254,8.879,2.371],"rotation":0,"texture":"#1","tintindex":0},"east":{"uv":[2.879,8.254,2.996,8.496],"rotation":0,"texture":"#1","tintindex":0},"north":{"uv":[5.879,2.004,5.996,2.246],"rotation":0,"texture":"#1","tintindex":0},"south":{"uv":[8.254,3.129,8.371,3.371],"rotation":0,"texture":"#1","tintindex":0},"up":{"uv":[2.371,8.996,2.254,8.879],"rotation":0,"texture":"#1","tintindex":0},"west":{"uv":[8.254,3.504,8.371,3.746],"rotation":0,"texture":"#1","tintindex":0}}},{"name":"cube","from":[6.486943,11.246057,6.5506134],"to":[7.432195,13.766728,7.4958653],"rotation":{"angle":45.0,"axis":"z","origin":[19.161037,8.0498,2.8200119]},"faces":{"down":{"uv":[4.371,8.879,4.254,8.996],"rotation":0,"texture":"#1","tintindex":0},"east":{"uv":[6.129,8.254,6.246,8.496],"rotation":0,"texture":"#1","tintindex":0},"north":{"uv":[8.254,4.754,8.371,4.996],"rotation":0,"texture":"#1","tintindex":0},"south":{"uv":[6.379,8.254,6.496,8.496],"rotation":0,"texture":"#1","tintindex":0},"up":{"uv":[4.121,8.996,4.004,8.879],"rotation":0,"texture":"#1","tintindex":0},"west":{"uv":[8.379,3.879,8.496,4.121],"rotation":0,"texture":"#1","tintindex":0}}},{"name":"cube","from":[6.486943,11.246057,7.81095],"to":[7.432195,13.766728,8.756202],"rotation":{"angle":45.0,"axis":"z","origin":[19.161037,8.0498,2.8200119]},"faces":{"down":{"uv":[4.871,8.879,4.754,8.996],"rotation":0,"texture":"#1","tintindex":0},"east":{"uv":[8.379,5.129,8.496,5.371],"rotation":0,"texture":"#1","tintindex":0},"north":{"uv":[8.379,4.254,8.496,4.496],"rotation":0,"texture":"#1","tintindex":0},"south":{"uv":[8.379,5.504,8.496,5.746],"rotation":0,"texture":"#1","tintindex":0},"up":{"uv":[4.621,8.996,4.504,8.879],"rotation":0,"texture":"#1","tintindex":0},"west":{"uv":[0.004,8.504,0.121,8.746],"rotation":0,"texture":"#1","tintindex":0}}},{"name":"cube","from":[6.1280074,3.1207283,7.6534076],"to":[7.388344,5.6414003,8.913744],"rotation":{"angle":0.0,"axis":"x","origin":[19.161037,8.0498,2.8200119]},"faces":{"down":{"uv":[8.996,5.004,8.879,5.121],"rotation":0,"texture":"#1","tintindex":0},"east":{"uv":[2.379,8.504,2.496,8.746],"rotation":0,"texture":"#1","tintindex":0},"north":{"uv":[8.504,0.004,8.621,0.246],"rotation":0,"texture":"#1","tintindex":0},"south":{"uv":[2.629,8.504,2.746,8.746],"rotation":0,"texture":"#1","tintindex":0},"up":{"uv":[5.121,8.996,5.004,8.879],"rotation":0,"texture":"#1","tintindex":0},"west":{"uv":[8.504,3.129,8.621,3.371],"rotation":0,"texture":"#1","tintindex":0}}},{"name":"cube","from":[6.486943,11.246057,9.071285],"to":[7.432195,13.766728,10.016537],"rotation":{"angle":45.0,"axis":"z","origin":[19.161037,8.0498,2.8200119]},"faces":{"down":{"uv":[8.996,5.254,8.879,5.371],"rotation":0,"texture":"#1","tintindex":0},"east":{"uv":[3.629,8.504,3.746,8.746],"rotation":0,"texture":"#1","tintindex":0},"north":{"uv":[8.504,3.504,8.621,3.746],"rotation":0,"texture":"#1","tintindex":0},"south":{"uv":[3.879,8.504,3.996,8.746],"rotation":0,"texture":"#1","tintindex":0},"up":{"uv":[5.371,8.996,5.254,8.879],"rotation":0,"texture":"#1","tintindex":0},"west":{"uv":[4.129,8.504,4.246,8.746],"rotation":0,"texture":"#1","tintindex":0}}},{"name":"cube","from":[6.1280074,3.1207283,8.913744],"to":[7.388344,5.6414003,10.17408],"rotation":{"angle":0.0,"axis":"x","origin":[19.161037,8.0498,2.8200119]},"faces":{"down":{"uv":[8.996,5.504,8.879,5.621],"rotation":0,"texture":"#1","tintindex":0},"east":{"uv":[4.629,8.504,4.746,8.746],"rotation":0,"texture":"#1","tintindex":0},"north":{"uv":[4.379,8.504,4.496,8.746],"rotation":0,"texture":"#1","tintindex":0},"south":{"uv":[8.504,4.629,8.621,4.871],"rotation":0,"texture":"#1","tintindex":0},"up":{"uv":[5.621,8.996,5.504,8.879],"rotation":0,"texture":"#1","tintindex":0},"west":{"uv":[4.879,8.504,4.996,8.746],"rotation":0,"texture":"#1","tintindex":0}}}],"display":{"head":{"translation":[0.0,-6.4,0.0],"rotation":[0.0,0.0,0.0],"scale":[3.8095,3.8095,3.8095]}}}