{"textures":{"0":"modelengine:entity/griffin_saddle","1":"modelengine:entity/werewolf_white"},"elements":[{"name":"cube","from":[6.0535803,1.1620622,5.667244],"to":[10.464756,8.724078,10.708588],"rotation":{"angle":0.0,"axis":"x","origin":[10.880646,9.663874,4.052927]},"faces":{"down":{"uv":[7.1875,6.254,6.754,6.746],"rotation":0,"texture":"#1","tintindex":0},"east":{"uv":[0.004,4.754,0.496,5.496],"rotation":0,"texture":"#1","tintindex":0},"north":{"uv":[5.004,5.379,5.4375,6.121],"rotation":0,"texture":"#1","tintindex":0},"south":{"uv":[0.004,5.629,0.4375,6.371],"rotation":0,"texture":"#1","tintindex":0},"up":{"uv":[7.1875,6.121,6.754,5.629],"rotation":0,"texture":"#1","tintindex":0},"west":{"uv":[2.504,4.754,2.996,5.496],"rotation":0,"texture":"#1","tintindex":0}}},{"name":"cube","from":[7.696073,2.4223983,-1.8780975],"to":[7.696073,8.724078,3.163246],"rotation":{"angle":45.0,"axis":"y","origin":[10.880646,9.663874,4.052927]},"faces":{"down":{"uv":[9.004,9.004,9.004,9.496],"rotation":0,"texture":"#1","tintindex":0},"east":{"uv":[6.621,6.379,6.129,6.996],"rotation":0,"texture":"#1","tintindex":0},"north":{"uv":[8.629,9.004,8.629,9.621],"rotation":0,"texture":"#1","tintindex":0},"south":{"uv":[8.754,9.004,8.754,9.621],"rotation":0,"texture":"#1","tintindex":0},"up":{"uv":[8.879,9.496,8.879,9.004],"rotation":0,"texture":"#1","tintindex":0},"west":{"uv":[6.129,6.379,6.621,6.996],"rotation":0,"texture":"#1","tintindex":0}}}],"display":{"head":{"translation":[0.0,-6.4,0.0],"rotation":[0.0,0.0,0.0],"scale":[3.8095,3.8095,3.8095]}}}