{"textures":{"0":"modelengine:entity/griffin_saddle","1":"modelengine:entity/werewolf_white"},"elements":[{"name":"cube","from":[2.9586558,6.109192,4.9733458],"to":[13.041345,13.671209,12.535362],"rotation":{"angle":-22.5,"axis":"x","origin":[8.0,5.541106,4.7502913]},"faces":{"down":{"uv":[3.246,0.004,2.254,0.746],"rotation":0,"texture":"#1","tintindex":0},"east":{"uv":[2.254,1.879,2.996,2.621],"rotation":0,"texture":"#1","tintindex":0},"north":{"uv":[0.004,1.379,0.996,2.121],"rotation":0,"texture":"#1","tintindex":0},"south":{"uv":[1.129,1.379,2.121,2.121],"rotation":0,"texture":"#1","tintindex":0},"up":{"uv":[0.996,2.996,0.004,2.254],"rotation":0,"texture":"#1","tintindex":0},"west":{"uv":[2.004,2.754,2.746,3.496],"rotation":0,"texture":"#1","tintindex":0}}},{"name":"cube","from":[3.1447196,8.863619,2.7050548],"to":[12.85528,10.250843,3.3986664],"rotation":{"angle":-22.5,"axis":"x","origin":[8.0,9.557232,3.8390834]},"faces":{"down":{"uv":[6.754,1.754,8.496,1.871],"rotation":0,"texture":"#0","tintindex":0},"east":{"uv":[4.504,8.254,4.746,8.371],"rotation":270,"texture":"#0","tintindex":0},"north":{"uv":[6.996,2.754,5.254,2.996],"rotation":180,"texture":"#0","tintindex":0},"south":{"uv":[6.996,2.496,5.254,2.254],"rotation":0,"texture":"#0","tintindex":0},"up":{"uv":[6.754,1.254,8.496,1.371],"rotation":180,"texture":"#0","tintindex":0},"west":{"uv":[5.004,8.254,5.246,8.371],"rotation":90,"texture":"#0","tintindex":0}}},{"name":"cube","from":[2.4511082,15.310795,15.794443],"to":[3.1447196,22.24691,19.956112],"rotation":{"angle":-22.5,"axis":"x","origin":[2.797914,-8.9711485,30.98528]},"faces":{"down":{"uv":[3.004,8.254,3.121,8.996],"rotation":0,"texture":"#0","tintindex":0},"east":{"uv":[4.504,4.504,5.746,5.246],"rotation":270,"texture":"#0","tintindex":0},"north":{"uv":[7.121,7.254,7.004,8.496],"rotation":180,"texture":"#0","tintindex":0},"south":{"uv":[6.621,8.496,6.504,7.254],"rotation":0,"texture":"#0","tintindex":0},"up":{"uv":[8.254,2.254,8.371,2.996],"rotation":180,"texture":"#0","tintindex":0},"west":{"uv":[3.004,4.754,4.246,5.496],"rotation":90,"texture":"#0","tintindex":0}}},{"name":"cube","from":[12.85528,15.310795,15.794443],"to":[13.548892,22.24691,19.956112],"rotation":{"angle":-22.5,"axis":"x","origin":[13.202086,-8.9711485,30.98528]},"faces":{"down":{"uv":[3.121,8.254,3.004,8.996],"rotation":0,"texture":"#0","tintindex":0},"east":{"uv":[3.004,5.496,4.246,4.754],"rotation":90,"texture":"#0","tintindex":0},"north":{"uv":[7.004,7.254,7.121,8.496],"rotation":180,"texture":"#0","tintindex":0},"south":{"uv":[6.504,8.496,6.621,7.254],"rotation":0,"texture":"#0","tintindex":0},"up":{"uv":[8.371,2.254,8.254,2.996],"rotation":180,"texture":"#0","tintindex":0},"west":{"uv":[4.504,5.246,5.746,4.504],"rotation":270,"texture":"#0","tintindex":0}}},{"name":"cube","from":[2.4511082,9.190854,10.133807],"to":[13.548892,16.126968,10.827419],"rotation":{"angle":-22.5,"axis":"x","origin":[8.0,12.658911,10.690613]},"faces":{"down":{"uv":[6.504,6.254,8.496,6.371],"rotation":0,"texture":"#0","tintindex":0},"east":{"uv":[7.254,0.504,8.496,0.621],"rotation":270,"texture":"#0","tintindex":0},"north":{"uv":[1.996,1.504,0.004,2.746],"rotation":180,"texture":"#0","tintindex":0},"south":{"uv":[1.996,1.246,0.004,0.004],"rotation":0,"texture":"#0","tintindex":0},"up":{"uv":[0.004,6.504,1.996,6.621],"rotation":180,"texture":"#0","tintindex":0},"west":{"uv":[3.754,7.254,4.996,7.371],"rotation":90,"texture":"#0","tintindex":0}}},{"name":"cube","from":[12.85528,8.863619,2.7050548],"to":[13.548892,10.250843,6.547558],"rotation":{"angle":-22.5,"axis":"x","origin":[8.0,9.557232,3.8390834]},"faces":{"down":{"uv":[2.004,7.754,2.121,8.371],"rotation":0,"texture":"#0","tintindex":0},"east":{"uv":[5.504,6.254,5.746,6.871],"rotation":270,"texture":"#0","tintindex":0},"north":{"uv":[4.121,8.254,4.004,8.496],"rotation":180,"texture":"#0","tintindex":0},"south":{"uv":[3.621,8.496,3.504,8.254],"rotation":0,"texture":"#0","tintindex":0},"up":{"uv":[7.504,7.254,7.621,7.871],"rotation":180,"texture":"#0","tintindex":0},"west":{"uv":[6.004,6.254,6.246,6.871],"rotation":90,"texture":"#0","tintindex":0}}},{"name":"cube","from":[2.4511082,8.863619,2.7050548],"to":[3.1447196,10.250843,6.547558],"rotation":{"angle":-22.5,"axis":"x","origin":[8.0,9.557232,3.8390834]},"faces":{"down":{"uv":[2.121,7.754,2.004,8.371],"rotation":0,"texture":"#0","tintindex":0},"east":{"uv":[6.246,6.254,6.004,6.871],"rotation":270,"texture":"#0","tintindex":0},"north":{"uv":[4.004,8.254,4.121,8.496],"rotation":180,"texture":"#0","tintindex":0},"south":{"uv":[3.504,8.496,3.621,8.254],"rotation":0,"texture":"#0","tintindex":0},"up":{"uv":[7.621,7.254,7.504,7.871],"rotation":180,"texture":"#0","tintindex":0},"west":{"uv":[5.746,6.254,5.504,6.871],"rotation":90,"texture":"#0","tintindex":0}}}],"display":{"head":{"translation":[0.0,-6.4,0.0],"rotation":[0.0,0.0,0.0],"scale":[3.8095,3.8095,3.8095]}}}