{"textures":{"0":"modelengine:entity/griffin_dusk","1":"modelengine:entity/griffin_dusk_saddle"},"elements":[{"name":"cube","from":[-0.20869064,7.100492,8.148155],"to":[8.186714,8.8995075,12.945528],"rotation":{"angle":-22.5,"axis":"y","origin":[14.294686,3.8673334,10.0338]},"faces":{"down":{"uv":[3.121,5.129,2.254,5.621],"rotation":0,"texture":"#0","tintindex":0},"east":{"uv":[8.004,4.504,8.496,4.6875],"rotation":0,"texture":"#0","tintindex":0},"north":{"uv":[0.004,7.254,0.871,7.4375],"rotation":0,"texture":"#0","tintindex":0},"south":{"uv":[7.254,0.754,8.121,0.9375],"rotation":0,"texture":"#0","tintindex":0},"up":{"uv":[5.996,2.621,5.129,2.129],"rotation":0,"texture":"#0","tintindex":0},"west":{"uv":[8.004,4.879,8.496,5.0625],"rotation":0,"texture":"#0","tintindex":0}}},{"name":"cube","from":[3.9470599,7.1304755,9.113468],"to":[7.5450907,8.869524,18.708216],"rotation":{"angle":0.0,"axis":"x","origin":[14.294686,3.8673334,10.0338]},"faces":{"down":{"uv":[6.496,1.879,6.129,2.871],"rotation":0,"texture":"#0","tintindex":0},"east":{"uv":[7.129,3.004,8.121,3.1875],"rotation":0,"texture":"#0","tintindex":0},"north":{"uv":[3.879,8.129,4.246,8.3125],"rotation":0,"texture":"#0","tintindex":0},"south":{"uv":[4.379,8.129,4.746,8.3125],"rotation":0,"texture":"#0","tintindex":0},"up":{"uv":[2.121,3.496,1.754,2.504],"rotation":0,"texture":"#0","tintindex":0},"west":{"uv":[7.129,3.379,8.121,3.5625],"rotation":0,"texture":"#0","tintindex":0}}},{"name":"cube","from":[0.17370915,7.1304755,13.841893],"to":[3.7717385,8.869524,25.835327],"rotation":{"angle":-45.0,"axis":"y","origin":[14.294686,3.8673334,10.0338]},"faces":{"down":{"uv":[5.121,5.004,4.754,6.246],"rotation":0,"texture":"#0","tintindex":0},"east":{"uv":[6.629,5.129,7.871,5.3125],"rotation":0,"texture":"#0","tintindex":0},"north":{"uv":[4.879,8.129,5.246,8.3125],"rotation":0,"texture":"#0","tintindex":0},"south":{"uv":[5.379,8.129,5.746,8.3125],"rotation":0,"texture":"#0","tintindex":0},"up":{"uv":[0.371,6.246,0.004,5.004],"rotation":0,"texture":"#0","tintindex":0},"west":{"uv":[6.629,5.504,7.871,5.6875],"rotation":0,"texture":"#0","tintindex":0}}},{"name":"cube","from":[1.2508638,7.100492,12.965442],"to":[4.848893,8.8995075,22.560192],"rotation":{"angle":-22.5,"axis":"y","origin":[14.294686,3.8673334,10.0338]},"faces":{"down":{"uv":[6.496,5.379,6.129,6.371],"rotation":0,"texture":"#0","tintindex":0},"east":{"uv":[7.129,3.754,8.121,3.9375],"rotation":0,"texture":"#0","tintindex":0},"north":{"uv":[8.129,5.629,8.496,5.8125],"rotation":0,"texture":"#0","tintindex":0},"south":{"uv":[5.879,8.129,6.246,8.3125],"rotation":0,"texture":"#0","tintindex":0},"up":{"uv":[6.496,3.996,6.129,3.004],"rotation":0,"texture":"#0","tintindex":0},"west":{"uv":[5.004,7.129,5.996,7.3125],"rotation":0,"texture":"#0","tintindex":0}}}],"display":{"head":{"translation":[0.0,-6.4,0.0],"rotation":[0.0,0.0,0.0],"scale":[3.8095,3.8095,3.8095]}}}