{"textures":{"0":"modelengine:entity/griffin_dusk","1":"modelengine:entity/griffin_dusk_saddle"},"elements":[{"name":"cube","from":[6.494855,6.513753,5.819645],"to":[9.493214,8.312768,9.417676],"rotation":{"angle":0.0,"axis":"x","origin":[15.686417,17.692411,15.177288]},"faces":{"down":{"uv":[0.504,7.629,0.8125,7.996],"rotation":0,"texture":"#0","tintindex":0},"east":{"uv":[8.371,5.254,8.004,5.4375],"rotation":0,"texture":"#0","tintindex":0},"north":{"uv":[8.3125,8.129,8.004,8.3125],"rotation":0,"texture":"#0","tintindex":0},"south":{"uv":[8.5625,0.004,8.254,0.1875],"rotation":0,"texture":"#0","tintindex":0},"up":{"uv":[0.004,7.996,0.3125,7.629],"rotation":0,"texture":"#0","tintindex":0},"west":{"uv":[2.871,3.754,2.504,3.9375],"rotation":0,"texture":"#0","tintindex":0}}},{"name":"cube","from":[5.4605856,6.513753,7.123918],"to":[6.9597645,8.012932,10.122276],"rotation":{"angle":-22.5,"axis":"y","origin":[15.686417,17.692411,15.177288]},"faces":{"down":{"uv":[2.504,8.254,2.6875,8.5625],"rotation":0,"texture":"#0","tintindex":0},"east":{"uv":[8.5625,0.754,8.254,0.9375],"rotation":0,"texture":"#0","tintindex":0},"north":{"uv":[6.5625,8.504,6.379,8.6875],"rotation":0,"texture":"#0","tintindex":0},"south":{"uv":[7.3125,8.504,7.129,8.6875],"rotation":0,"texture":"#0","tintindex":0},"up":{"uv":[8.254,2.5625,8.4375,2.254],"rotation":0,"texture":"#0","tintindex":0},"west":{"uv":[8.5625,0.379,8.254,0.5625],"rotation":0,"texture":"#0","tintindex":0}}},{"name":"cube","from":[7.1909227,6.513753,3.396754],"to":[8.690102,8.012932,6.3951125],"rotation":{"angle":0.0,"axis":"x","origin":[15.686417,17.692411,15.177288]},"faces":{"down":{"uv":[8.254,3.629,8.4375,3.9375],"rotation":0,"texture":"#0","tintindex":0},"east":{"uv":[3.1875,8.254,2.879,8.4375],"rotation":0,"texture":"#0","tintindex":0},"north":{"uv":[8.6875,7.254,8.504,7.4375],"rotation":0,"texture":"#0","tintindex":0},"south":{"uv":[7.6875,8.504,7.504,8.6875],"rotation":0,"texture":"#0","tintindex":0},"up":{"uv":[8.254,3.4375,8.4375,3.129],"rotation":0,"texture":"#0","tintindex":0},"west":{"uv":[8.5625,2.754,8.254,2.9375],"rotation":0,"texture":"#0","tintindex":0}}},{"name":"cube","from":[10.268772,6.513753,1.2318854],"to":[11.767952,8.012932,4.230243],"rotation":{"angle":22.5,"axis":"y","origin":[15.686417,17.692411,15.177288]},"faces":{"down":{"uv":[8.379,6.754,8.5625,7.0625],"rotation":0,"texture":"#0","tintindex":0},"east":{"uv":[8.6875,6.379,8.379,6.5625],"rotation":0,"texture":"#0","tintindex":0},"north":{"uv":[8.6875,7.629,8.504,7.8125],"rotation":0,"texture":"#0","tintindex":0},"south":{"uv":[8.0625,8.504,7.879,8.6875],"rotation":0,"texture":"#0","tintindex":0},"up":{"uv":[6.754,8.6875,6.9375,8.379],"rotation":0,"texture":"#0","tintindex":0},"west":{"uv":[8.6875,1.129,8.379,1.3125],"rotation":0,"texture":"#0","tintindex":0}}},{"name":"cube","from":[7.1909227,6.513753,9.393471],"to":[8.690102,8.012932,11.792158],"rotation":{"angle":0.0,"axis":"x","origin":[15.686417,17.692411,15.177288]},"faces":{"down":{"uv":[8.504,6.004,8.6875,6.246],"rotation":0,"texture":"#0","tintindex":0},"east":{"uv":[5.871,8.504,5.629,8.6875],"rotation":0,"texture":"#0","tintindex":0},"north":{"uv":[8.6875,8.004,8.504,8.1875],"rotation":0,"texture":"#0","tintindex":0},"south":{"uv":[8.4375,8.504,8.254,8.6875],"rotation":0,"texture":"#0","tintindex":0},"up":{"uv":[6.004,8.746,6.1875,8.504],"rotation":0,"texture":"#0","tintindex":0},"west":{"uv":[8.746,5.254,8.504,5.4375],"rotation":0,"texture":"#0","tintindex":0}}},{"name":"cube","from":[7.9704957,6.513753,0.39839506],"to":[7.9704957,8.012932,3.396754],"rotation":{"angle":0.0,"axis":"x","origin":[15.686417,17.692411,15.177288]},"faces":{"down":{"uv":[6.004,5.379,5.996,5.6875],"rotation":0,"texture":"#0","tintindex":0},"east":{"uv":[0.8125,8.504,0.504,8.6875],"rotation":0,"texture":"#0","tintindex":0},"north":{"uv":[4.879,2.129,4.871,2.3125],"rotation":0,"texture":"#0","tintindex":0},"south":{"uv":[5.004,2.129,4.996,2.3125],"rotation":0,"texture":"#0","tintindex":0},"up":{"uv":[5.879,5.6875,5.871,5.379],"rotation":0,"texture":"#0","tintindex":0},"west":{"uv":[0.504,8.504,0.8125,8.6875],"rotation":0,"texture":"#0","tintindex":0}}},{"name":"cube","from":[10.6593,6.513753,1.2650081],"to":[10.6593,8.012932,4.2633657],"rotation":{"angle":-22.5,"axis":"y","origin":[10.6593,7.2633424,2.7641864]},"faces":{"down":{"uv":[6.004,5.379,5.996,5.6875],"rotation":0,"texture":"#0","tintindex":0},"east":{"uv":[0.8125,8.504,0.504,8.6875],"rotation":0,"texture":"#0","tintindex":0},"north":{"uv":[4.879,2.129,4.871,2.3125],"rotation":0,"texture":"#0","tintindex":0},"south":{"uv":[5.004,2.129,4.996,2.3125],"rotation":0,"texture":"#0","tintindex":0},"up":{"uv":[5.879,5.6875,5.871,5.379],"rotation":0,"texture":"#0","tintindex":0},"west":{"uv":[0.504,8.504,0.8125,8.6875],"rotation":0,"texture":"#0","tintindex":0}}},{"name":"cube","from":[4.849031,6.513753,4.4732513],"to":[4.849031,8.012932,7.4716096],"rotation":{"angle":22.5,"axis":"y","origin":[-3.0666366,7.2633424,2.7641864]},"faces":{"down":{"uv":[6.004,5.379,5.996,5.6875],"rotation":0,"texture":"#0","tintindex":0},"east":{"uv":[0.8125,8.504,0.504,8.6875],"rotation":0,"texture":"#0","tintindex":0},"north":{"uv":[4.879,2.129,4.871,2.3125],"rotation":0,"texture":"#0","tintindex":0},"south":{"uv":[5.004,2.129,4.996,2.3125],"rotation":0,"texture":"#0","tintindex":0},"up":{"uv":[5.879,5.6875,5.871,5.379],"rotation":0,"texture":"#0","tintindex":0},"west":{"uv":[0.504,8.504,0.8125,8.6875],"rotation":0,"texture":"#0","tintindex":0}}},{"name":"cube","from":[7.9704957,6.513753,11.792158],"to":[7.9704957,8.012932,14.790517],"rotation":{"angle":0.0,"axis":"x","origin":[7.9704957,7.2633424,12.091993]},"faces":{"down":{"uv":[6.004,5.379,5.996,5.6875],"rotation":180,"texture":"#0","tintindex":0},"east":{"uv":[0.504,8.504,0.8125,8.6875],"rotation":0,"texture":"#0","tintindex":0},"north":{"uv":[5.004,2.129,4.996,2.3125],"rotation":0,"texture":"#0","tintindex":0},"south":{"uv":[4.879,2.129,4.871,2.3125],"rotation":0,"texture":"#0","tintindex":0},"up":{"uv":[5.879,5.6875,5.871,5.379],"rotation":180,"texture":"#0","tintindex":0},"west":{"uv":[0.8125,8.504,0.504,8.6875],"rotation":0,"texture":"#0","tintindex":0}}}],"display":{"head":{"translation":[0.0,-6.4,0.0],"rotation":[0.0,0.0,0.0],"scale":[3.8095,3.8095,3.8095]}}}