{"textures":{"0":"modelengine:entity/griffin_dusk"},"elements":[{"name":"cube","from":[6.8060265,0.094913244,8.992022],"to":[9.204713,7.2909737,11.39071],"rotation":{"angle":22.5,"axis":"x","origin":[0.31298733,12.692089,13.078696]},"faces":{"down":{"uv":[6.621,8.129,6.379,8.371],"rotation":0,"texture":"#0","tintindex":0},"east":{"uv":[6.879,5.879,7.121,6.621],"rotation":0,"texture":"#0","tintindex":0},"north":{"uv":[6.879,0.754,7.121,1.496],"rotation":0,"texture":"#0","tintindex":0},"south":{"uv":[6.879,6.754,7.121,7.496],"rotation":0,"texture":"#0","tintindex":0},"up":{"uv":[8.371,6.246,8.129,6.004],"rotation":0,"texture":"#0","tintindex":0},"west":{"uv":[4.129,7.004,4.371,7.746],"rotation":0,"texture":"#0","tintindex":0}}}],"display":{"head":{"translation":[0.0,-6.4,0.0],"rotation":[0.0,0.0,0.0],"scale":[3.8095,3.8095,3.8095]}}}