{"textures":{"0":"modelengine:entity/griffin_dusk"},"elements":[{"name":"cube","from":[5.0016413,11.465281,8.092679],"to":[10.998358,11.465281,12.890052],"rotation":{"angle":-22.5,"axis":"x","origin":[-3.8900847,8.605838,3.4544508]},"faces":{"down":{"uv":[6.746,0.629,6.129,1.121],"rotation":0,"texture":"#0","tintindex":0},"east":{"uv":[1.004,8.879,1.496,8.879],"rotation":0,"texture":"#0","tintindex":0},"north":{"uv":[8.629,5.129,9.246,5.129],"rotation":0,"texture":"#0","tintindex":0},"south":{"uv":[8.879,1.129,9.496,1.129],"rotation":0,"texture":"#0","tintindex":0},"up":{"uv":[6.746,1.121,6.129,0.629],"rotation":0,"texture":"#0","tintindex":0},"west":{"uv":[8.879,1.254,9.371,1.254],"rotation":0,"texture":"#0","tintindex":0}}},{"name":"cube","from":[5.0016413,5.8422804,4.338959],"to":[10.998358,13.038341,11.53502],"rotation":{"angle":0.0,"axis":"x","origin":[-3.8900847,8.605838,3.4544508]},"faces":{"down":{"uv":[5.371,4.129,4.754,4.871],"rotation":0,"texture":"#0","tintindex":0},"east":{"uv":[4.004,1.754,4.746,2.496],"rotation":0,"texture":"#0","tintindex":0},"north":{"uv":[0.754,4.379,1.371,5.121],"rotation":0,"texture":"#0","tintindex":0},"south":{"uv":[1.504,4.629,2.121,5.371],"rotation":0,"texture":"#0","tintindex":0},"up":{"uv":[5.371,3.996,4.754,3.254],"rotation":0,"texture":"#0","tintindex":0},"west":{"uv":[4.129,0.004,4.871,0.746],"rotation":0,"texture":"#0","tintindex":0}}}],"display":{"head":{"translation":[0.0,-6.4,0.0],"rotation":[0.0,0.0,0.0],"scale":[3.8095,3.8095,3.8095]}}}