{"textures":{"0":"modelengine:entity/lr_yeti_snowball","1":"modelengine:entity/lr_yeti","2":"modelengine:entity/lr_yeti_damage","3":"modelengine:entity/lr_yeti_damage_e"},"elements":[{"name":"cube","from":[3.4999998,8.3,1.3999997],"to":[12.5,11.900001,8.0],"rotation":{"angle":0.0,"axis":"x","origin":[8.3,-17.5,8.6]},"faces":{"down":{"uv":[9.9375,6.1875,9.0,6.875],"rotation":0,"texture":"#2","tintindex":0},"east":{"uv":[10.4375,2.25,11.125,2.625],"rotation":0,"texture":"#2","tintindex":0},"north":{"uv":[10.25,4.6875,11.1875,5.0625],"rotation":0,"texture":"#2","tintindex":0},"south":{"uv":[10.3125,9.5,11.25,9.875],"rotation":0,"texture":"#2","tintindex":0},"up":{"uv":[9.0,6.875,8.0625,6.1875],"rotation":0,"texture":"#2","tintindex":0},"west":{"uv":[8.5625,10.5,9.25,10.875],"rotation":0,"texture":"#2","tintindex":0}}},{"name":"cube","from":[-13.072354,9.578314,7.4504147],"to":[6.727646,14.978314,10.450415],"rotation":{"angle":22.5,"axis":"y","origin":[-3.4000006,12.2,9.5]},"faces":{"down":{"uv":[11.125,1.1875,9.0625,1.5],"rotation":0,"texture":"#2","tintindex":0},"east":{"uv":[3.0,6.6875,3.3125,7.25],"rotation":0,"texture":"#2","tintindex":0},"north":{"uv":[7.0625,6.875,9.125,7.4375],"rotation":0,"texture":"#2","tintindex":0},"south":{"uv":[7.0625,7.4375,9.125,8.0],"rotation":0,"texture":"#2","tintindex":0},"up":{"uv":[11.125,1.1875,9.0625,0.875],"rotation":0,"texture":"#2","tintindex":0},"west":{"uv":[0.375,10.625,0.6875,11.1875],"rotation":0,"texture":"#2","tintindex":0}}},{"name":"cube","from":[-13.072354,14.978314,7.4504147],"to":[-10.072355,19.178314,10.450415],"rotation":{"angle":22.5,"axis":"y","origin":[-3.4000006,12.2,9.5]},"faces":{"down":{"uv":[11.1875,9.125,10.875,9.4375],"rotation":0,"texture":"#2","tintindex":0},"east":{"uv":[5.375,10.875,5.6875,11.3125],"rotation":0,"texture":"#2","tintindex":0},"north":{"uv":[10.875,5.0625,11.1875,5.5],"rotation":0,"texture":"#2","tintindex":0},"south":{"uv":[8.5625,10.875,8.875,11.3125],"rotation":0,"texture":"#2","tintindex":0},"up":{"uv":[3.3125,7.5625,3.0,7.25],"rotation":0,"texture":"#2","tintindex":0},"west":{"uv":[10.875,8.6875,11.1875,9.125],"rotation":0,"texture":"#2","tintindex":0}}},{"name":"cube","from":[9.8723545,9.578314,7.4504147],"to":[29.672356,14.978314,10.450415],"rotation":{"angle":-22.5,"axis":"y","origin":[20.0,12.2,9.5]},"faces":{"down":{"uv":[9.0625,1.1875,11.125,1.5],"rotation":0,"texture":"#2","tintindex":0},"east":{"uv":[0.6875,10.625,0.375,11.1875],"rotation":0,"texture":"#2","tintindex":0},"north":{"uv":[9.125,6.875,7.0625,7.4375],"rotation":0,"texture":"#2","tintindex":0},"south":{"uv":[9.125,7.4375,7.0625,8.0],"rotation":0,"texture":"#2","tintindex":0},"up":{"uv":[9.0625,1.1875,11.125,0.875],"rotation":0,"texture":"#2","tintindex":0},"west":{"uv":[3.3125,6.6875,3.0,7.25],"rotation":0,"texture":"#2","tintindex":0}}},{"name":"cube","from":[26.672356,14.978314,7.4504147],"to":[29.672356,19.178314,10.450415],"rotation":{"angle":-22.5,"axis":"y","origin":[20.0,12.2,9.5]},"faces":{"down":{"uv":[10.875,9.125,11.1875,9.4375],"rotation":0,"texture":"#2","tintindex":0},"east":{"uv":[11.1875,8.6875,10.875,9.125],"rotation":0,"texture":"#2","tintindex":0},"north":{"uv":[11.1875,5.0625,10.875,5.5],"rotation":0,"texture":"#2","tintindex":0},"south":{"uv":[8.875,10.875,8.5625,11.3125],"rotation":0,"texture":"#2","tintindex":0},"up":{"uv":[3.0,7.5625,3.3125,7.25],"rotation":0,"texture":"#2","tintindex":0},"west":{"uv":[5.6875,10.875,5.375,11.3125],"rotation":0,"texture":"#2","tintindex":0}}},{"name":"cube","from":[1.9999998,10.1,1.2499998],"to":[8.0,14.3,1.2499998],"rotation":{"angle":0.0,"axis":"x","origin":[8.3,-17.5,8.6]},"faces":{"down":{"uv":[0.625,0.0,0.0,0.0],"rotation":0,"texture":"#2","tintindex":0},"east":{"uv":[0.0,0.0,0.0,0.4375],"rotation":0,"texture":"#2","tintindex":0},"north":{"uv":[5.3125,4.6875,5.9375,5.125],"rotation":0,"texture":"#2","tintindex":0},"south":{"uv":[5.9375,4.6875,5.3125,5.125],"rotation":0,"texture":"#2","tintindex":0},"up":{"uv":[0.625,0.0,0.0,0.0],"rotation":0,"texture":"#2","tintindex":0},"west":{"uv":[0.0,0.0,0.0,0.4375],"rotation":0,"texture":"#2","tintindex":0}}},{"name":"cube","from":[8.0,10.1,1.2499998],"to":[14.0,14.3,1.2499998],"rotation":{"angle":0.0,"axis":"x","origin":[7.7,-17.5,8.6]},"faces":{"down":{"uv":[0.0,0.0,0.625,0.0],"rotation":0,"texture":"#2","tintindex":0},"east":{"uv":[0.0,0.0,0.0,0.4375],"rotation":0,"texture":"#2","tintindex":0},"north":{"uv":[5.9375,4.6875,5.3125,5.125],"rotation":0,"texture":"#2","tintindex":0},"south":{"uv":[5.3125,4.6875,5.9375,5.125],"rotation":0,"texture":"#2","tintindex":0},"up":{"uv":[0.0,0.0,0.625,0.0],"rotation":0,"texture":"#2","tintindex":0},"west":{"uv":[0.0,0.0,0.0,0.4375],"rotation":0,"texture":"#2","tintindex":0}}},{"name":"cube","from":[4.1,7.1,1.9999998],"to":[11.900001,8.3,8.0],"rotation":{"angle":0.0,"axis":"x","origin":[8.3,-17.5,8.6]},"faces":{"down":{"uv":[3.875,9.8125,3.0625,10.4375],"rotation":0,"texture":"#2","tintindex":0},"east":{"uv":[9.1875,6.0625,9.8125,6.1875],"rotation":0,"texture":"#2","tintindex":0},"north":{"uv":[8.1875,0.875,9.0,1.0],"rotation":0,"texture":"#2","tintindex":0},"south":{"uv":[8.1875,1.0,9.0,1.125],"rotation":0,"texture":"#2","tintindex":0},"up":{"uv":[3.0625,10.4375,2.25,9.8125],"rotation":0,"texture":"#2","tintindex":0},"west":{"uv":[9.625,8.75,10.25,8.875],"rotation":0,"texture":"#2","tintindex":0}}},{"name":"cube","from":[3.4999998,12.960236,7.5610843],"to":[12.5,12.960236,10.561085],"rotation":{"angle":-45.0,"axis":"x","origin":[8.0,12.960236,9.061085]},"faces":{"down":{"uv":[11.375,1.9375,10.4375,2.25],"rotation":0,"texture":"#2","tintindex":0},"east":{"uv":[0.0,0.0,0.3125,0.0],"rotation":0,"texture":"#2","tintindex":0},"north":{"uv":[0.0,0.0,0.9375,0.0],"rotation":0,"texture":"#2","tintindex":0},"south":{"uv":[0.0,0.0,0.9375,0.0],"rotation":0,"texture":"#2","tintindex":0},"up":{"uv":[10.4375,2.25,11.375,1.9375],"rotation":0,"texture":"#2","tintindex":0},"west":{"uv":[0.0,0.0,0.3125,0.0],"rotation":0,"texture":"#2","tintindex":0}}},{"name":"cube","from":[6.5,8.3,0.7999997],"to":[9.5,10.1,1.9999998],"rotation":{"angle":-22.5,"axis":"x","origin":[8.0,9.2,1.3999997]},"faces":{"down":{"uv":[10.0,3.375,9.6875,3.5],"rotation":0,"texture":"#2","tintindex":0},"east":{"uv":[5.9375,4.6875,6.0625,4.875],"rotation":0,"texture":"#2","tintindex":0},"north":{"uv":[1.0625,11.0,1.375,11.1875],"rotation":0,"texture":"#2","tintindex":0},"south":{"uv":[11.0,3.0,11.3125,3.1875],"rotation":0,"texture":"#2","tintindex":0},"up":{"uv":[8.0,4.375,7.6875,4.25],"rotation":0,"texture":"#2","tintindex":0},"west":{"uv":[5.9375,4.875,6.0625,5.0625],"rotation":0,"texture":"#2","tintindex":0}}}],"display":{"head":{"translation":[0.0,-6.4,0.0],"rotation":[0.0,0.0,0.0],"scale":[3.8095,3.8095,3.8095]}}}