{"textures":{"0":"modelengine:entity/lr_yeti_snowball","1":"modelengine:entity/lr_yeti","2":"modelengine:entity/lr_yeti_damage","3":"modelengine:entity/lr_yeti_damage_e"},"elements":[{"name":"cube","from":[3.7999997,-7.6000004,-3.4000006],"to":[13.400001,8.0,9.2],"rotation":{"angle":0.0,"axis":"x","origin":[6.2,1.9999998,1.3999997]},"faces":{"down":{"uv":[6.6875,3.0625,7.6875,4.375],"rotation":0,"texture":"#2","tintindex":0},"east":{"uv":[3.3125,5.0625,2.0,6.6875],"rotation":0,"texture":"#2","tintindex":0},"north":{"uv":[7.0625,4.6875,6.0625,6.3125],"rotation":0,"texture":"#2","tintindex":0},"south":{"uv":[7.0625,6.3125,6.0625,7.9375],"rotation":0,"texture":"#2","tintindex":0},"up":{"uv":[2.0,8.0,3.0,6.6875],"rotation":0,"texture":"#2","tintindex":0},"west":{"uv":[5.3125,3.5,4.0,5.125],"rotation":0,"texture":"#2","tintindex":0}}},{"name":"cube","from":[6.2475624,-11.577294,-2.2000003],"to":[12.847563,-6.177294,8.0],"rotation":{"angle":-22.5,"axis":"z","origin":[9.547564,-8.277294,2.2999997]},"faces":{"down":{"uv":[7.0,8.9375,7.6875,10.0],"rotation":0,"texture":"#2","tintindex":0},"east":{"uv":[10.25,4.625,9.1875,5.1875],"rotation":0,"texture":"#2","tintindex":0},"north":{"uv":[11.0625,7.8125,10.375,8.375],"rotation":0,"texture":"#2","tintindex":0},"south":{"uv":[1.375,10.4375,0.6875,11.0],"rotation":0,"texture":"#2","tintindex":0},"up":{"uv":[8.625,9.9375,9.3125,8.875],"rotation":0,"texture":"#2","tintindex":0},"west":{"uv":[10.25,4.0625,9.1875,4.625],"rotation":0,"texture":"#2","tintindex":0}}},{"name":"cube","from":[4.4475627,-12.177294,-2.8000002],"to":[8.047563,-6.177294,2.6],"rotation":{"angle":-22.5,"axis":"z","origin":[9.547564,-8.277294,2.2999997]},"faces":{"down":{"uv":[3.625,10.625,4.0,11.1875],"rotation":0,"texture":"#2","tintindex":0},"east":{"uv":[2.5,10.4375,1.9375,11.0625],"rotation":0,"texture":"#2","tintindex":0},"north":{"uv":[10.625,10.5,10.25,11.125],"rotation":0,"texture":"#2","tintindex":0},"south":{"uv":[0.375,10.625,0.0,11.25],"rotation":0,"texture":"#2","tintindex":0},"up":{"uv":[10.625,3.1875,11.0,2.625],"rotation":0,"texture":"#2","tintindex":0},"west":{"uv":[1.9375,10.4375,1.375,11.0625],"rotation":0,"texture":"#2","tintindex":0}}},{"name":"cube","from":[13.399401,-7.6000004,9.2],"to":[13.399401,8.0,12.8],"rotation":{"angle":0.0,"axis":"x","origin":[13.399401,0.19999981,11.0]},"faces":{"down":{"uv":[0.0,0.0,0.0,0.375],"rotation":0,"texture":"#2","tintindex":0},"east":{"uv":[4.4375,8.6875,4.8125,10.3125],"rotation":0,"texture":"#2","tintindex":0},"north":{"uv":[0.0,0.0,0.0,1.625],"rotation":0,"texture":"#2","tintindex":0},"south":{"uv":[0.0,0.0,0.0,1.625],"rotation":0,"texture":"#2","tintindex":0},"up":{"uv":[0.0,0.375,0.0,0.0],"rotation":0,"texture":"#2","tintindex":0},"west":{"uv":[4.8125,8.6875,4.4375,10.3125],"rotation":0,"texture":"#2","tintindex":0}}},{"name":"cube","from":[14.203636,-11.64015,-3.4000006],"to":[14.203636,-7.4401493,9.2],"rotation":{"angle":22.5,"axis":"z","origin":[14.203636,-9.54015,2.8999999]},"faces":{"down":{"uv":[0.0,0.0,0.0,1.3125],"rotation":0,"texture":"#2","tintindex":0},"east":{"uv":[10.5,5.625,9.1875,6.0625],"rotation":0,"texture":"#2","tintindex":0},"north":{"uv":[0.0,0.0,0.0,0.4375],"rotation":0,"texture":"#2","tintindex":0},"south":{"uv":[0.0,0.0,0.0,0.4375],"rotation":0,"texture":"#2","tintindex":0},"up":{"uv":[0.0,1.3125,0.0,0.0],"rotation":0,"texture":"#2","tintindex":0},"west":{"uv":[9.1875,5.625,10.5,6.0625],"rotation":0,"texture":"#2","tintindex":0}}},{"name":"cube","from":[3.7999997,-12.217541,10.117886],"to":[13.400001,-7.4175406,10.117886],"rotation":{"angle":-22.5,"axis":"x","origin":[8.6,-9.817541,10.117886]},"faces":{"down":{"uv":[0.0,0.0,1.0,0.0],"rotation":0,"texture":"#2","tintindex":0},"east":{"uv":[0.0,0.0,0.0,0.5],"rotation":0,"texture":"#2","tintindex":0},"north":{"uv":[9.9375,6.0625,10.9375,6.5625],"rotation":0,"texture":"#2","tintindex":0},"south":{"uv":[10.9375,6.0625,9.9375,6.5625],"rotation":0,"texture":"#2","tintindex":0},"up":{"uv":[0.0,0.0,1.0,0.0],"rotation":0,"texture":"#2","tintindex":0},"west":{"uv":[0.0,0.0,0.0,0.5],"rotation":0,"texture":"#2","tintindex":0}}},{"name":"cube","from":[3.7999997,-12.217541,-4.3178864],"to":[13.400001,-7.4175406,-4.3178864],"rotation":{"angle":22.5,"axis":"x","origin":[8.6,-9.817541,-4.3178864]},"faces":{"down":{"uv":[0.0,0.0,1.0,0.0],"rotation":0,"texture":"#2","tintindex":0},"east":{"uv":[0.0,0.0,0.0,0.5],"rotation":0,"texture":"#2","tintindex":0},"north":{"uv":[9.625,10.0,8.625,10.5],"rotation":0,"texture":"#2","tintindex":0},"south":{"uv":[8.625,10.0,9.625,10.5],"rotation":0,"texture":"#2","tintindex":0},"up":{"uv":[0.0,0.0,1.0,0.0],"rotation":0,"texture":"#2","tintindex":0},"west":{"uv":[0.0,0.0,0.0,0.5],"rotation":0,"texture":"#2","tintindex":0}}},{"name":"cube","from":[2.9963648,-11.64015,-3.4000006],"to":[2.9963648,-7.4401493,9.2],"rotation":{"angle":-22.5,"axis":"z","origin":[2.9963648,-9.54015,2.8999999]},"faces":{"down":{"uv":[0.0,0.0,0.0,1.3125],"rotation":0,"texture":"#2","tintindex":0},"east":{"uv":[9.3125,0.0,10.625,0.4375],"rotation":0,"texture":"#2","tintindex":0},"north":{"uv":[0.0,0.0,0.0,0.4375],"rotation":0,"texture":"#2","tintindex":0},"south":{"uv":[0.0,0.0,0.0,0.4375],"rotation":0,"texture":"#2","tintindex":0},"up":{"uv":[0.0,1.3125,0.0,0.0],"rotation":0,"texture":"#2","tintindex":0},"west":{"uv":[10.625,0.0,9.3125,0.4375],"rotation":0,"texture":"#2","tintindex":0}}}],"display":{"head":{"translation":[0.0,-6.4,0.0],"rotation":[0.0,0.0,0.0],"scale":[3.8095,3.8095,3.8095]}}}