{"textures":{"0":"modelengine:entity/lr_yeti_snowball","1":"modelengine:entity/lr_yeti","2":"modelengine:entity/lr_yeti_damage","3":"modelengine:entity/lr_yeti_damage_e"},"elements":[{"name":"cube","from":[-2.5900002,-3.2199993,3.2299993],"to":[19.07,5.900001,12.35],"rotation":{"angle":0.0,"axis":"x","origin":[8.809999,-3.2199993,4.3700004]},"faces":{"down":{"uv":[15.125,5.5,12.75,6.5],"rotation":180,"texture":"#0","tintindex":0},"east":{"uv":[9.375,12.875,10.375,13.875],"rotation":0,"texture":"#0","tintindex":0},"north":{"uv":[12.75,3.5,15.125,4.5],"rotation":0,"texture":"#0","tintindex":0},"south":{"uv":[12.375,12.625,14.75,13.625],"rotation":0,"texture":"#0","tintindex":0},"up":{"uv":[15.125,5.5,12.75,4.5],"rotation":180,"texture":"#0","tintindex":0},"west":{"uv":[8.375,12.875,9.375,13.875],"rotation":0,"texture":"#0","tintindex":0}}},{"name":"cube","from":[9.950001,-3.2199993,0.9499998],"to":[21.350002,1.3400011,8.929999],"rotation":{"angle":0.0,"axis":"x","origin":[8.809999,-3.2199993,4.3700004]},"faces":{"down":{"uv":[8.375,12.875,7.125,13.75],"rotation":180,"texture":"#0","tintindex":0},"east":{"uv":[13.25,13.625,14.125,14.125],"rotation":0,"texture":"#0","tintindex":0},"north":{"uv":[2.25,12.0,3.5,12.5],"rotation":0,"texture":"#0","tintindex":0},"south":{"uv":[6.5,8.0,7.75,8.5],"rotation":0,"texture":"#0","tintindex":0},"up":{"uv":[14.0,8.5,12.75,7.625],"rotation":180,"texture":"#0","tintindex":0},"west":{"uv":[12.375,13.625,13.25,14.125],"rotation":0,"texture":"#0","tintindex":0}}},{"name":"cube","from":[-4.870001,-3.2199993,0.9499998],"to":[1.9700003,1.3400011,8.929999],"rotation":{"angle":0.0,"axis":"x","origin":[8.809999,-3.2199993,4.3700004]},"faces":{"down":{"uv":[13.75,11.25,13.0,12.125],"rotation":180,"texture":"#0","tintindex":0},"east":{"uv":[13.75,7.0,14.625,7.5],"rotation":0,"texture":"#0","tintindex":0},"north":{"uv":[7.125,13.75,7.875,14.25],"rotation":0,"texture":"#0","tintindex":0},"south":{"uv":[12.0,3.5,12.75,4.0],"rotation":0,"texture":"#0","tintindex":0},"up":{"uv":[13.75,11.25,13.0,10.375],"rotation":180,"texture":"#0","tintindex":0},"west":{"uv":[13.75,6.5,14.625,7.0],"rotation":0,"texture":"#0","tintindex":0}}},{"name":"cube","from":[11.090001,-3.2199993,8.929999],"to":[20.21,1.3400011,19.190002],"rotation":{"angle":0.0,"axis":"x","origin":[8.809999,-3.2199993,4.3700004]},"faces":{"down":{"uv":[7.125,12.875,6.125,14.0],"rotation":180,"texture":"#0","tintindex":0},"east":{"uv":[13.5,8.5,14.625,9.0],"rotation":0,"texture":"#0","tintindex":0},"north":{"uv":[13.5,9.5,14.5,10.0],"rotation":0,"texture":"#0","tintindex":0},"south":{"uv":[13.5,9.0,14.5,9.5],"rotation":0,"texture":"#0","tintindex":0},"up":{"uv":[13.75,7.625,12.75,6.5],"rotation":180,"texture":"#0","tintindex":0},"west":{"uv":[13.0,12.125,14.125,12.625],"rotation":0,"texture":"#0","tintindex":0}}},{"name":"cube","from":[-5.200001,-16.0,0.7999997],"to":[22.400002,-2.7999992,20.0],"rotation":{"angle":0.0,"axis":"x","origin":[8.0,16.400002,8.0]},"faces":{"down":{"uv":[4.375,5.625,7.375,7.625],"rotation":0,"texture":"#0","tintindex":0},"east":{"uv":[4.375,5.625,5.625,6.375],"rotation":0,"texture":"#0","tintindex":0},"north":{"uv":[4.375,5.625,7.375,6.375],"rotation":0,"texture":"#0","tintindex":0},"south":{"uv":[4.375,5.625,7.375,6.375],"rotation":0,"texture":"#0","tintindex":0},"up":{"uv":[4.375,5.625,7.375,7.625],"rotation":0,"texture":"#0","tintindex":0},"west":{"uv":[4.375,5.625,5.625,6.375],"rotation":0,"texture":"#0","tintindex":0}}}],"display":{"head":{"translation":[0.0,-37.760006,0.0],"rotation":[0.0,0.0,0.0],"scale":[3.8095,3.8095,3.8095]}}}