{"textures":{"0":"modelengine:entity/kriger"},"elements":[{"name":"cube","from":[4.3999996,8.068193,7.985428],"to":[10.4,8.068193,12.785428],"rotation":{"angle":0.0,"axis":"x","origin":[8.0,5.068193,7.985428]},"faces":{"down":{"uv":[9.2375,4.7625,8.0125,5.7375],"rotation":0,"texture":"#0","tintindex":0},"east":{"uv":[0.0125,0.0125,0.9875,0.0125],"rotation":0,"texture":"#0","tintindex":0},"north":{"uv":[0.0125,0.0125,1.2375,0.0125],"rotation":0,"texture":"#0","tintindex":0},"south":{"uv":[0.0125,0.0125,1.2375,0.0125],"rotation":0,"texture":"#0","tintindex":0},"up":{"uv":[8.0125,5.7375,9.2375,4.7625],"rotation":0,"texture":"#0","tintindex":0},"west":{"uv":[0.0125,0.0125,0.9875,0.0125],"rotation":0,"texture":"#0","tintindex":0}}}],"display":{"head":{"translation":[0.0,-6.4,0.0],"rotation":[0.0,0.0,0.0],"scale":[3.8095,3.8095,3.8095]}}}