{"textures":{"0":"modelengine:entity/kriger"},"elements":[{"name":"cube","from":[4.3999996,8.068193,7.9854283],"to":[10.4,8.068193,12.785427],"rotation":{"angle":0.0,"axis":"x","origin":[8.0,5.068193,7.9854283]},"faces":{"down":{"uv":[9.4875,7.1375,8.2625,8.1125],"rotation":0,"texture":"#0","tintindex":0},"east":{"uv":[0.0125,0.0125,0.9875,0.0125],"rotation":0,"texture":"#0","tintindex":0},"north":{"uv":[0.0125,0.0125,1.2375,0.0125],"rotation":0,"texture":"#0","tintindex":0},"south":{"uv":[0.0125,0.0125,1.2375,0.0125],"rotation":0,"texture":"#0","tintindex":0},"up":{"uv":[8.2625,8.1125,9.4875,7.1375],"rotation":0,"texture":"#0","tintindex":0},"west":{"uv":[0.0125,0.0125,0.9875,0.0125],"rotation":0,"texture":"#0","tintindex":0}}}],"display":{"head":{"translation":[0.0,-6.4,0.0],"rotation":[0.0,0.0,0.0],"scale":[3.8095,3.8095,3.8095]}}}