{"textures":{"0":"modelengine:entity/kriger"},"elements":[{"name":"cube","from":[4.3999996,2.6,8.0],"to":[11.6,8.0,8.0],"rotation":{"angle":0.0,"axis":"x","origin":[8.0,3.4999998,6.2]},"faces":{"down":{"uv":[1.4875,0.0125,0.0125,0.0125],"rotation":0,"texture":"#0","tintindex":0},"east":{"uv":[0.0125,0.0125,0.0125,1.1125],"rotation":0,"texture":"#0","tintindex":0},"north":{"uv":[4.7625,6.5125,6.2375,7.6125],"rotation":0,"texture":"#0","tintindex":0},"south":{"uv":[6.2375,6.5125,4.7625,7.6125],"rotation":0,"texture":"#0","tintindex":0},"up":{"uv":[1.4875,0.0125,0.0125,0.0125],"rotation":0,"texture":"#0","tintindex":0},"west":{"uv":[0.0125,0.0125,0.0125,1.1125],"rotation":0,"texture":"#0","tintindex":0}}},{"name":"cube","from":[10.700001,2.6,7.7],"to":[10.700001,8.0,8.3],"rotation":{"angle":0.0,"axis":"x","origin":[8.0,3.4999998,6.2]},"faces":{"down":{"uv":[0.0125,0.0125,0.0125,0.1125],"rotation":0,"texture":"#0","tintindex":0},"east":{"uv":[15.8875,0.0125,15.9875,1.1125],"rotation":0,"texture":"#0","tintindex":0},"north":{"uv":[4.7625,6.5125,4.7625,7.6125],"rotation":0,"texture":"#0","tintindex":0},"south":{"uv":[4.7625,6.5125,4.7625,7.6125],"rotation":0,"texture":"#0","tintindex":0},"up":{"uv":[0.0125,0.0125,0.0125,0.1125],"rotation":0,"texture":"#0","tintindex":0},"west":{"uv":[15.8875,0.0125,15.9875,1.1125],"rotation":0,"texture":"#0","tintindex":0}}}],"display":{"head":{"translation":[0.0,-6.4,0.0],"rotation":[0.0,0.0,0.0],"scale":[3.8095,3.8095,3.8095]}}}