{"textures":{"0":"modelengine:entity/kriger"},"elements":[{"name":"cube","from":[5.15502,6.8,3.2006326],"to":[11.155021,11.0,8.600633],"rotation":{"angle":0.0,"axis":"x","origin":[8.155021,-10.000001,-0.9993677]},"faces":{"down":{"uv":[3.2375,7.1375,2.0125,8.2375],"rotation":0,"texture":"#0","tintindex":0},"east":{"uv":[4.3625,9.1375,3.2625,9.9875],"rotation":0,"texture":"#0","tintindex":0},"north":{"uv":[6.6375,0.0125,7.8625,0.8625],"rotation":0,"texture":"#0","tintindex":0},"south":{"uv":[9.0125,1.7625,10.2375,2.6125],"rotation":0,"texture":"#0","tintindex":0},"up":{"uv":[8.2375,3.7375,7.0125,2.6375],"rotation":0,"texture":"#0","tintindex":0},"west":{"uv":[3.2625,9.1375,4.3625,9.9875],"rotation":0,"texture":"#0","tintindex":0}}},{"name":"cube","from":[5.15502,6.8,3.2006326],"to":[11.155021,11.0,3.2006326],"rotation":{"angle":0.0,"axis":"x","origin":[8.155021,-10.000001,-0.9993677]},"faces":{"down":{"uv":[3.2375,7.1375,2.0125,8.2375],"rotation":0,"texture":"#0","tintindex":0},"east":{"uv":[4.3625,9.1375,3.2625,9.9875],"rotation":0,"texture":"#0","tintindex":0},"north":{"uv":[9.0125,0.8875,10.2375,1.7375],"rotation":0,"texture":"#0","tintindex":0},"south":{"uv":[9.0125,1.7625,10.2375,2.6125],"rotation":0,"texture":"#0","tintindex":0},"up":{"uv":[8.2375,3.7375,7.0125,2.6375],"rotation":0,"texture":"#0","tintindex":0},"west":{"uv":[3.2625,9.1375,4.3625,9.9875],"rotation":0,"texture":"#0","tintindex":0}}},{"name":"cube","from":[5.15502,6.8,3.8006327],"to":[11.155021,9.2,3.8006327],"rotation":{"angle":0.0,"axis":"x","origin":[8.155021,-10.000001,-0.9993677]},"faces":{"down":{"uv":[3.2375,7.1375,2.0125,7.1375],"rotation":0,"texture":"#0","tintindex":0},"east":{"uv":[3.2625,9.1375,3.2625,9.6125],"rotation":0,"texture":"#0","tintindex":0},"north":{"uv":[6.3875,15.6375,7.3625,15.9875],"rotation":0,"texture":"#0","tintindex":0},"south":{"uv":[6.2625,15.5125,7.4875,15.9875],"rotation":0,"texture":"#0","tintindex":0},"up":{"uv":[8.2375,2.6375,7.0125,2.6375],"rotation":0,"texture":"#0","tintindex":0},"west":{"uv":[3.2625,9.1375,3.2625,9.6125],"rotation":0,"texture":"#0","tintindex":0}}},{"name":"cube","from":[5.75502,6.8,3.2006326],"to":[5.75502,9.2,3.8006327],"rotation":{"angle":0.0,"axis":"x","origin":[8.155021,-10.000001,-0.9993677]},"faces":{"down":{"uv":[2.0125,7.1375,2.0125,7.2375],"rotation":0,"texture":"#0","tintindex":0},"east":{"uv":[6.7625,15.5125,6.8625,15.9875],"rotation":0,"texture":"#0","tintindex":0},"north":{"uv":[6.3875,15.6375,6.3875,16.1125],"rotation":0,"texture":"#0","tintindex":0},"south":{"uv":[6.2625,15.5125,6.2625,15.9875],"rotation":0,"texture":"#0","tintindex":0},"up":{"uv":[7.0125,2.6375,7.0125,2.7375],"rotation":0,"texture":"#0","tintindex":0},"west":{"uv":[5.7625,15.5125,5.8625,15.9875],"rotation":0,"texture":"#0","tintindex":0}}},{"name":"cube","from":[10.555021,6.8,3.2006326],"to":[10.555021,9.2,3.8006327],"rotation":{"angle":0.0,"axis":"x","origin":[8.155021,-10.000001,-0.9993677]},"faces":{"down":{"uv":[2.0125,7.1375,2.0125,7.2375],"rotation":0,"texture":"#0","tintindex":0},"east":{"uv":[5.8625,15.5125,5.7625,15.9875],"rotation":0,"texture":"#0","tintindex":0},"north":{"uv":[6.3875,15.6375,6.3875,16.1125],"rotation":0,"texture":"#0","tintindex":0},"south":{"uv":[6.2625,15.5125,6.2625,15.9875],"rotation":0,"texture":"#0","tintindex":0},"up":{"uv":[7.0125,2.6375,7.0125,2.7375],"rotation":0,"texture":"#0","tintindex":0},"west":{"uv":[6.8625,15.5125,6.7625,15.9875],"rotation":0,"texture":"#0","tintindex":0}}},{"name":"cube","from":[5.75502,9.2,3.2006326],"to":[10.555021,9.2,3.8006327],"rotation":{"angle":0.0,"axis":"x","origin":[8.155021,-10.000001,-0.9993677]},"faces":{"down":{"uv":[6.2625,15.8875,7.4875,15.9875],"rotation":0,"texture":"#0","tintindex":0},"east":{"uv":[5.8625,15.5125,5.7625,15.5125],"rotation":0,"texture":"#0","tintindex":0},"north":{"uv":[6.3875,15.6375,7.6125,15.6375],"rotation":0,"texture":"#0","tintindex":0},"south":{"uv":[6.2625,15.5125,7.4875,15.5125],"rotation":0,"texture":"#0","tintindex":0},"up":{"uv":[6.6375,0.0125,7.8625,0.1125],"rotation":0,"texture":"#0","tintindex":0},"west":{"uv":[6.8625,15.5125,6.7625,15.5125],"rotation":0,"texture":"#0","tintindex":0}}},{"name":"cube","from":[5.75502,6.8,3.2006326],"to":[10.555021,6.8,3.8006327],"rotation":{"angle":0.0,"axis":"x","origin":[8.155021,-5.200001,-0.9993677]},"faces":{"down":{"uv":[6.6375,0.1125,7.8625,0.0125],"rotation":0,"texture":"#0","tintindex":0},"east":{"uv":[5.8625,15.5125,5.7625,15.5125],"rotation":0,"texture":"#0","tintindex":0},"north":{"uv":[6.3875,15.6375,7.6125,15.6375],"rotation":0,"texture":"#0","tintindex":0},"south":{"uv":[6.2625,15.5125,7.4875,15.5125],"rotation":0,"texture":"#0","tintindex":0},"up":{"uv":[6.2625,15.9875,7.4875,15.8875],"rotation":0,"texture":"#0","tintindex":0},"west":{"uv":[6.8625,15.5125,6.7625,15.5125],"rotation":0,"texture":"#0","tintindex":0}}},{"name":"cube","from":[5.75502,5.8721437,3.985195],"to":[10.555021,7.672144,6.985195],"rotation":{"angle":-22.5,"axis":"x","origin":[7.5550203,6.772144,6.085195]},"faces":{"down":{"uv":[12.1125,10.7625,11.1375,11.3625],"rotation":0,"texture":"#0","tintindex":0},"east":{"uv":[12.8875,0.6375,13.4875,0.9875],"rotation":0,"texture":"#0","tintindex":0},"north":{"uv":[6.3875,8.6375,7.3625,8.9875],"rotation":0,"texture":"#0","tintindex":0},"south":{"uv":[11.8875,3.1375,12.8625,3.4875],"rotation":0,"texture":"#0","tintindex":0},"up":{"uv":[11.9875,0.6125,11.0125,0.0125],"rotation":0,"texture":"#0","tintindex":0},"west":{"uv":[12.8875,2.1375,13.4875,2.4875],"rotation":0,"texture":"#0","tintindex":0}}},{"name":"cube","from":[5.45502,2.2721438,5.185195],"to":[5.45502,7.672144,8.785195],"rotation":{"angle":-22.5,"axis":"x","origin":[7.5550203,6.772144,6.085195]},"faces":{"down":{"uv":[0.0125,0.0125,0.0125,0.7375],"rotation":0,"texture":"#0","tintindex":0},"east":{"uv":[7.0125,10.1375,7.7375,11.2375],"rotation":0,"texture":"#0","tintindex":0},"north":{"uv":[0.0125,0.0125,0.0125,1.1125],"rotation":0,"texture":"#0","tintindex":0},"south":{"uv":[0.0125,0.0125,0.0125,1.1125],"rotation":0,"texture":"#0","tintindex":0},"up":{"uv":[0.0125,0.7375,0.0125,0.0125],"rotation":0,"texture":"#0","tintindex":0},"west":{"uv":[7.7375,10.1375,7.0125,11.2375],"rotation":0,"texture":"#0","tintindex":0}}},{"name":"cube","from":[10.8550205,2.2721438,5.185195],"to":[10.8550205,7.672144,8.785195],"rotation":{"angle":-22.5,"axis":"x","origin":[8.75502,6.772144,6.085195]},"faces":{"down":{"uv":[0.0125,0.0125,0.0125,0.7375],"rotation":0,"texture":"#0","tintindex":0},"east":{"uv":[7.0125,10.1375,7.7375,11.2375],"rotation":0,"texture":"#0","tintindex":0},"north":{"uv":[0.0125,0.0125,0.0125,1.1125],"rotation":0,"texture":"#0","tintindex":0},"south":{"uv":[0.0125,0.0125,0.0125,1.1125],"rotation":0,"texture":"#0","tintindex":0},"up":{"uv":[0.0125,0.7375,0.0125,0.0125],"rotation":0,"texture":"#0","tintindex":0},"west":{"uv":[7.7375,10.1375,7.0125,11.2375],"rotation":0,"texture":"#0","tintindex":0}}},{"name":"cube","from":[7.5550203,6.8,2.6006327],"to":[8.75502,15.2,7.400633],"rotation":{"angle":0.0,"axis":"x","origin":[8.155021,-10.000001,-0.9993677]},"faces":{"down":{"uv":[5.9875,12.7625,5.7625,13.7375],"rotation":0,"texture":"#0","tintindex":0},"east":{"uv":[3.7625,5.5125,4.7375,7.2375],"rotation":0,"texture":"#0","tintindex":0},"north":{"uv":[1.0125,6.1375,1.2375,7.8625],"rotation":0,"texture":"#0","tintindex":0},"south":{"uv":[0.7625,10.7625,0.9875,12.4875],"rotation":0,"texture":"#0","tintindex":0},"up":{"uv":[6.4875,7.4875,6.2625,6.5125],"rotation":0,"texture":"#0","tintindex":0},"west":{"uv":[5.5125,3.7625,6.4875,5.4875],"rotation":0,"texture":"#0","tintindex":0}}},{"name":"cube","from":[3.6499999,6.8,3.4999998],"to":[6.05,8.0,7.1],"rotation":{"angle":22.5,"axis":"y","origin":[4.85,7.4,5.6]},"faces":{"down":{"uv":[12.7375,1.2625,12.2625,1.9875],"rotation":0,"texture":"#0","tintindex":0},"east":{"uv":[8.0125,5.7625,8.7375,5.9875],"rotation":0,"texture":"#0","tintindex":0},