{"textures":{"0":"modelengine:entity/kriger"},"elements":[{"name":"cube","from":[6.2,6.1796784,5.718568],"to":[9.8,7.9796786,8.718568],"rotation":{"angle":0.0,"axis":"x","origin":[8.15,15.029679,8.268568]},"faces":{"down":{"uv":[12.6125,3.6375,11.8875,4.2375],"rotation":0,"texture":"#0","tintindex":0},"east":{"uv":[12.8875,6.0125,13.4875,6.3625],"rotation":0,"texture":"#0","tintindex":0},"north":{"uv":[12.6375,11.3875,13.3625,11.7375],"rotation":0,"texture":"#0","tintindex":0},"south":{"uv":[12.6375,11.7625,13.3625,12.1125],"rotation":0,"texture":"#0","tintindex":0},"up":{"uv":[12.6125,3.1125,11.8875,2.5125],"rotation":0,"texture":"#0","tintindex":0},"west":{"uv":[12.8875,7.8875,13.4875,8.2375],"rotation":0,"texture":"#0","tintindex":0}}},{"name":"cube","from":[6.1399994,7.156886,3.6185677],"to":[9.860001,8.956886,5.4185677],"rotation":{"angle":-45.0,"axis":"x","origin":[7.7,7.4568863,4.518568]},"faces":{"down":{"uv":[13.4875,0.0125,12.7625,0.3625],"rotation":0,"texture":"#0","tintindex":0},"east":{"uv":[8.1375,13.0125,8.4875,13.3625],"rotation":0,"texture":"#0","tintindex":0},"north":{"uv":[11.8875,12.6375,12.65,12.9875],"rotation":0,"texture":"#0","tintindex":0},"south":{"uv":[12.6375,12.1375,13.3625,12.4875],"rotation":0,"texture":"#0","tintindex":0},"up":{"uv":[13.3625,12.8625,12.6375,12.5125],"rotation":0,"texture":"#0","tintindex":0},"west":{"uv":[8.5125,13.0125,8.8625,13.3625],"rotation":0,"texture":"#0","tintindex":0}}},{"name":"cube","from":[6.2,6.8,4.3999996],"to":[9.8,8.6,6.2],"rotation":{"angle":22.5,"axis":"x","origin":[7.7,7.7,4.3999996]},"faces":{"down":{"uv":[5.7375,12.7625,5.0125,13.1125],"rotation":0,"texture":"#0","tintindex":0},"east":{"uv":[9.5125,13.0125,9.8625,13.3625],"rotation":0,"texture":"#0","tintindex":0},"north":{"uv":[12.7625,1.2625,13.4875,1.6125],"rotation":0,"texture":"#0","tintindex":0},"south":{"uv":[12.7625,1.6375,13.4875,1.9875],"rotation":0,"texture":"#0","tintindex":0},"up":{"uv":[2.8625,13.1125,2.1375,12.7625],"rotation":0,"texture":"#0","tintindex":0},"west":{"uv":[9.8875,13.0125,10.2375,13.3625],"rotation":0,"texture":"#0","tintindex":0}}}],"display":{"head":{"translation":[0.0,-6.4,0.0],"rotation":[0.0,0.0,0.0],"scale":[3.8095,3.8095,3.8095]}}}