{"textures":{"0":"modelengine:entity/kriger"},"elements":[{"name":"cube","from":[4.7503757,4.917248,5.8999996],"to":[8.350376,9.117248,9.5],"rotation":{"angle":0.0,"axis":"x","origin":[11.950376,7.0172477,6.5]},"faces":{"down":{"uv":[12.1125,10.0125,11.3875,10.7375],"rotation":0,"texture":"#0","tintindex":0},"east":{"uv":[10.5125,7.0125,11.2375,7.8625],"rotation":0,"texture":"#0","tintindex":0},"north":{"uv":[6.2625,10.5125,6.9875,11.3625],"rotation":0,"texture":"#0","tintindex":0},"south":{"uv":[9.5125,10.6375,10.2375,11.4875],"rotation":0,"texture":"#0","tintindex":0},"up":{"uv":[6.7375,12.1125,6.0125,11.3875],"rotation":0,"texture":"#0","tintindex":0},"west":{"uv":[0.0125,10.7625,0.7375,11.6125],"rotation":0,"texture":"#0","tintindex":0}}},{"name":"cube","from":[6.9169235,11.450701,5.8999996],"to":[9.316923,11.450701,9.5],"rotation":{"angle":-45.0,"axis":"z","origin":[6.0169234,11.450701,7.7]},"faces":{"down":{"uv":[10.7375,12.3875,10.2625,13.1125],"rotation":0,"texture":"#0","tintindex":0},"east":{"uv":[0.0125,0.0125,0.7375,0.0125],"rotation":0,"texture":"#0","tintindex":0},"north":{"uv":[0.0125,0.0125,0.4875,0.0125],"rotation":0,"texture":"#0","tintindex":0},"south":{"uv":[0.0125,0.0125,0.4875,0.0125],"rotation":0,"texture":"#0","tintindex":0},"up":{"uv":[10.7375,13.1125,10.2625,12.3875],"rotation":0,"texture":"#0","tintindex":0},"west":{"uv":[0.0125,0.0125,0.7375,0.0125],"rotation":0,"texture":"#0","tintindex":0}}},{"name":"cube","from":[-1.2496247,4.917248,6.5],"to":[4.7503757,7.917248,9.5],"rotation":{"angle":0.0,"axis":"x","origin":[11.950376,7.0172477,6.5]},"faces":{"down":{"uv":[11.4875,5.7625,10.2625,6.3625],"rotation":0,"texture":"#0","tintindex":0},"east":{"uv":[10.8875,12.1375,11.4875,12.7375],"rotation":0,"texture":"#0","tintindex":0},"north":{"uv":[10.2625,0.6375,11.4875,1.2375],"rotation":0,"texture":"#0","tintindex":0},"south":{"uv":[10.2625,1.2625,11.4875,1.8625],"rotation":0,"texture":"#0","tintindex":0},"up":{"uv":[11.4875,2.4875,10.2625,1.8875],"rotation":0,"texture":"#0","tintindex":0},"west":{"uv":[12.2625,0.6375,12.8625,1.2375],"rotation":0,"texture":"#0","tintindex":0}}}],"display":{"head":{"translation":[0.0,-6.4,0.0],"rotation":[0.0,0.0,0.0],"scale":[3.8095,3.8095,3.8095]}}}