{"textures":{"0":"modelengine:entity/kriger"},"elements":[{"name":"cube","from":[5.0,4.7,9.8],"to":[8.6,7.7,13.4],"rotation":{"angle":22.5,"axis":"z","origin":[6.8,6.2,11.75]},"faces":{"down":{"uv":[12.2375,4.3875,11.5125,5.1125],"rotation":0,"texture":"#0","tintindex":0},"east":{"uv":[11.8875,12.0125,12.6125,12.6125],"rotation":0,"texture":"#0","tintindex":0},"north":{"uv":[12.0125,8.7625,12.7375,9.3625],"rotation":0,"texture":"#0","tintindex":0},"south":{"uv":[5.3875,12.1375,6.1125,12.7375],"rotation":0,"texture":"#0","tintindex":0},"up":{"uv":[12.2375,2.1125,11.5125,1.3875],"rotation":0,"texture":"#0","tintindex":0},"west":{"uv":[9.0125,12.1375,9.7375,12.7375],"rotation":0,"texture":"#0","tintindex":0}}},{"name":"cube","from":[6.2107897,5.2416553,8.6],"to":[8.01079,7.0416555,21.2],"rotation":{"angle":0.0,"axis":"z","origin":[7.1107893,5.8416557,14.9]},"faces":{"down":{"uv":[2.2375,9.2625,1.8875,11.8625],"rotation":0,"texture":"#0","tintindex":0},"east":{"uv":[9.2625,3.6375,11.8625,3.9875],"rotation":0,"texture":"#0","tintindex":0},"north":{"uv":[11.8875,13.0125,12.2375,13.3625],"rotation":0,"texture":"#0","tintindex":0},"south":{"uv":[12.2625,13.0125,12.6125,13.3625],"rotation":0,"texture":"#0","tintindex":0},"up":{"uv":[4.7375,11.7375,4.3875,9.1375],"rotation":0,"texture":"#0","tintindex":0},"west":{"uv":[9.2625,4.0125,11.8625,4.3625],"rotation":0,"texture":"#0","tintindex":0}}},{"name":"cube","from":[3.6499999,5.1499996,5.6],"to":[10.25,6.35,7.3999996],"rotation":{"angle":22.5,"axis":"z","origin":[6.8,6.2,11.75]},"faces":{"down":{"uv":[12.8625,2.1375,11.5125,2.4875],"rotation":0,"texture":"#0","tintindex":0},"east":{"uv":[6.0125,9.3875,6.3625,9.6125],"rotation":0,"texture":"#0","tintindex":0},"north":{"uv":[12.3875,9.3875,13.7375,9.6125],"rotation":0,"texture":"#0","tintindex":0},"south":{"uv":[12.3875,9.6375,13.7375,9.8625],"rotation":0,"texture":"#0","tintindex":0},"up":{"uv":[12.6125,7.8625,11.2625,7.5125],"rotation":0,"texture":"#0","tintindex":0},"west":{"uv":[4.0125,11.5125,4.3625,11.7375],"rotation":0,"texture":"#0","tintindex":0}}},{"name":"cube","from":[5.45,5.45,-16.0],"to":[8.45,6.05,4.3999996],"rotation":{"angle":22.5,"axis":"z","origin":[6.8,6.2,11.75]},"faces":{"down":{"uv":[1.2375,1.8875,0.6375,6.1125],"rotation":0,"texture":"#0","tintindex":0},"east":{"uv":[9.5125,3.5125,13.7375,3.6125],"rotation":0,"texture":"#0","tintindex":0},"north":{"uv":[13.1375,2.8875,13.7375,2.9875],"rotation":0,"texture":"#0","tintindex":0},"south":{"uv":[13.1375,3.0125,13.7375,3.1125],"rotation":0,"texture":"#0","tintindex":0},"up":{"uv":[0.6125,6.1125,0.0125,1.8875],"rotation":0,"texture":"#0","tintindex":0},"west":{"uv":[10.7625,8.6375,14.9875,8.7375],"rotation":0,"texture":"#0","tintindex":0}}}],"display":{"head":{"translation":[0.0,-6.4,-14.0],"rotation":[0.0,0.0,0.0],"scale":[3.8095,3.8095,3.8095]}}}