{"textures":{"0":"modelengine:entity/kriger"},"elements":[{"name":"cube","from":[-3.4000006,8.0,6.8],"to":[4.3999996,10.4,9.8],"rotation":{"angle":0.0,"axis":"x","origin":[11.6,-15.400001,-11.200001]},"faces":{"down":{"uv":[6.3625,8.6375,4.7625,9.3625],"rotation":0,"texture":"#0","tintindex":0},"east":{"uv":[12.0125,0.0125,12.7375,0.6125],"rotation":0,"texture":"#0","tintindex":0},"north":{"uv":[8.7625,6.5125,10.3625,6.9875],"rotation":0,"texture":"#0","tintindex":0},"south":{"uv":[6.3875,9.0125,7.9875,9.6125],"rotation":0,"texture":"#0","tintindex":0},"up":{"uv":[9.8625,8.8625,8.2625,8.1375],"rotation":0,"texture":"#0","tintindex":0},"west":{"uv":[12.0125,5.1375,12.7375,5.7375],"rotation":0,"texture":"#0","tintindex":0}}},{"name":"cube","from":[4.3999996,8.0,6.2],"to":[8.6,11.0,10.4],"rotation":{"angle":0.0,"axis":"x","origin":[11.6,-15.400001,-11.200001]},"faces":{"down":{"uv":[10.7375,8.0125,9.8875,8.9875],"rotation":0,"texture":"#0","tintindex":0},"east":{"uv":[8.5125,10.1375,9.4875,10.8625],"rotation":0,"texture":"#0","tintindex":0},"north":{"uv":[10.7625,7.8875,11.6125,8.4875],"rotation":0,"texture":"#0","tintindex":0},"south":{"uv":[10.2625,10.7625,11.1125,11.4875],"rotation":0,"texture":"#0","tintindex":0},"up":{"uv":[10.3625,10.6125,9.5125,9.6375],"rotation":0,"texture":"#0","tintindex":0},"west":{"uv":[10.3875,10.0125,11.3625,10.7375],"rotation":0,"texture":"#0","tintindex":0}}}],"display":{"head":{"translation":[0.0,-6.4,0.0],"rotation":[0.0,0.0,0.0],"scale":[3.8095,3.8095,3.8095]}}}