{"textures":{"0":"modelengine:entity/kriger"},"elements":[{"name":"cube","from":[14.0,6.5,4.3999996],"to":[16.400002,10.1,8.6],"rotation":{"angle":0.0,"axis":"x","origin":[-7.000001,-16.600002,-13.000001]},"faces":{"down":{"uv":[12.1375,10.0125,12.6125,10.8625],"rotation":0,"texture":"#0","tintindex":0},"east":{"uv":[3.1125,11.1375,2.2625,11.8625],"rotation":0,"texture":"#0","tintindex":0},"north":{"uv":[0.9875,12.5125,0.5125,13.2375],"rotation":0,"texture":"#0","tintindex":0},"south":{"uv":[4.9875,12.5125,4.5125,13.2375],"rotation":0,"texture":"#0","tintindex":0},"up":{"uv":[9.7625,12.9875,10.2375,12.1375],"rotation":0,"texture":"#0","tintindex":0},"west":{"uv":[9.3625,10.8875,8.5125,11.6125],"rotation":0,"texture":"#0","tintindex":0}}},{"name":"cube","from":[8.0,7.1,5.6],"to":[14.0,8.9,8.0],"rotation":{"angle":0.0,"axis":"x","origin":[-7.000001,-16.600002,-13.000001]},"faces":{"down":{"uv":[10.3875,9.3875,11.6125,9.9875],"rotation":0,"texture":"#0","tintindex":0},"east":{"uv":[13.1125,7.0125,12.5125,7.4875],"rotation":0,"texture":"#0","tintindex":0},"north":{"uv":[12.4875,7.0125,11.2625,7.3625],"rotation":0,"texture":"#0","tintindex":0},"south":{"uv":[5.9875,11.3875,4.7625,11.8625],"rotation":0,"texture":"#0","tintindex":0},"up":{"uv":[10.3875,6.9875,11.6125,6.3875],"rotation":0,"texture":"#0","tintindex":0},"west":{"uv":[0.6125,9.5125,0.0125,9.9875],"rotation":0,"texture":"#0","tintindex":0}}}],"display":{"head":{"translation":[0.0,-6.4,0.0],"rotation":[0.0,0.0,0.0],"scale":[3.8095,3.8095,3.8095]}}}