{"textures":{"0":"modelengine:entity/kriger"},"elements":[{"name":"cube","from":[6.2,6.5,8.000002],"to":[9.8,9.5,11.600001],"rotation":{"angle":-22.5,"axis":"z","origin":[8.0,8.0,10.400002]},"faces":{"down":{"uv":[11.5125,0.6375,12.2375,1.3625],"rotation":0,"texture":"#0","tintindex":0},"east":{"uv":[7.4875,11.7625,6.7625,12.3625],"rotation":0,"texture":"#0","tintindex":0},"north":{"uv":[8.9875,11.6375,8.2625,12.2375],"rotation":0,"texture":"#0","tintindex":0},"south":{"uv":[4.6125,11.7625,3.8875,12.3625],"rotation":0,"texture":"#0","tintindex":0},"up":{"uv":[11.1375,12.1125,11.8625,11.3875],"rotation":0,"texture":"#0","tintindex":0},"west":{"uv":[12.3625,9.3875,11.6375,9.9875],"rotation":0,"texture":"#0","tintindex":0}}},{"name":"cube","from":[3.4825602,6.682809,-16.0],"to":[3.9025595,7.102808,-12.399999],"rotation":{"angle":-45.0,"axis":"z","origin":[4.8614187,8.057403,-4.8999977]},"faces":{"down":{"uv":[11.2625,12.7625,11.3625,13.4875],"rotation":0,"texture":"#0","tintindex":0},"east":{"uv":[13.8625,2.7625,13.1375,2.8625],"rotation":0,"texture":"#0","tintindex":0},"north":{"uv":[0.7125,9.7625,0.6375,9.8375],"rotation":0,"texture":"#0","tintindex":0},"south":{"uv":[9.8625,8.8875,9.7625,8.9875],"rotation":0,"texture":"#0","tintindex":0},"up":{"uv":[0.6375,12.3625,0.7375,11.6375],"rotation":0,"texture":"#0","tintindex":0},"west":{"uv":[13.8625,2.6375,13.1375,2.7375],"rotation":0,"texture":"#0","tintindex":0}}},{"name":"cube","from":[13.08256,6.682809,-16.0],"to":[13.50256,7.102808,-12.399999],"rotation":{"angle":-45.0,"axis":"z","origin":[14.461419,8.057403,-4.8999977]},"faces":{"down":{"uv":[1.0125,11.5125,1.1125,12.2375],"rotation":0,"texture":"#0","tintindex":0},"east":{"uv":[13.8625,2.5125,13.1375,2.6125],"rotation":0,"texture":"#0","tintindex":0},"north":{"uv":[0.7125,9.5125,0.6375,9.5875],"rotation":0,"texture":"#0","tintindex":0},"south":{"uv":[0.7375,9.6375,0.6375,9.7375],"rotation":0,"texture":"#0","tintindex":0},"up":{"uv":[1.0125,11.4875,1.1125,10.7625],"rotation":0,"texture":"#0","tintindex":0},"west":{"uv":[2.8625,13.1375,2.1375,13.2375],"rotation":0,"texture":"#0","tintindex":0}}},{"name":"cube","from":[10.08256,6.682809,-12.399999],"to":[10.50256,7.102808,1.400001],"rotation":{"angle":-45.0,"axis":"z","origin":[11.461419,8.057403,-1.2999988]},"faces":{"down":{"uv":[1.5125,12.2625,1.6125,15.1125],"rotation":0,"texture":"#0","tintindex":0},"east":{"uv":[15.2375,6.8875,12.3875,6.9875],"rotation":0,"texture":"#0","tintindex":0},"north":{"uv":[7.4625,8.8875,7.3875,8.9625],"rotation":0,"texture":"#0","tintindex":0},"south":{"uv":[1.9875,9.1375,1.8875,9.2375],"rotation":0,"texture":"#0","tintindex":0},"up":{"uv":[11.7625,14.9875,11.8625,12.1375],"rotation":0,"texture":"#0","tintindex":0},"west":{"uv":[15.2375,6.7625,12.3875,6.8625],"rotation":0,"texture":"#0","tintindex":0}}},{"name":"cube","from":[6.482559,6.682809,-12.399999],"to":[6.9025593,7.102808,1.400001],"rotation":{"angle":-45.0,"axis":"z","origin":[7.8614187,8.057403,-1.2999988]},"faces":{"down":{"uv":[11.6375,12.1375,11.7375,14.9875],"rotation":0,"texture":"#0","tintindex":0},"east":{"uv":[15.2375,6.6375,12.3875,6.7375],"rotation":0,"texture":"#0","tintindex":0},"north":{"uv":[7.4625,8.6375,7.3875,8.7125],"rotation":0,"texture":"#0","tintindex":0},"south":{"uv":[7.4875,8.7625,7.3875,8.8625],"rotation":0,"texture":"#0","tintindex":0},"up":{"uv":[11.5125,14.9875,11.6125,12.1375],"rotation":0,"texture":"#0","tintindex":0},"west":{"uv":[15.2375,6.5125,12.3875,6.6125],"rotation":0,"texture":"#0","tintindex":0}}},{"name":"cube","from":[9.811419,7.7574024,5.0000014],"to":[11.011419,8.357403,6.2000017],"rotation":{"angle":0.0,"axis":"z","origin":[7.8614187,8.057403,-1.2999988]},"faces":{"down":{"uv":[5.2625,13.1375,5.4875,13.3625],"rotation":0,"texture":"#0","tintindex":0},"east":{"uv":[12.6125,9.8875,12.3875,9.9875],"rotation":0,"texture":"#0","tintindex":0},"north":{"uv":[9.2375,12.0125,9.0125,12.1125],"rotation":0,"texture":"#0","tintindex":0},"south":{"uv":[7.3625,12.3875,7.1375,12.4875],"rotation":0,"texture":"#0","tintindex":0},"up":{"uv":[5.0125,13.3625,5.2375,13.1375],"rotation":0,"texture":"#0","tintindex":0},"west":{"uv":[3.7375,12.2625,3.5125,12.3625],"rotation":0,"texture":"#0","tintindex":0}}},{"name":"cube","from":[5.011419,7.7574024,5.0000014],"to":[6.211419,8.357403,6.2000017],"rotation":{"angle":0.0,"axis":"z","origin":[7.8614187,8.057403,-1.2999988]},"faces":{"down":{"uv":[4.2625,13.1375,4.4875,13.3625],"rotation":0,"texture":"#0","tintindex":0},"east":{"uv":[10.7375,7.8875,10.5125,7.9875],"rotation":0,"texture":"#0","tintindex":0},"north":{"uv":[9.2375,3.6375,9.0125,3.7375],"rotation":0,"texture":"#0","tintindex":0},"south":{"uv":[10.7375,5.0125,10.5125,5.1125],"rotation":0,"texture":"#0","tintindex":0},"up":{"uv":[4.0125,13.3625,4.2375,13.1375],"rotation":0,"texture":"#0","tintindex":0},"west":{"uv":[10.4875,2.5125,10.2625,2.6125],"rotation":0,"texture":"#0","tintindex":0}}},{"name":"cube","from":[6.8114185,7.7574024,1.400001],"to":[9.211419,8.357403,4.4000015],"rotation":{"angle":0.0,"axis":"z","origin":[7.8614187,8.057403,-1.2999988]},"faces":{"down":{"uv":[7.6125,12.5125,7.1375,13.1125],"rotation":0,"texture":"#0","tintindex":0},"east":{"uv":[5.9875,12.0125,5.3875,12.1125],"rotation":0,"texture":"#0","tintindex":0},"north":{"uv":[11.9875,5.1375,11.5125,5.2375],"rotation":0,"texture":"#0","tintindex":0},"south":{"uv":[3.9875,13.1375,3.5125,13.2375],"rotation":0,"texture":"#0","tintindex":0},"up":{"uv":[7.1375,13.1125,7.6125,12.5125],"rotation":0,"texture":"#0","tintindex":0},"west":{"uv":[5.9875,11.8875,5.3875,11.9875],"rotation":0,"texture":"#0","tintindex":0}}},{"name":"cube","from":[3.2114177,7.7574024,-16.0],"to":[12.8114195,8.357403,-12.399999],"rotation":{"angle":0.0,"axis":"z","origin":[7.8614187,8.057403,-1.2999988]},"faces":{"down":{"uv":[7.0125,1.1375,8.9875,1.8625],"rotation":0,"texture":"#0","tintindex":0},"east":{"uv":[13.6125,6.3875,12.8875,6.4875],"rotation":0,"texture":"#0","tintindex":0},"north":{"uv":[14.7375,0.3875,12.7625,0.4875],"rotation":0,"texture":"#0","tintindex":0},"south":{"uv":[14.7375,0.5125,12.7625,0.6125],"rotation":0,"texture":"#0","tintindex":0},"up":{"uv":[7.0125,1.8625,8.9875,1.1375],"rotation":0,"texture":"#0","tintindex":0},"west":{"uv":[13.6125,1.1375,12.8875,1.2375],"rotation":0,"texture":"#0","tintindex":0}}},{"name":"cube","from":[7.1114187,7.157402,6.2000017],"to":[8.911419,8.957402,17.000002],"rotation":{"angle":0.0,"axis":"z","origin":[7.8614187,8.057403,-1.2999988]},"faces":{"down":{"uv":[1.5125,10.0125,1.8625,12.2375],"rotation":0,"texture":"#0","tintindex":0},"east":{"uv":[6.9875,10.1375,4.7625,10.4875],"rotation":0,"texture":"#0","tintindex":0},"north":{"uv":[3.2375,13.0125,2.8875,13.3625],"rotation":0,"texture":"#0","tintindex":0},"south":{"uv":[6.3625,13.0125,6.0125,13.3625],"rotation":0,"texture":"#0","tintindex":0},"up":{"uv":[1.1375,12.2375,1.4875,10.0125],"rotation":0,"texture":"#0","tintindex":0},"west":{"uv":[11.9875,9.0125,9.7625,9.3625],"rotation":0,"texture":"#0","tintindex":0}}},{"name":"cube","from":[6.211419,7.157402,4.4000015],"to":[9.811419,8.957402,6.2000017],"rotation":{"angle":0.0,"axis":"z","origin":[7.8614187,8.057403,-1.2999988]},"faces":{"down":{"uv":[12.6375,9.8875,13.3625,10.2375],"rotation":0,"texture":"#0","tintindex":0},"east":{"uv":[1.3625,13.0125,1.0125,13.3625],"rotation":0,"texture":"#0","tintindex":0},"north":{"uv":[13.3625,3.6375,12.6375,4.0],"rotation":0,"texture":"#0","tintindex":0},"south":{"uv":[13.3625,7.5125,12.6375,7.8625],"rotation":0,"texture":"#0","tintindex":0},"up":{"uv":[12.6375,10.2375,13.3625,9.8875],"rotation":0,"texture":"#0","tintindex":0},"west":{"uv":[9.3625,11.6375,9.0125,11.9875],"rotation":0,"texture":"#0","tintindex":0}}},{"name":"cube","from":[2.6114175,7.7574024,2.6000013],"to":[5.011419,8.357403,6.2000017],"rotation":{"angle":0.0,"axis":"z","origin":[7.8614187,8.057403,-1.2999988]},"faces":{"down":{"uv":[8.1375,12.2625,8.6125,12.9875],"rotation":0,