{"textures":{"0":"modelengine:entity/kriger"},"elements":[{"name":"cube","from":[7.649624,4.917248,5.8999996],"to":[11.249624,9.117248,9.5],"rotation":{"angle":0.0,"axis":"x","origin":[4.049624,7.0172477,6.5]},"faces":{"down":{"uv":[11.3875,10.0125,12.1125,10.7375],"rotation":0,"texture":"#0","tintindex":0},"east":{"uv":[0.7375,10.7625,0.0125,11.6125],"rotation":0,"texture":"#0","tintindex":0},"north":{"uv":[6.9875,10.5125,6.2625,11.3625],"rotation":0,"texture":"#0","tintindex":0},"south":{"uv":[10.2375,10.6375,9.5125,11.4875],"rotation":0,"texture":"#0","tintindex":0},"up":{"uv":[6.0125,12.1125,6.7375,11.3875],"rotation":0,"texture":"#0","tintindex":0},"west":{"uv":[11.2375,7.0125,10.5125,7.8625],"rotation":0,"texture":"#0","tintindex":0}}},{"name":"cube","from":[6.683076,11.450701,5.8999996],"to":[9.0830765,11.450701,9.5],"rotation":{"angle":45.0,"axis":"z","origin":[9.983077,11.450701,7.7]},"faces":{"down":{"uv":[10.2625,12.3875,10.7375,13.1125],"rotation":0,"texture":"#0","tintindex":0},"east":{"uv":[0.7375,0.0125,0.0125,0.0125],"rotation":0,"texture":"#0","tintindex":0},"north":{"uv":[0.4875,0.0125,0.0125,0.0125],"rotation":0,"texture":"#0","tintindex":0},"south":{"uv":[0.4875,0.0125,0.0125,0.0125],"rotation":0,"texture":"#0","tintindex":0},"up":{"uv":[10.2625,13.1125,10.7375,12.3875],"rotation":0,"texture":"#0","tintindex":0},"west":{"uv":[0.7375,0.0125,0.0125,0.0125],"rotation":0,"texture":"#0","tintindex":0}}},{"name":"cube","from":[11.249624,4.917248,6.5],"to":[17.249624,7.917248,9.5],"rotation":{"angle":0.0,"axis":"x","origin":[4.049624,7.0172477,6.5]},"faces":{"down":{"uv":[10.2625,5.7625,11.4875,6.3625],"rotation":0,"texture":"#0","tintindex":0},"east":{"uv":[12.8625,0.6375,12.2625,1.2375],"rotation":0,"texture":"#0","tintindex":0},"north":{"uv":[11.4875,0.6375,10.2625,1.2375],"rotation":0,"texture":"#0","tintindex":0},"south":{"uv":[11.4875,1.2625,10.2625,1.8625],"rotation":0,"texture":"#0","tintindex":0},"up":{"uv":[10.2625,2.4875,11.4875,1.8875],"rotation":0,"texture":"#0","tintindex":0},"west":{"uv":[11.4875,12.1375,10.8875,12.7375],"rotation":0,"texture":"#0","tintindex":0}}}],"display":{"head":{"translation":[0.0,-6.4,0.0],"rotation":[0.0,0.0,0.0],"scale":[3.8095,3.8095,3.8095]}}}