{"textures":{"0":"modelengine:entity/kriger"},"elements":[{"name":"cube","from":[11.6,8.0,6.8],"to":[19.400002,10.4,9.8],"rotation":{"angle":0.0,"axis":"x","origin":[4.3999996,-15.400001,-11.200001]},"faces":{"down":{"uv":[4.7625,8.6375,6.3625,9.3625],"rotation":0,"texture":"#0","tintindex":0},"east":{"uv":[12.7375,5.1375,12.0125,5.7375],"rotation":0,"texture":"#0","tintindex":0},"north":{"uv":[10.3625,6.5125,8.7625,6.9875],"rotation":0,"texture":"#0","tintindex":0},"south":{"uv":[7.9875,9.0125,6.3875,9.6125],"rotation":0,"texture":"#0","tintindex":0},"up":{"uv":[8.2625,8.8625,9.8625,8.1375],"rotation":0,"texture":"#0","tintindex":0},"west":{"uv":[12.7375,0.0125,12.0125,0.6125],"rotation":0,"texture":"#0","tintindex":0}}},{"name":"cube","from":[7.4,8.0,6.2],"to":[11.6,11.0,10.4],"rotation":{"angle":0.0,"axis":"x","origin":[4.3999996,-15.400001,-11.200001]},"faces":{"down":{"uv":[9.8875,8.0125,10.7375,8.9875],"rotation":0,"texture":"#0","tintindex":0},"east":{"uv":[11.3625,10.0125,10.3875,10.7375],"rotation":0,"texture":"#0","tintindex":0},"north":{"uv":[11.6125,7.8875,10.7625,8.4875],"rotation":0,"texture":"#0","tintindex":0},"south":{"uv":[11.1125,10.7625,10.2625,11.4875],"rotation":0,"texture":"#0","tintindex":0},"up":{"uv":[9.5125,10.6125,10.3625,9.6375],"rotation":0,"texture":"#0","tintindex":0},"west":{"uv":[9.4875,10.1375,8.5125,10.8625],"rotation":0,"texture":"#0","tintindex":0}}}],"display":{"head":{"translation":[0.0,-6.4,0.0],"rotation":[0.0,0.0,0.0],"scale":[3.8095,3.8095,3.8095]}}}