{"textures":{"0":"modelengine:entity/kriger"},"elements":[{"name":"cube","from":[7.1,1.0196781,6.9185677],"to":[9.5,10.019678,10.518568],"rotation":{"angle":0.0,"axis":"x","origin":[8.75,-0.2703216,8.268568]},"faces":{"down":{"uv":[4.0125,12.3875,4.4875,13.1125],"rotation":0,"texture":"#0","tintindex":0},"east":{"uv":[0.7375,7.6375,0.0125,9.4875],"rotation":0,"texture":"#0","tintindex":0},"north":{"uv":[2.7375,9.2625,2.2625,11.1125],"rotation":0,"texture":"#0","tintindex":0},"south":{"uv":[3.2375,9.2625,2.7625,11.1125],"rotation":0,"texture":"#0","tintindex":0},"up":{"uv":[3.5125,13.1125,3.9875,12.3875],"rotation":0,"texture":"#0","tintindex":0},"west":{"uv":[8.2375,7.1375,7.5125,8.9875],"rotation":0,"texture":"#0","tintindex":0}}},{"name":"cube","from":[7.1,-1.2961426,3.8710873],"to":[9.5,1.1638577,3.8710873],"rotation":{"angle":45.0,"axis":"x","origin":[8.75,-2.5861425,5.2210875]},"faces":{"down":{"uv":[0.0125,0.0125,0.4875,0.0125],"rotation":0,"texture":"#0","tintindex":0},"east":{"uv":[0.0125,0.0125,0.0125,0.4875],"rotation":0,"texture":"#0","tintindex":0},"north":{"uv":[9.4875,12.7625,9.0125,13.2375],"rotation":0,"texture":"#0","tintindex":0},"south":{"uv":[9.0125,12.7625,9.4875,13.2375],"rotation":0,"texture":"#0","tintindex":0},"up":{"uv":[0.0125,0.0125,0.4875,0.0125],"rotation":0,"texture":"#0","tintindex":0},"west":{"uv":[0.0125,0.0125,0.0125,0.4875],"rotation":0,"texture":"#0","tintindex":0}}}],"display":{"head":{"translation":[0.0,-6.4,0.0],"rotation":[0.0,0.0,0.0],"scale":[3.8095,3.8095,3.8095]}}}