{"textures":{"0":"modelengine:entity/kriger"},"elements":[{"name":"cube","from":[7.4,4.7,9.8],"to":[11.0,7.7,13.4],"rotation":{"angle":-22.5,"axis":"z","origin":[9.2,6.2,11.75]},"faces":{"down":{"uv":[11.5125,4.3875,12.2375,5.1125],"rotation":0,"texture":"#0","tintindex":0},"east":{"uv":[9.7375,12.1375,9.0125,12.7375],"rotation":0,"texture":"#0","tintindex":0},"north":{"uv":[12.7375,8.7625,12.0125,9.3625],"rotation":0,"texture":"#0","tintindex":0},"south":{"uv":[6.1125,12.1375,5.3875,12.7375],"rotation":0,"texture":"#0","tintindex":0},"up":{"uv":[11.5125,2.1125,12.2375,1.3875],"rotation":0,"texture":"#0","tintindex":0},"west":{"uv":[12.6125,12.0125,11.8875,12.6125],"rotation":0,"texture":"#0","tintindex":0}}},{"name":"cube","from":[7.9892106,5.2416553,8.6],"to":[9.789211,7.0416555,21.2],"rotation":{"angle":0.0,"axis":"z","origin":[8.889211,5.8416557,14.9]},"faces":{"down":{"uv":[1.8875,9.2625,2.2375,11.8625],"rotation":0,"texture":"#0","tintindex":0},"east":{"uv":[11.8625,4.0125,9.2625,4.3625],"rotation":0,"texture":"#0","tintindex":0},"north":{"uv":[12.2375,13.0125,11.8875,13.3625],"rotation":0,"texture":"#0","tintindex":0},"south":{"uv":[12.6125,13.0125,12.2625,13.3625],"rotation":0,"texture":"#0","tintindex":0},"up":{"uv":[4.3875,11.7375,4.7375,9.1375],"rotation":0,"texture":"#0","tintindex":0},"west":{"uv":[11.8625,3.6375,9.2625,3.9875],"rotation":0,"texture":"#0","tintindex":0}}},{"name":"cube","from":[5.75,5.1499996,5.6],"to":[12.35,6.35,7.3999996],"rotation":{"angle":-22.5,"axis":"z","origin":[9.2,6.2,11.75]},"faces":{"down":{"uv":[11.5125,2.1375,12.8625,2.4875],"rotation":0,"texture":"#0","tintindex":0},"east":{"uv":[4.3625,11.5125,4.0125,11.7375],"rotation":0,"texture":"#0","tintindex":0},"north":{"uv":[13.7375,9.3875,12.3875,9.6125],"rotation":0,"texture":"#0","tintindex":0},"south":{"uv":[13.7375,9.6375,12.3875,9.8625],"rotation":0,"texture":"#0","tintindex":0},"up":{"uv":[11.2625,7.8625,12.6125,7.5125],"rotation":0,"texture":"#0","tintindex":0},"west":{"uv":[6.3625,9.3875,6.0125,9.6125],"rotation":0,"texture":"#0","tintindex":0}}},{"name":"cube","from":[7.55,5.45,-16.0],"to":[10.55,6.05,4.3999996],"rotation":{"angle":-22.5,"axis":"z","origin":[9.2,6.2,11.75]},"faces":{"down":{"uv":[0.6375,1.8875,1.2375,6.1125],"rotation":0,"texture":"#0","tintindex":0},"east":{"uv":[14.9875,8.6375,10.7625,8.7375],"rotation":0,"texture":"#0","tintindex":0},"north":{"uv":[13.7375,2.8875,13.1375,2.9875],"rotation":0,"texture":"#0","tintindex":0},"south":{"uv":[13.7375,3.0125,13.1375,3.1125],"rotation":0,"texture":"#0","tintindex":0},"up":{"uv":[0.0125,6.1125,0.6125,1.8875],"rotation":0,"texture":"#0","tintindex":0},"west":{"uv":[13.7375,3.5125,9.5125,3.6125],"rotation":0,"texture":"#0","tintindex":0}}}],"display":{"head":{"translation":[0.0,-6.4,-14.0],"rotation":[0.0,0.0,0.0],"scale":[3.8095,3.8095,3.8095]}}}