{"textures":{"0":"modelengine:entity/kriger"},"elements":[{"name":"cube","from":[6.35,3.179678,7.9685683],"to":[9.35,7.3796782,11.568568],"rotation":{"angle":0.0,"axis":"x","origin":[8.0,6.6296787,9.918568]},"faces":{"down":{"uv":[1.8875,11.8875,2.4875,12.6125],"rotation":0,"texture":"#0","tintindex":0},"east":{"uv":[11.4875,4.3875,10.7625,5.2375],"rotation":0,"texture":"#0","tintindex":0},"north":{"uv":[10.8625,11.5125,10.2625,12.3625],"rotation":0,"texture":"#0","tintindex":0},"south":{"uv":[0.6125,11.6375,0.0125,12.4875],"rotation":0,"texture":"#0","tintindex":0},"up":{"uv":[7.5125,12.4875,8.1125,11.7625],"rotation":0,"texture":"#0","tintindex":0},"west":{"uv":[3.9875,10.7625,3.2625,11.6125],"rotation":0,"texture":"#0","tintindex":0}}},{"name":"cube","from":[6.95,-1.0203218,7.9685683],"to":[9.35,3.179678,10.368568],"rotation":{"angle":0.0,"axis":"x","origin":[8.0,6.6296787,9.918568]},"faces":{"down":{"uv":[12.7625,8.7625,13.2375,9.2375],"rotation":0,"texture":"#0","tintindex":0},"east":{"uv":[6.6125,12.1375,6.1375,12.9875],"rotation":0,"texture":"#0","tintindex":0},"north":{"uv":[2.9875,3.3875,2.5125,4.2375],"rotation":0,"texture":"#0","tintindex":0},"south":{"uv":[2.9875,11.8875,2.5125,12.7375],"rotation":0,"texture":"#0","tintindex":0},"up":{"uv":[12.7625,5.6125,13.2375,5.1375],"rotation":0,"texture":"#0","tintindex":0},"west":{"uv":[2.4875,5.2625,2.0125,6.1125],"rotation":0,"texture":"#0","tintindex":0}}}],"display":{"head":{"translation":[0.0,-6.4,0.0],"rotation":[0.0,0.0,0.0],"scale":[3.8095,3.8095,3.8095]}}}