{"textures":{"0":"modelengine:entity/kriger"},"elements":[{"name":"cube","from":[5.0,6.48186,5.1349993],"to":[11.0,10.08186,10.535],"rotation":{"angle":-22.5,"axis":"x","origin":[6.8,9.48186,9.934999]},"faces":{"down":{"uv":[7.4875,7.5125,6.2625,8.6125],"rotation":0,"texture":"#0","tintindex":0},"east":{"uv":[0.0125,10.0125,1.1125,10.7375],"rotation":0,"texture":"#0","tintindex":0},"north":{"uv":[9.2625,4.3875,10.4875,5.1125],"rotation":0,"texture":"#0","tintindex":0},"south":{"uv":[4.7625,9.3875,5.9875,10.1125],"rotation":0,"texture":"#0","tintindex":0},"up":{"uv":[8.7375,7.1125,7.5125,6.0125],"rotation":0,"texture":"#0","tintindex":0},"west":{"uv":[3.2625,10.0125,4.3625,10.7375],"rotation":0,"texture":"#0","tintindex":0}}},{"name":"cube","from":[3.7999997,7.9868793,3.6356323],"to":[12.2,10.386879,10.235632],"rotation":{"angle":-45.0,"axis":"x","origin":[8.6,9.78688,7.535632]},"faces":{"down":{"uv":[4.7375,2.8875,3.0125,4.2375],"rotation":0,"texture":"#0","tintindex":0},"east":{"uv":[10.5125,2.5125,11.8625,2.9875],"rotation":0,"texture":"#0","tintindex":0},"north":{"uv":[6.0125,9.6375,7.7375,10.1125],"rotation":0,"texture":"#0","tintindex":0},"south":{"uv":[7.7625,9.6375,9.4875,10.1125],"rotation":0,"texture":"#0","tintindex":0},"up":{"uv":[4.7375,2.8625,3.0125,1.5125],"rotation":0,"texture":"#0","tintindex":0},"west":{"uv":[10.5125,3.0125,11.8625,3.4875],"rotation":0,"texture":"#0","tintindex":0}}},{"name":"cube","from":[3.7999997,2.6534271,4.3536515],"to":[12.2,7.453428,4.3536515],"rotation":{"angle":0.0,"axis":"x","origin":[8.6,6.853428,8.253652]},"faces":{"down":{"uv":[1.7375,0.0125,0.0125,0.0125],"rotation":0,"texture":"#0","tintindex":0},"east":{"uv":[0.0125,0.0125,0.0125,0.9875],"rotation":0,"texture":"#0","tintindex":0},"north":{"uv":[4.7625,5.5125,6.4875,6.4875],"rotation":0,"texture":"#0","tintindex":0},"south":{"uv":[4.7625,5.5125,6.4875,6.4875],"rotation":0,"texture":"#0","tintindex":0},"up":{"uv":[1.7375,0.0125,0.0125,0.0125],"rotation":0,"texture":"#0","tintindex":0},"west":{"uv":[0.0125,0.0125,0.0125,0.9875],"rotation":0,"texture":"#0","tintindex":0}}},{"name":"cube","from":[5.6,9.472099,2.0953119],"to":[10.4,13.672099,9.295313],"rotation":{"angle":45.0,"axis":"x","origin":[8.0,10.804809,5.665744]},"faces":{"down":{"uv":[7.4875,6.0125,6.5125,7.4875],"rotation":0,"texture":"#0","tintindex":0},"east":{"uv":[9.4875,0.0125,8.0125,0.8625],"rotation":0,"texture":"#0","tintindex":0},"north":{"uv":[9.5125,2.6375,10.4875,3.4875],"rotation":0,"texture":"#0","tintindex":0},"south":{"uv":[9.5125,7.1375,10.4875,7.9875],"rotation":0,"texture":"#0","tintindex":0},"up":{"uv":[0.9875,7.6125,0.0125,6.1375],"rotation":0,"texture":"#0","tintindex":0},"west":{"uv":[8.0125,0.0125,9.4875,0.8625],"rotation":0,"texture":"#0","tintindex":0}}},{"name":"cube","from":[8.0,13.672099,2.0953119],"to":[8.0,14.8721,7.4953117],"rotation":{"angle":45.0,"axis":"x","origin":[8.0,10.804809,5.665744]},"faces":{"down":{"uv":[0.0125,0.0125,0.0125,1.1125],"rotation":0,"texture":"#0","tintindex":0},"east":{"uv":[12.6375,4.0125,13.7375,4.2375],"rotation":0,"texture":"#0","tintindex":0},"north":{"uv":[0.0125,0.0125,0.0125,0.2375],"rotation":0,"texture":"#0","tintindex":0},"south":{"uv":[0.0125,0.0125,0.0125,0.2375],"rotation":0,"texture":"#0","tintindex":0},"up":{"uv":[0.0125,1.1125,0.0125,0.0125],"rotation":0,"texture":"#0","tintindex":0},"west":{"uv":[12.6375,4.0125,13.7375,4.2375],"rotation":0,"texture":"#0","tintindex":0}}}],"display":{"head":{"translation":[0.0,-6.4,0.0],"rotation":[0.0,0.0,0.0],"scale":[3.8095,3.8095,3.8095]}}}