{"textures":{"0":"modelengine:entity/kriger"},"elements":[{"name":"cube","from":[3.7999997,2.0069656,0.8185477],"to":[12.2,8.006968,8.018548],"rotation":{"angle":0.0,"axis":"x","origin":[8.0,3.4548082,8.515743]},"faces":{"down":{"uv":[4.7375,0.0125,3.0125,1.4875],"rotation":0,"texture":"#0","tintindex":0},"east":{"uv":[5.5125,1.2625,6.9875,2.4875],"rotation":0,"texture":"#0","tintindex":0},"north":{"uv":[3.7625,4.2625,5.4875,5.4875],"rotation":0,"texture":"#0","tintindex":0},"south":{"uv":[4.7625,0.0125,6.4875,1.2375],"rotation":0,"texture":"#0","tintindex":0},"up":{"uv":[2.9875,3.3625,1.2625,1.8875],"rotation":0,"texture":"#0","tintindex":0},"west":{"uv":[6.9875,1.2625,5.5125,2.4875],"rotation":0,"texture":"#0","tintindex":0}}},{"name":"cube","from":[8.0,8.006968,0.8185477],"to":[8.0,9.206967,8.018548],"rotation":{"angle":0.0,"axis":"x","origin":[8.0,5.606966,4.4185476]},"faces":{"down":{"uv":[0.0125,0.0125,0.0125,1.4875],"rotation":0,"texture":"#0","tintindex":0},"east":{"uv":[12.2625,4.6375,13.7375,4.8625],"rotation":0,"texture":"#0","tintindex":0},"north":{"uv":[0.0125,0.0125,0.0125,0.2375],"rotation":0,"texture":"#0","tintindex":0},"south":{"uv":[0.0125,0.0125,0.0125,0.2375],"rotation":0,"texture":"#0","tintindex":0},"up":{"uv":[0.0125,1.4875,0.0125,0.0125],"rotation":0,"texture":"#0","tintindex":0},"west":{"uv":[12.2625,4.6375,13.7375,4.8625],"rotation":0,"texture":"#0","tintindex":0}}},{"name":"cube","from":[3.7999997,-0.99303436,0.8185477],"to":[3.7999997,2.0069656,8.018548],"rotation":{"angle":0.0,"axis":"x","origin":[8.0,3.4548082,8.515743]},"faces":{"down":{"uv":[0.0125,0.0125,0.0125,1.4875],"rotation":0,"texture":"#0","tintindex":0},"east":{"uv":[9.2625,5.1375,10.7375,5.7375],"rotation":0,"texture":"#0","tintindex":0},"north":{"uv":[0.0125,0.0125,0.0125,0.6125],"rotation":0,"texture":"#0","tintindex":0},"south":{"uv":[0.0125,0.0125,0.0125,0.6125],"rotation":0,"texture":"#0","tintindex":0},"up":{"uv":[0.0125,1.4875,0.0125,0.0125],"rotation":0,"texture":"#0","tintindex":0},"west":{"uv":[10.7375,5.1375,9.2625,5.7375],"rotation":0,"texture":"#0","tintindex":0}}},{"name":"cube","from":[12.2,-0.99303436,0.8185477],"to":[12.2,2.0069656,8.018548],"rotation":{"angle":0.0,"axis":"x","origin":[8.0,3.4548082,8.515743]},"faces":{"down":{"uv":[0.0125,0.0125,0.0125,1.4875],"rotation":0,"texture":"#0","tintindex":0},"east":{"uv":[9.2625,5.1375,10.7375,5.7375],"rotation":0,"texture":"#0","tintindex":0},"north":{"uv":[0.0125,0.0125,0.0125,0.6125],"rotation":0,"texture":"#0","tintindex":0},"south":{"uv":[0.0125,0.0125,0.0125,0.6125],"rotation":0,"texture":"#0","tintindex":0},"up":{"uv":[0.0125,1.4875,0.0125,0.0125],"rotation":0,"texture":"#0","tintindex":0},"west":{"uv":[10.7375,5.1375,9.2625,5.7375],"rotation":0,"texture":"#0","tintindex":0}}},{"name":"cube","from":[4.3999996,-2.0500002,-0.5500004],"to":[11.6,6.95,3.0499997],"rotation":{"angle":-22.5,"axis":"x","origin":[8.0,2.4499998,1.2499998]},"faces":{"down":{"uv":[9.7375,8.8875,8.2625,9.6125],"rotation":0,"texture":"#0","tintindex":0},"east":{"uv":[3.2625,7.2625,3.9875,9.1125],"rotation":0,"texture":"#0","tintindex":0},"north":{"uv":[0.0125,0.0125,1.4875,1.8625],"rotation":0,"texture":"#0","tintindex":0},"south":{"uv":[1.5125,0.0125,2.9875,1.8625],"rotation":0,"texture":"#0","tintindex":0},"up":{"uv":[10.2375,6.4875,8.7625,5.7625],"rotation":0,"texture":"#0","tintindex":0},"west":{"uv":[4.0125,7.2625,4.7375,9.1125],"rotation":0,"texture":"#0","tintindex":0}}},{"name":"cube","from":[3.7999997,-2.0500002,-0.5500004],"to":[4.3999996,6.95,-0.5500004],"rotation":{"angle":-22.5,"axis":"x","origin":[8.0,2.4499998,1.2499998]},"faces":{"down":{"uv":[8.3625,8.8875,8.2625,8.8875],"rotation":0,"texture":"#0","tintindex":0},"east":{"uv":[3.2625,7.2625,3.2625,9.1125],"rotation":0,"texture":"#0","tintindex":0},"north":{"uv":[15.8875,1.1375,15.9875,2.9875],"rotation":0,"texture":"#0","tintindex":0},"south":{"uv":[15.8875,1.1375,15.9875,2.9875],"rotation":0,"texture":"#0","tintindex":0},"up":{"uv":[8.8625,5.7625,8.7625,5.7625],"rotation":0,"texture":"#0","tintindex":0},"west":{"uv":[4.0125,7.2625,4.0125,9.1125],"rotation":0,"texture":"#0","tintindex":0}}},{"name":"cube","from":[11.6,-2.0500002,-0.5500004],"to":[12.2,6.95,-0.5500004],"rotation":{"angle":-22.5,"axis":"x","origin":[8.0,2.4499998,1.2499998]},"faces":{"down":{"uv":[8.2625,8.8875,8.3625,8.8875],"rotation":0,"texture":"#0","tintindex":0},"east":{"uv":[4.0125,7.2625,4.0125,9.1125],"rotation":0,"texture":"#0","tintindex":0},"north":{"uv":[15.9875,1.1375,15.8875,2.9875],"rotation":0,"texture":"#0","tintindex":0},"south":{"uv":[15.9875,1.1375,15.8875,2.9875],"rotation":0,"texture":"#0","tintindex":0},"up":{"uv":[8.7625,5.7625,8.8625,5.7625],"rotation":0,"texture":"#0","tintindex":0},"west":{"uv":[3.2625,7.2625,3.2625,9.1125],"rotation":0,"texture":"#0","tintindex":0}}},{"name":"cube","from":[6.2,1.5499997,-2.3500004],"to":[9.8,4.5499997,1.8499998],"rotation":{"angle":-22.5,"axis":"x","origin":[8.0,2.4499998,-0.25000024]},"faces":{"down":{"uv":[6.2375,10.5125,5.5125,11.3625],"rotation":0,"texture":"#0","tintindex":0},"east":{"uv":[11.5125,5.7625,12.3625,6.3625],"rotation":0,"texture":"#0","tintindex":0},"north":{"uv":[3.1375,11.6375,3.8625,12.2375],"rotation":0,"texture":"#0","tintindex":0},"south":{"uv":[11.6375,6.3875,12.3625,6.9875],"rotation":0,"texture":"#0","tintindex":0},"up":{"uv":[5.4875,11.3625,4.7625,10.5125],"rotation":0,"texture":"#0","tintindex":0},"west":{"uv":[9.3875,11.5125,10.2375,12.1125],"rotation":0,"texture":"#0","tintindex":0}}},{"name":"cube","from":[5.0,-3.8956728,-1.3796105],"to":[11.0,5.1043277,-1.3796105],"rotation":{"angle":0.0,"axis":"x","origin":[8.0,3.0043275,-0.47961068]},"faces":{"down":{"uv":[1.2375,0.0125,0.0125,0.0125],"rotation":0,"texture":"#0","tintindex":0},"east":{"uv":[0.0125,0.0125,0.0125,1.8625],"rotation":0,"texture":"#0","tintindex":0},"north":{"uv":[1.2625,3.3875,2.4875,5.2375],"rotation":0,"texture":"#0","tintindex":0},"south":{"uv":[2.4875,3.3875,1.2625,5.2375],"rotation":0,"texture":"#0","tintindex":0},"up":{"uv":[1.2375,0.0125,0.0125,0.0125],"rotation":0,"texture":"#0","tintindex":0},"west":{"uv":[0.0125,0.0125,0.0125,1.8625],"rotation":0,"texture":"#0","tintindex":0}}}],"display":{"head":{"translation":[0.0,-6.4,0.0],"rotation":[0.0,0.0,0.0],"scale":[3.8095,3.8095,3.8095]}}}