{"textures":{"0":"modelengine:entity/griffin_saddle","1":"modelengine:entity/werewolf_black"},"elements":[{"name":"cube","from":[5.4922023,0.277133,6.0115123],"to":[9.273211,9.099485,9.7925205],"rotation":{"angle":0.0,"axis":"x","origin":[-2.2285442,5.794408,2.4384527]},"faces":{"down":{"uv":[2.629,7.754,2.996,8.121],"rotation":0,"texture":"#1","tintindex":0},"east":{"uv":[2.621,5.629,2.254,6.496],"rotation":0,"texture":"#1","tintindex":0},"north":{"uv":[5.996,0.004,5.629,0.871],"rotation":0,"texture":"#1","tintindex":0},"south":{"uv":[2.121,5.629,1.754,6.496],"rotation":0,"texture":"#1","tintindex":0},"up":{"uv":[6.629,7.996,6.996,7.629],"rotation":0,"texture":"#1","tintindex":0},"west":{"uv":[1.621,5.629,1.254,6.496],"rotation":0,"texture":"#1","tintindex":0}}},{"name":"cube","from":[10.490921,5.0779443,6.0115123],"to":[10.490921,13.900298,9.7925205],"rotation":{"angle":-22.5,"axis":"z","origin":[-2.2285442,5.794408,2.4384527]},"faces":{"down":{"uv":[6.629,7.129,6.629,7.496],"rotation":0,"texture":"#1","tintindex":0},"east":{"uv":[5.996,5.004,5.629,5.871],"rotation":0,"texture":"#1","tintindex":0},"north":{"uv":[3.754,9.129,3.754,9.996],"rotation":0,"texture":"#1","tintindex":0},"south":{"uv":[3.879,9.129,3.879,9.996],"rotation":0,"texture":"#1","tintindex":0},"up":{"uv":[2.504,4.621,2.504,4.254],"rotation":0,"texture":"#1","tintindex":0},"west":{"uv":[5.629,5.004,5.996,5.871],"rotation":0,"texture":"#1","tintindex":0}}}],"display":{"head":{"translation":[0.0,-6.4,0.0],"rotation":[0.0,0.0,0.0],"scale":[3.8095,3.8095,3.8095]}}}