{"textures":{"0":"modelengine:entity/griffin_saddle","1":"modelengine:entity/werewolf"},"elements":[{"name":"cube","from":[5.479328,9.762615,8.595995],"to":[10.520672,14.80396,17.418346],"rotation":{"angle":22.5,"axis":"x","origin":[8.0,13.184976,-1.3716383]},"faces":{"down":{"uv":[3.121,3.754,2.629,4.621],"rotation":0,"texture":"#1","tintindex":0},"east":{"uv":[3.129,2.129,3.996,2.621],"rotation":0,"texture":"#1","tintindex":0},"north":{"uv":[6.504,3.629,6.996,4.121],"rotation":0,"texture":"#1","tintindex":0},"south":{"uv":[6.754,1.629,7.246,2.121],"rotation":0,"texture":"#1","tintindex":0},"up":{"uv":[4.121,3.621,3.629,2.754],"rotation":0,"texture":"#1","tintindex":0},"west":{"uv":[1.629,3.629,2.496,4.121],"rotation":0,"texture":"#1","tintindex":0}}},{"name":"cube","from":[2.9586558,12.283288,9.856331],"to":[13.041345,12.283288,22.45969],"rotation":{"angle":22.5,"axis":"x","origin":[8.0,13.184976,-1.3716383]},"faces":{"down":{"uv":[0.996,0.004,0.004,1.246],"rotation":0,"texture":"#1","tintindex":0},"east":{"uv":[9.004,6.879,10.246,6.879],"rotation":0,"texture":"#1","tintindex":0},"north":{"uv":[9.004,6.754,9.996,6.754],"rotation":0,"texture":"#1","tintindex":0},"south":{"uv":[9.004,7.004,9.996,7.004],"rotation":0,"texture":"#1","tintindex":0},"up":{"uv":[0.996,1.246,0.004,0.004],"rotation":0,"texture":"#1","tintindex":0},"west":{"uv":[9.004,7.504,10.246,7.504],"rotation":0,"texture":"#1","tintindex":0}}},{"name":"cube","from":[8.0,14.80396,8.595995],"to":[8.0,19.845303,17.418346],"rotation":{"angle":22.5,"axis":"x","origin":[8.0,13.184976,-1.3716383]},"faces":{"down":{"uv":[3.629,9.129,3.629,9.996],"rotation":0,"texture":"#1","tintindex":0},"east":{"uv":[3.254,3.754,4.121,4.246],"rotation":0,"texture":"#1","tintindex":0},"north":{"uv":[3.004,9.129,3.004,9.621],"rotation":0,"texture":"#1","tintindex":0},"south":{"uv":[3.129,9.129,3.129,9.621],"rotation":0,"texture":"#1","tintindex":0},"up":{"uv":[3.504,9.996,3.504,9.129],"rotation":0,"texture":"#1","tintindex":0},"west":{"uv":[0.004,4.129,0.871,4.621],"rotation":0,"texture":"#1","tintindex":0}}}],"display":{"head":{"translation":[0.0,-6.4,0.0],"rotation":[0.0,0.0,0.0],"scale":[3.8095,3.8095,3.8095]}}}