{"textures":{"0":"modelengine:entity/werewolf"},"elements":[{"name":"cube","from":[6.6645412,0.87745094,6.682024],"to":[10.477058,8.439466,11.723369],"rotation":{"angle":-22.5,"axis":"x","origin":[18.570007,5.5781574,6.782428]},"faces":{"down":{"uv":[7.746,1.629,7.379,2.121],"rotation":0,"texture":"#0","tintindex":0},"east":{"uv":[4.754,4.504,5.246,5.246],"rotation":0,"texture":"#0","tintindex":0},"north":{"uv":[1.129,6.629,1.496,7.371],"rotation":0,"texture":"#0","tintindex":0},"south":{"uv":[1.629,6.629,1.996,7.371],"rotation":0,"texture":"#0","tintindex":0},"up":{"uv":[7.621,7.371,7.254,6.879],"rotation":0,"texture":"#0","tintindex":0},"west":{"uv":[5.004,0.004,5.496,0.746],"rotation":0,"texture":"#0","tintindex":0}}},{"name":"cube","from":[7.9406314,0.87745094,11.723369],"to":[7.9406314,8.439466,16.764713],"rotation":{"angle":-22.5,"axis":"x","origin":[18.570007,5.5781574,6.782428]},"faces":{"down":{"uv":[6.504,9.004,6.504,9.496],"rotation":0,"texture":"#0","tintindex":0},"east":{"uv":[0.629,5.004,1.121,5.746],"rotation":0,"texture":"#0","tintindex":0},"north":{"uv":[6.254,9.004,6.254,9.746],"rotation":0,"texture":"#0","tintindex":0},"south":{"uv":[6.379,9.004,6.379,9.746],"rotation":0,"texture":"#0","tintindex":0},"up":{"uv":[4.129,2.621,4.129,2.129],"rotation":0,"texture":"#0","tintindex":0},"west":{"uv":[5.004,0.879,5.496,1.621],"rotation":0,"texture":"#0","tintindex":0}}}],"display":{"head":{"translation":[0.0,-6.4,0.0],"rotation":[0.0,0.0,0.0],"scale":[3.8095,3.8095,3.8095]}}}