{"textures":{"0":"modelengine:entity/werewolf"},"elements":[{"name":"cube","from":[6.419328,7.379098,9.9670105],"to":[9.5701685,11.160107,15.008354],"rotation":{"angle":22.5,"axis":"x","origin":[3.8162355,14.735658,5.8480825]},"faces":{"down":{"uv":[4.129,7.504,4.4375,7.996],"rotation":0,"texture":"#0","tintindex":0},"east":{"uv":[7.621,2.754,7.129,3.121],"rotation":0,"texture":"#0","tintindex":0},"north":{"uv":[1.1875,8.129,0.879,8.496],"rotation":0,"texture":"#0","tintindex":0},"south":{"uv":[1.6875,8.129,1.379,8.496],"rotation":0,"texture":"#0","tintindex":0},"up":{"uv":[3.629,7.996,3.9375,7.504],"rotation":0,"texture":"#0","tintindex":0},"west":{"uv":[5.496,7.004,5.004,7.371],"rotation":0,"texture":"#0","tintindex":0}}}],"display":{"head":{"translation":[0.0,-6.4,0.0],"rotation":[0.0,0.0,0.0],"scale":[3.8095,3.8095,3.8095]}}}