{"textures":{"0":"modelengine:entity/werewolf"},"elements":[{"name":"cube","from":[5.5352435,1.1620622,5.667244],"to":[9.946419,8.724078,10.708588],"rotation":{"angle":0.0,"axis":"x","origin":[5.1193533,9.663874,4.052927]},"faces":{"down":{"uv":[6.754,6.254,7.1875,6.746],"rotation":0,"texture":"#0","tintindex":0},"east":{"uv":[2.996,4.754,2.504,5.496],"rotation":0,"texture":"#0","tintindex":0},"north":{"uv":[5.4375,5.379,5.004,6.121],"rotation":0,"texture":"#0","tintindex":0},"south":{"uv":[0.4375,5.629,0.004,6.371],"rotation":0,"texture":"#0","tintindex":0},"up":{"uv":[6.754,6.121,7.1875,5.629],"rotation":0,"texture":"#0","tintindex":0},"west":{"uv":[0.496,4.754,0.004,5.496],"rotation":0,"texture":"#0","tintindex":0}}},{"name":"cube","from":[8.303926,2.4223983,-1.8780975],"to":[8.303926,8.724078,3.163246],"rotation":{"angle":-45.0,"axis":"y","origin":[5.1193533,9.663874,4.052927]},"faces":{"down":{"uv":[9.004,9.004,9.004,9.496],"rotation":0,"texture":"#0","tintindex":0},"east":{"uv":[6.621,6.379,6.129,6.996],"rotation":0,"texture":"#0","tintindex":0},"north":{"uv":[8.629,9.004,8.629,9.621],"rotation":0,"texture":"#0","tintindex":0},"south":{"uv":[8.754,9.004,8.754,9.621],"rotation":0,"texture":"#0","tintindex":0},"up":{"uv":[8.879,9.496,8.879,9.004],"rotation":0,"texture":"#0","tintindex":0},"west":{"uv":[6.129,6.379,6.621,6.996],"rotation":0,"texture":"#0","tintindex":0}}}],"display":{"head":{"translation":[0.0,-6.4,0.0],"rotation":[0.0,0.0,0.0],"scale":[3.8095,3.8095,3.8095]}}}