{"textures":{"0":"modelengine:entity/werewolf"},"elements":[{"name":"cube","from":[6.079905,5.585701,6.393071],"to":[9.860914,8.106373,10.17408],"rotation":{"angle":0.0,"axis":"x","origin":[-3.1610365,8.0498,2.8200119]},"faces":{"down":{"uv":[5.629,7.629,5.996,7.996],"rotation":0,"texture":"#0","tintindex":0},"east":{"uv":[8.496,7.379,8.129,7.621],"rotation":0,"texture":"#0","tintindex":0},"north":{"uv":[8.496,6.629,8.129,6.871],"rotation":0,"texture":"#0","tintindex":0},"south":{"uv":[7.496,8.129,7.129,8.371],"rotation":0,"texture":"#0","tintindex":0},"up":{"uv":[0.504,7.996,0.871,7.629],"rotation":0,"texture":"#0","tintindex":0},"west":{"uv":[8.496,7.004,8.129,7.246],"rotation":0,"texture":"#0","tintindex":0}}},{"name":"cube","from":[8.611656,3.1207283,6.393071],"to":[9.871992,5.6414003,7.6534076],"rotation":{"angle":0.0,"axis":"x","origin":[-3.1610365,8.0498,2.8200119]},"faces":{"down":{"uv":[8.879,2.254,8.996,2.371],"rotation":0,"texture":"#0","tintindex":0},"east":{"uv":[8.371,3.504,8.254,3.746],"rotation":0,"texture":"#0","tintindex":0},"north":{"uv":[5.996,2.004,5.879,2.246],"rotation":0,"texture":"#0","tintindex":0},"south":{"uv":[8.371,3.129,8.254,3.371],"rotation":0,"texture":"#0","tintindex":0},"up":{"uv":[2.254,8.996,2.371,8.879],"rotation":0,"texture":"#0","tintindex":0},"west":{"uv":[2.996,8.254,2.879,8.496],"rotation":0,"texture":"#0","tintindex":0}}},{"name":"cube","from":[8.567804,11.246057,6.5506134],"to":[9.513058,13.766728,7.4958653],"rotation":{"angle":-45.0,"axis":"z","origin":[-3.1610365,8.0498,2.8200119]},"faces":{"down":{"uv":[4.254,8.879,4.371,8.996],"rotation":0,"texture":"#0","tintindex":0},"east":{"uv":[8.496,3.879,8.379,4.121],"rotation":0,"texture":"#0","tintindex":0},"north":{"uv":[8.371,4.754,8.254,4.996],"rotation":0,"texture":"#0","tintindex":0},"south":{"uv":[6.496,8.254,6.379,8.496],"rotation":0,"texture":"#0","tintindex":0},"up":{"uv":[4.004,8.996,4.121,8.879],"rotation":0,"texture":"#0","tintindex":0},"west":{"uv":[6.246,8.254,6.129,8.496],"rotation":0,"texture":"#0","tintindex":0}}},{"name":"cube","from":[8.567804,11.246057,7.81095],"to":[9.513058,13.766728,8.756202],"rotation":{"angle":-45.0,"axis":"z","origin":[-3.1610365,8.0498,2.8200119]},"faces":{"down":{"uv":[4.754,8.879,4.871,8.996],"rotation":0,"texture":"#0","tintindex":0},"east":{"uv":[0.121,8.504,0.004,8.746],"rotation":0,"texture":"#0","tintindex":0},"north":{"uv":[8.496,4.254,8.379,4.496],"rotation":0,"texture":"#0","tintindex":0},"south":{"uv":[8.496,5.504,8.379,5.746],"rotation":0,"texture":"#0","tintindex":0},"up":{"uv":[4.504,8.996,4.621,8.879],"rotation":0,"texture":"#0","tintindex":0},"west":{"uv":[8.496,5.129,8.379,5.371],"rotation":0,"texture":"#0","tintindex":0}}},{"name":"cube","from":[8.611656,3.1207283,7.6534076],"to":[9.871992,5.6414003,8.913744],"rotation":{"angle":0.0,"axis":"x","origin":[-3.1610365,8.0498,2.8200119]},"faces":{"down":{"uv":[8.879,5.004,8.996,5.121],"rotation":0,"texture":"#0","tintindex":0},"east":{"uv":[8.621,3.129,8.504,3.371],"rotation":0,"texture":"#0","tintindex":0},"north":{"uv":[8.621,0.004,8.504,0.246],"rotation":0,"texture":"#0","tintindex":0},"south":{"uv":[2.746,8.504,2.629,8.746],"rotation":0,"texture":"#0","tintindex":0},"up":{"uv":[5.004,8.996,5.121,8.879],"rotation":0,"texture":"#0","tintindex":0},"west":{"uv":[2.496,8.504,2.379,8.746],"rotation":0,"texture":"#0","tintindex":0}}},{"name":"cube","from":[8.567804,11.246057,9.071285],"to":[9.513058,13.766728,10.016537],"rotation":{"angle":-45.0,"axis":"z","origin":[-3.1610365,8.0498,2.8200119]},"faces":{"down":{"uv":[8.879,5.254,8.996,5.371],"rotation":0,"texture":"#0","tintindex":0},"east":{"uv":[4.246,8.504,4.129,8.746],"rotation":0,"texture":"#0","tintindex":0},"north":{"uv":[8.621,3.504,8.504,3.746],"rotation":0,"texture":"#0","tintindex":0},"south":{"uv":[3.996,8.504,3.879,8.746],"rotation":0,"texture":"#0","tintindex":0},"up":{"uv":[5.254,8.996,5.371,8.879],"rotation":0,"texture":"#0","tintindex":0},"west":{"uv":[3.746,8.504,3.629,8.746],"rotation":0,"texture":"#0","tintindex":0}}},{"name":"cube","from":[8.611656,3.1207283,8.913744],"to":[9.871992,5.6414003,10.17408],"rotation":{"angle":0.0,"axis":"x","origin":[-3.1610365,8.0498,2.8200119]},"faces":{"down":{"uv":[8.879,5.504,8.996,5.621],"rotation":0,"texture":"#0","tintindex":0},"east":{"uv":[4.996,8.504,4.879,8.746],"rotation":0,"texture":"#0","tintindex":0},"north":{"uv":[4.496,8.504,4.379,8.746],"rotation":0,"texture":"#0","tintindex":0},"south":{"uv":[8.621,4.629,8.504,4.871],"rotation":0,"texture":"#0","tintindex":0},"up":{"uv":[5.504,8.996,5.621,8.879],"rotation":0,"texture":"#0","tintindex":0},"west":{"uv":[4.746,8.504,4.629,8.746],"rotation":0,"texture":"#0","tintindex":0}}}],"display":{"head":{"translation":[0.0,-6.4,0.0],"rotation":[0.0,0.0,0.0],"scale":[3.8095,3.8095,3.8095]}}}