{"textures":{"0":"modelengine:entity/nocsy_fpv2_ghoul"},"elements":[{"name":"cube","from":[5.3,8.270707,4.1240773],"to":[10.700001,13.070708,8.924077],"rotation":{"angle":0.0,"axis":"x","origin":[8.3,3.236396,5.272132]},"faces":{"down":{"uv":[1.125,3.375,0.0,4.375],"rotation":0,"texture":"#0","tintindex":0},"east":{"uv":[4.625,2.5,5.625,3.5],"rotation":0,"texture":"#0","tintindex":0},"north":{"uv":[0.0,2.25,1.125,3.25],"rotation":0,"texture":"#0","tintindex":0},"south":{"uv":[1.25,2.25,2.375,3.25],"rotation":0,"texture":"#0","tintindex":0},"up":{"uv":[3.625,3.25,2.5,2.25],"rotation":0,"texture":"#0","tintindex":0},"west":{"uv":[3.375,4.625,4.375,5.625],"rotation":0,"texture":"#0","tintindex":0}}},{"name":"cube","from":[9.280865,8.270707,3.1728911],"to":[9.280865,13.070708,6.172891],"rotation":{"angle":45.0,"axis":"y","origin":[7.5175953,10.436396,3.4361598]},"faces":{"down":{"uv":[6.0,10.375,6.0,11.0],"rotation":0,"texture":"#0","tintindex":0},"east":{"uv":[2.625,5.875,3.25,6.875],"rotation":0,"texture":"#0","tintindex":0},"north":{"uv":[2.375,10.375,2.375,11.375],"rotation":0,"texture":"#0","tintindex":0},"south":{"uv":[2.5,10.375,2.5,11.375],"rotation":0,"texture":"#0","tintindex":0},"up":{"uv":[2.625,11.0,2.625,10.375],"rotation":0,"texture":"#0","tintindex":0},"west":{"uv":[1.875,7.125,2.5,8.125],"rotation":0,"texture":"#0","tintindex":0}}},{"name":"cube","from":[6.7191358,8.270707,3.1728911],"to":[6.7191358,13.070708,6.172891],"rotation":{"angle":-45.0,"axis":"y","origin":[8.482405,10.436396,3.4361598]},"faces":{"down":{"uv":[10.375,6.375,10.375,7.0],"rotation":0,"texture":"#0","tintindex":0},"east":{"uv":[7.25,3.5,7.875,4.5],"rotation":0,"texture":"#0","tintindex":0},"north":{"uv":[6.125,10.375,6.125,11.375],"rotation":0,"texture":"#0","tintindex":0},"south":{"uv":[6.25,10.375,6.25,11.375],"rotation":0,"texture":"#0","tintindex":0},"up":{"uv":[6.375,11.0,6.375,10.375],"rotation":0,"texture":"#0","tintindex":0},"west":{"uv":[4.625,7.25,5.25,8.25],"rotation":0,"texture":"#0","tintindex":0}}},{"name":"cube","from":[8.0,8.270707,4.1240773],"to":[8.0,13.070708,13.124078],"rotation":{"angle":0.0,"axis":"x","origin":[5.6,3.236396,5.272132]},"faces":{"down":{"uv":[6.875,10.375,6.875,12.25],"rotation":0,"texture":"#0","tintindex":0},"east":{"uv":[0.0,0.0,1.875,1.0],"rotation":0,"texture":"#0","tintindex":0},"north":{"uv":[6.5,10.375,6.5,11.375],"rotation":0,"texture":"#0","tintindex":0},"south":{"uv":[6.625,10.375,6.625,11.375],"rotation":0,"texture":"#0","tintindex":0},"up":{"uv":[6.75,12.25,6.75,10.375],"rotation":0,"texture":"#0","tintindex":0},"west":{"uv":[0.0,1.125,1.875,2.125],"rotation":0,"texture":"#0","tintindex":0}}},{"name":"cube","from":[5.8999996,11.7653475,3.6745458],"to":[10.1,15.365348,7.2745457],"rotation":{"angle":-45.0,"axis":"x","origin":[8.0,14.036396,6.4721317]},"faces":{"down":{"uv":[4.5,7.125,3.625,7.875],"rotation":0,"texture":"#0","tintindex":0},"east":{"uv":[3.75,2.5,4.5,3.25],"rotation":0,"texture":"#0","tintindex":0},"north":{"uv":[2.625,7.0,3.5,7.75],"rotation":0,"texture":"#0","tintindex":0},"south":{"uv":[6.875,7.0,7.75,7.75],"rotation":0,"texture":"#0","tintindex":0},"up":{"uv":[1.75,7.875,0.875,7.125],"rotation":0,"texture":"#0","tintindex":0},"west":{"uv":[7.5,0.0,8.25,0.75],"rotation":0,"texture":"#0","tintindex":0}}},{"name":"cube","from":[8.0,10.565348,3.6745458],"to":[8.0,15.365348,11.474546],"rotation":{"angle":-45.0,"axis":"x","origin":[10.1,14.036396,6.4721317]},"faces":{"down":{"uv":[0.875,10.625,0.875,12.25],"rotation":0,"texture":"#0","tintindex":0},"east":{"uv":[2.0,0.0,3.625,1.0],"rotation":0,"texture":"#0","tintindex":0},"north":{"uv":[0.5,10.625,0.5,11.625],"rotation":0,"texture":"#0","tintindex":0},"south":{"uv":[0.625,10.625,0.625,11.625],"rotation":0,"texture":"#0","tintindex":0},"up":{"uv":[0.75,12.25,0.75,10.625],"rotation":0,"texture":"#0","tintindex":0},"west":{"uv":[2.0,1.125,3.625,2.125],"rotation":0,"texture":"#0","tintindex":0}}}],"display":{"head":{"translation":[0.0,-6.4,0.0],"rotation":[0.0,0.0,0.0],"scale":[3.8095,3.8095,3.8095]}}}