{"textures":{"0":"modelengine:entity/griffin"},"elements":[{"name":"cube","from":[-1.5884619,7.0805025,2.8933198],"to":[8.006285,8.819551,7.690694],"rotation":{"angle":0.0,"axis":"x","origin":[5.1688385,3.8173604,7.338027]},"faces":{"down":{"uv":[5.121,0.879,4.129,1.371],"rotation":0,"texture":"#0","tintindex":0},"east":{"uv":[1.629,7.754,2.121,7.9375],"rotation":0,"texture":"#0","tintindex":0},"north":{"uv":[7.129,2.254,8.121,2.4375],"rotation":0,"texture":"#0","tintindex":0},"south":{"uv":[7.129,2.629,8.121,2.8125],"rotation":0,"texture":"#0","tintindex":0},"up":{"uv":[4.996,3.121,4.004,2.629],"rotation":0,"texture":"#0","tintindex":0},"west":{"uv":[8.004,4.129,8.496,4.3125],"rotation":0,"texture":"#0","tintindex":0}}},{"name":"cube","from":[-1.6068921,8.249864,5.2946944],"to":[7.987855,8.249864,18.487473],"rotation":{"angle":0.0,"axis":"x","origin":[5.1688385,3.8173604,7.338027]},"faces":{"down":{"uv":[0.996,0.004,0.004,1.371],"rotation":0,"texture":"#0","tintindex":0},"east":{"uv":[4.504,8.879,5.871,8.879],"rotation":0,"texture":"#0","tintindex":0},"north":{"uv":[8.879,4.379,9.871,4.379],"rotation":0,"texture":"#0","tintindex":0},"south":{"uv":[8.879,4.504,9.871,4.504],"rotation":0,"texture":"#0","tintindex":0},"up":{"uv":[0.996,1.371,0.004,0.004],"rotation":0,"texture":"#0","tintindex":0},"west":{"uv":[8.879,4.629,10.246,4.629],"rotation":0,"texture":"#0","tintindex":0}}}],"display":{"head":{"translation":[0.0,-6.4,0.0],"rotation":[0.0,0.0,0.0],"scale":[3.8095,3.8095,3.8095]}}}