{"textures":{"0":"modelengine:entity/griffin"},"elements":[{"name":"cube","from":[2.5434992,7.025533,9.211234],"to":[9.739559,8.824549,14.008609],"rotation":{"angle":22.5,"axis":"y","origin":[0.05699992,3.7923746,12.596943]},"faces":{"down":{"uv":[6.746,0.004,6.004,0.496],"rotation":0,"texture":"#0","tintindex":0},"east":{"uv":[1.004,7.754,1.496,7.9375],"rotation":0,"texture":"#0","tintindex":0},"north":{"uv":[7.379,0.004,8.121,0.1875],"rotation":0,"texture":"#0","tintindex":0},"south":{"uv":[7.379,0.379,8.121,0.5625],"rotation":0,"texture":"#0","tintindex":0},"up":{"uv":[5.996,6.371,5.254,5.879],"rotation":0,"texture":"#0","tintindex":0},"west":{"uv":[7.754,1.129,8.246,1.3125],"rotation":0,"texture":"#0","tintindex":0}}},{"name":"cube","from":[2.8760164,8.224877,10.733512],"to":[8.872733,8.224877,23.926289],"rotation":{"angle":0.0,"axis":"x","origin":[0.05699992,3.7923746,12.596943]},"faces":{"down":{"uv":[2.871,2.254,2.254,3.621],"rotation":0,"texture":"#0","tintindex":0},"east":{"uv":[8.879,3.004,10.246,3.004],"rotation":0,"texture":"#0","tintindex":0},"north":{"uv":[8.879,2.879,9.496,2.879],"rotation":0,"texture":"#0","tintindex":0},"south":{"uv":[3.754,8.879,4.371,8.879],"rotation":0,"texture":"#0","tintindex":0},"up":{"uv":[2.871,3.621,2.254,2.254],"rotation":0,"texture":"#0","tintindex":0},"west":{"uv":[8.879,4.254,10.246,4.254],"rotation":0,"texture":"#0","tintindex":0}}}],"display":{"head":{"translation":[0.0,-6.4,0.0],"rotation":[0.0,0.0,0.0],"scale":[3.8095,3.8095,3.8095]}}}