{"textures":{"0":"modelengine:entity/griffin"},"elements":[{"name":"cube","from":[4.0263786,-0.6974151,4.216366],"to":[11.22244,6.498645,11.412426],"rotation":{"angle":45.0,"axis":"x","origin":[-4.265675,7.4246106,15.608539]},"faces":{"down":{"uv":[4.621,3.254,3.879,3.996],"rotation":0,"texture":"#0","tintindex":0},"east":{"uv":[3.254,0.879,3.996,1.621],"rotation":0,"texture":"#0","tintindex":0},"north":{"uv":[3.254,0.004,3.996,0.746],"rotation":0,"texture":"#0","tintindex":0},"south":{"uv":[3.004,3.254,3.746,3.996],"rotation":0,"texture":"#0","tintindex":0},"up":{"uv":[2.371,4.496,1.629,3.754],"rotation":0,"texture":"#0","tintindex":0},"west":{"uv":[0.754,3.504,1.496,4.246],"rotation":0,"texture":"#0","tintindex":0}}},{"name":"cube","from":[4.0263786,9.1186075,4.6423388],"to":[11.22244,12.716638,4.6423388],"rotation":{"angle":-22.5,"axis":"x","origin":[-4.265675,7.4246106,15.608539]},"faces":{"down":{"uv":[9.621,2.754,8.879,2.754],"rotation":0,"texture":"#0","tintindex":0},"east":{"uv":[3.504,8.879,3.504,9.246],"rotation":0,"texture":"#0","tintindex":0},"north":{"uv":[6.504,4.129,7.246,4.496],"rotation":0,"texture":"#0","tintindex":0},"south":{"uv":[7.246,4.129,6.504,4.496],"rotation":0,"texture":"#0","tintindex":0},"up":{"uv":[9.621,1.379,8.879,1.379],"rotation":0,"texture":"#0","tintindex":0},"west":{"uv":[3.629,8.879,3.629,9.246],"rotation":0,"texture":"#0","tintindex":0}}}],"display":{"head":{"translation":[0.0,-6.4,0.0],"rotation":[0.0,0.0,0.0],"scale":[3.8095,3.8095,3.8095]}}}