{"textures":{"0":"modelengine:entity/griffin"},"elements":[{"name":"cube","from":[7.1004925,13.374789,9.457336],"to":[8.8995075,15.173803,15.454054],"rotation":{"angle":22.5,"axis":"x","origin":[19.890083,15.824488,-6.7567835]},"faces":{"down":{"uv":[7.629,7.379,7.8125,7.996],"rotation":0,"texture":"#0","tintindex":0},"east":{"uv":[8.246,7.004,7.629,7.1875],"rotation":0,"texture":"#0","tintindex":0},"north":{"uv":[8.8125,3.129,8.629,3.3125],"rotation":0,"texture":"#0","tintindex":0},"south":{"uv":[8.8125,3.504,8.629,3.6875],"rotation":0,"texture":"#0","tintindex":0},"up":{"uv":[6.879,8.246,7.0625,7.629],"rotation":0,"texture":"#0","tintindex":0},"west":{"uv":[8.246,6.629,7.629,6.8125],"rotation":0,"texture":"#0","tintindex":0}}}],"display":{"head":{"translation":[0.0,-6.4,0.0],"rotation":[0.0,0.0,0.0],"scale":[3.8095,3.8095,3.8095]}}}