{"textures":{"0":"modelengine:entity/lr_yeti"},"elements":[{"name":"cube","from":[-1.6000004,1.6999998,1.9999998],"to":[8.0,11.900001,14.0],"rotation":{"angle":0.0,"axis":"x","origin":[5.6,7.1,6.2]},"faces":{"down":{"uv":[8.0625,5.625,7.0625,6.875],"rotation":0,"texture":"#0","tintindex":0},"east":{"uv":[3.3125,6.5,4.5625,7.5625],"rotation":0,"texture":"#0","tintindex":0},"north":{"uv":[5.0,7.5625,6.0,8.625],"rotation":0,"texture":"#0","tintindex":0},"south":{"uv":[6.0,7.9375,7.0,9.0],"rotation":0,"texture":"#0","tintindex":0},"up":{"uv":[8.0625,5.625,7.0625,4.375],"rotation":0,"texture":"#0","tintindex":0},"west":{"uv":[4.5625,6.5,5.8125,7.5625],"rotation":0,"texture":"#0","tintindex":0}}},{"name":"cube","from":[-0.40000033,-6.700001,1.9999998],"to":[6.8,1.6999998,12.8],"rotation":{"angle":0.0,"axis":"x","origin":[5.6,-3.1000004,6.2]},"faces":{"down":{"uv":[4.4375,8.6875,3.6875,9.8125],"rotation":0,"texture":"#0","tintindex":0},"east":{"uv":[0.0,8.1875,1.125,9.0625],"rotation":0,"texture":"#0","tintindex":0},"north":{"uv":[6.0,9.0,6.75,9.875],"rotation":0,"texture":"#0","tintindex":0},"south":{"uv":[0.0,9.0625,0.75,9.9375],"rotation":0,"texture":"#0","tintindex":0},"up":{"uv":[3.6875,9.8125,2.9375,8.6875],"rotation":0,"texture":"#0","tintindex":0},"west":{"uv":[8.1875,0.0,9.3125,0.875],"rotation":0,"texture":"#0","tintindex":0}}},{"name":"cube","from":[8.072792,-5.500001,12.272793],"to":[8.072792,1.6999998,15.872793],"rotation":{"angle":45.0,"axis":"y","origin":[8.072792,1.0999997,14.072793]},"faces":{"down":{"uv":[0.0,0.0,0.0,0.375],"rotation":0,"texture":"#0","tintindex":0},"east":{"uv":[8.0625,8.9375,7.6875,9.6875],"rotation":0,"texture":"#0","tintindex":0},"north":{"uv":[0.0,0.0,0.0,0.75],"rotation":0,"texture":"#0","tintindex":0},"south":{"uv":[0.0,0.0,0.0,0.75],"rotation":0,"texture":"#0","tintindex":0},"up":{"uv":[0.0,0.375,0.0,0.0],"rotation":0,"texture":"#0","tintindex":0},"west":{"uv":[7.6875,8.9375,8.0625,9.6875],"rotation":0,"texture":"#0","tintindex":0}}},{"name":"cube","from":[-2.2888293,1.6999998,13.862984],"to":[-2.2888293,11.900001,17.462984],"rotation":{"angle":-22.5,"axis":"y","origin":[-2.2888293,11.3,15.662984]},"faces":{"down":{"uv":[0.0,0.0,0.0,0.375],"rotation":0,"texture":"#0","tintindex":0},"east":{"uv":[8.5625,10.3125,8.1875,11.375],"rotation":0,"texture":"#0","tintindex":0},"north":{"uv":[0.0,0.0,0.0,1.0625],"rotation":0,"texture":"#0","tintindex":0},"south":{"uv":[0.0,0.0,0.0,1.0625],"rotation":0,"texture":"#0","tintindex":0},"up":{"uv":[0.0,0.375,0.0,0.0],"rotation":0,"texture":"#0","tintindex":0},"west":{"uv":[8.1875,10.3125,8.5625,11.375],"rotation":0,"texture":"#0","tintindex":0}}},{"name":"cube","from":[-2.8000002,-8.500001,6.2],"to":[-0.40000033,2.2999997,17.0],"rotation":{"angle":22.5,"axis":"y","origin":[-1.6000004,-5.500001,11.6]},"faces":{"down":{"uv":[3.25,10.4375,3.0,11.5625],"rotation":0,"texture":"#0","tintindex":0},"east":{"uv":[0.0,7.0625,1.125,8.1875],"rotation":0,"texture":"#0","tintindex":0},"north":{"uv":[6.5,10.375,6.75,11.5],"rotation":0,"texture":"#0","tintindex":0},"south":{"uv":[2.5,10.4375,2.75,11.5625],"rotation":0,"texture":"#0","tintindex":0},"up":{"uv":[3.0,11.5625,2.75,10.4375],"rotation":0,"texture":"#0","tintindex":0},"west":{"uv":[7.0625,0.0,8.1875,1.125],"rotation":0,"texture":"#0","tintindex":0}}},{"name":"cube","from":[-10.6,-8.500001,11.6],"to":[-1.0000005,1.0999997,11.6],"rotation":{"angle":22.5,"axis":"y","origin":[-1.6000004,-5.500001,11.6]},"faces":{"down":{"uv":[4.0,10.4375,3.0,10.4375],"rotation":0,"texture":"#0","tintindex":0},"east":{"uv":[0.0,7.0625,0.0,8.0625],"rotation":0,"texture":"#0","tintindex":0},"north":{"uv":[0.0,3.5,1.0,4.5],"rotation":0,"texture":"#0","tintindex":0},"south":{"uv":[1.0,3.5,0.0,4.5],"rotation":0,"texture":"#0","tintindex":0},"up":{"uv":[3.75,10.4375,2.75,10.4375],"rotation":0,"texture":"#0","tintindex":0},"west":{"uv":[7.0625,0.0,7.0625,1.0],"rotation":0,"texture":"#0","tintindex":0}}},{"name":"cube","from":[-2.0174294,-7.3,1.6125543],"to":[-2.0174294,-0.7000003,8.212554],"rotation":{"angle":-45.0,"axis":"y","origin":[-2.0174294,-2.2000003,4.3125544]},"faces":{"down":{"uv":[0.0,0.0,0.0,0.6875],"rotation":0,"texture":"#0","tintindex":0},"east":{"uv":[7.625,10.0,6.9375,10.6875],"rotation":0,"texture":"#0","tintindex":0},"north":{"uv":[0.0,0.0,0.0,0.6875],"rotation":0,"texture":"#0","tintindex":0},"south":{"uv":[0.0,0.0,0.0,0.6875],"rotation":0,"texture":"#0","tintindex":0},"up":{"uv":[0.0,0.6875,0.0,0.0],"rotation":0,"texture":"#0","tintindex":0},"west":{"uv":[6.9375,10.0,7.625,10.6875],"rotation":0,"texture":"#0","tintindex":0}}},{"name":"cube","from":[0.7839093,-7.9000006,14.220117],"to":[6.1839094,-0.10000038,14.220117],"rotation":{"angle":45.0,"axis":"y","origin":[3.4839094,-4.0000005,14.220117]},"faces":{"down":{"uv":[0.5625,0.0,0.0,0.0],"rotation":0,"texture":"#0","tintindex":0},"east":{"uv":[0.0,0.0,0.0,0.8125],"rotation":0,"texture":"#0","tintindex":0},"north":{"uv":[10.8125,3.375,10.25,4.1875],"rotation":0,"texture":"#0","tintindex":0},"south":{"uv":[10.25,3.375,10.8125,4.1875],"rotation":0,"texture":"#0","tintindex":0},"up":{"uv":[0.5625,0.0,0.0,0.0],"rotation":0,"texture":"#0","tintindex":0},"west":{"uv":[0.0,0.0,0.0,0.8125],"rotation":0,"texture":"#0","tintindex":0}}}],"display":{"head":{"translation":[0.0,-6.4,0.0],"rotation":[0.0,0.0,0.0],"scale":[3.8095,3.8095,3.8095]}}}