{"textures":{"0":"modelengine:entity/lr_yeti"},"elements":[{"name":"cube","from":[9.8,-13.600001,7.1],"to":[12.8,-4.0000005,8.9],"rotation":{"angle":0.0,"axis":"x","origin":[8.0,-25.600002,7.7]},"faces":{"down":{"uv":[12.4375,1.625,12.75,1.8125],"rotation":0,"texture":"#0","tintindex":0},"east":{"uv":[12.25,1.625,12.4375,2.625],"rotation":0,"texture":"#0","tintindex":0},"north":{"uv":[11.75,1.625,12.0625,2.625],"rotation":0,"texture":"#0","tintindex":0},"south":{"uv":[11.4375,1.625,11.75,2.625],"rotation":0,"texture":"#0","tintindex":0},"up":{"uv":[12.4375,1.8125,12.75,2.0],"rotation":0,"texture":"#0","tintindex":0},"west":{"uv":[12.0625,1.625,12.25,2.625],"rotation":0,"texture":"#0","tintindex":0}}},{"name":"cube","from":[3.1999998,-13.600001,7.1],"to":[6.2,-4.0000005,8.9],"rotation":{"angle":0.0,"axis":"x","origin":[1.3999997,-25.600002,7.7]},"faces":{"down":{"uv":[13.1875,1.625,13.5,1.8125],"rotation":0,"texture":"#0","tintindex":0},"east":{"uv":[14.0,0.625,14.1875,1.625],"rotation":0,"texture":"#0","tintindex":0},"north":{"uv":[13.5,0.625,13.8125,1.625],"rotation":0,"texture":"#0","tintindex":0},"south":{"uv":[13.1875,0.625,13.5,1.625],"rotation":0,"texture":"#0","tintindex":0},"up":{"uv":[13.5,1.625,13.8125,1.8125],"rotation":0,"texture":"#0","tintindex":0},"west":{"uv":[13.8125,0.625,14.0,1.625],"rotation":0,"texture":"#0","tintindex":0}}},{"name":"cube","from":[6.2,-13.600001,7.1],"to":[9.8,-10.599999,8.9],"rotation":{"angle":0.0,"axis":"x","origin":[1.3999997,-32.2,7.7]},"faces":{"down":{"uv":[13.625,0.0,14.0,0.1875],"rotation":0,"texture":"#0","tintindex":0},"east":{"uv":[13.0625,0.3125,13.25,0.625],"rotation":0,"texture":"#0","tintindex":0},"north":{"uv":[13.25,0.3125,13.625,0.625],"rotation":0,"texture":"#0","tintindex":0},"south":{"uv":[13.25,0.0,13.625,0.3125],"rotation":0,"texture":"#0","tintindex":0},"up":{"uv":[13.625,0.1875,14.0,0.375],"rotation":0,"texture":"#0","tintindex":0},"west":{"uv":[13.0625,0.0,13.25,0.3125],"rotation":0,"texture":"#0","tintindex":0}}},{"name":"cube","from":[6.2,-7.5999994,6.5],"to":[9.8,-3.4000006,9.5],"rotation":{"angle":0.0,"axis":"x","origin":[1.3999997,-25.600002,7.7]},"faces":{"down":{"uv":[12.1875,0.75,12.5625,1.0625],"rotation":0,"texture":"#0","tintindex":0},"east":{"uv":[12.875,0.75,13.1875,1.1875],"rotation":0,"texture":"#0","tintindex":0},"north":{"uv":[11.8125,0.75,12.1875,1.1875],"rotation":0,"texture":"#0","tintindex":0},"south":{"uv":[11.4375,0.75,11.8125,1.1875],"rotation":0,"texture":"#0","tintindex":0},"up":{"uv":[12.1875,1.0625,12.5625,1.375],"rotation":0,"texture":"#0","tintindex":0},"west":{"uv":[12.5625,0.75,12.875,1.1875],"rotation":0,"texture":"#0","tintindex":0}}},{"name":"cube","from":[1.3999997,-5.2,8.0],"to":[14.6,8.0,8.0],"rotation":{"angle":0.0,"axis":"x","origin":[1.3999997,-25.600002,7.4]},"faces":{"down":{"uv":[0.0,0.0,1.375,0.0],"rotation":0,"texture":"#0","tintindex":0},"east":{"uv":[0.0,0.0,0.0,1.375],"rotation":0,"texture":"#0","tintindex":0},"north":{"uv":[14.625,0.0,16.0,1.375],"rotation":0,"texture":"#0","tintindex":0},"south":{"uv":[14.625,0.0,16.0,1.375],"rotation":0,"texture":"#0","tintindex":0},"up":{"uv":[0.0,0.0,1.375,0.0],"rotation":0,"texture":"#0","tintindex":0},"west":{"uv":[0.0,0.0,0.0,1.375],"rotation":0,"texture":"#0","tintindex":0}}},{"name":"cube","from":[1.3999997,-2.8000002,7.1],"to":[14.6,-1.0000005,8.9],"rotation":{"angle":0.0,"axis":"x","origin":[8.0,-2.8000002,7.7]},"faces":{"down":{"uv":[11.4375,0.1875,12.8125,0.375],"rotation":0,"texture":"#0","tintindex":0},"east":{"uv":[12.8125,0.1875,13.0,0.375],"rotation":0,"texture":"#0","tintindex":0},"north":{"uv":[11.4375,0.0,12.8125,0.1875],"rotation":0,"texture":"#0","tintindex":0},"south":{"uv":[11.4375,0.5625,12.8125,0.75],"rotation":0,"texture":"#0","tintindex":0},"up":{"uv":[11.4375,0.375,12.8125,0.5625],"rotation":0,"texture":"#0","tintindex":0},"west":{"uv":[12.8125,0.0,13.0,0.1875],"rotation":0,"texture":"#0","tintindex":0}}}],"display":{"head":{"translation":[0.0,-6.4,0.0],"rotation":[0.0,0.0,0.0],"scale":[3.8095,3.8095,3.8095]}}}