{"textures":{"0":"modelengine:entity/glume_vines"},"elements":[{"name":"cube","from":[-7.042857,8.0,-6.957144],"to":[22.957146,16.400002,23.042858],"rotation":{"angle":0.0,"axis":"x","origin":[8.557143,-8.8,8.642857]},"faces":{"down":{"uv":[6.373,4.9395,4.9395,6.623],"rotation":0,"texture":"#0","tintindex":0},"east":{"uv":[9.502,0.377,11.1855,0.873],"rotation":0,"texture":"#0","tintindex":0},"north":{"uv":[7.8145,10.3145,9.248,10.8105],"rotation":0,"texture":"#0","tintindex":0},"south":{"uv":[9.252,10.3145,10.6855,10.8105],"rotation":0,"texture":"#0","tintindex":0},"up":{"uv":[6.373,4.9355,4.9395,3.252],"rotation":0,"texture":"#0","tintindex":0},"west":{"uv":[10.002,3.752,11.6855,4.248],"rotation":0,"texture":"#0","tintindex":0}}}],"display":{"head":{"translation":[0.0,-6.4,0.0],"rotation":[0.0,0.0,0.0],"scale":[3.8095,3.8095,3.8095]}}}