{"textures":{"0":"modelengine:entity/glume_vines"},"elements":[{"name":"cube","from":[-0.5429611,1.5018821,3.2861443],"to":[16.85704,17.101883,17.686146],"rotation":{"angle":22.5,"axis":"x","origin":[10.557039,9.301883,10.486145]},"faces":{"down":{"uv":[4.9355,4.752,3.127,6.248],"rotation":0,"texture":"#0","tintindex":0},"east":{"uv":[6.4355,1.627,4.9395,3.248],"rotation":0,"texture":"#0","tintindex":0},"north":{"uv":[3.127,0.002,4.9355,1.623],"rotation":0,"texture":"#0","tintindex":0},"south":{"uv":[3.127,1.627,4.9355,3.248],"rotation":0,"texture":"#0","tintindex":0},"up":{"uv":[4.9355,4.748,3.127,3.252],"rotation":0,"texture":"#0","tintindex":0},"west":{"uv":[4.9395,1.627,6.4355,3.248],"rotation":0,"texture":"#0","tintindex":0}}},{"name":"cube","from":[-0.5429611,-3.5490584,0.84928083],"to":[16.85704,4.8509417,0.84928083],"rotation":{"angle":0.0,"axis":"x","origin":[10.557039,1.2509418,8.049281]},"faces":{"down":{"uv":[1.8105,-0.001,0.002,-0.06875],"rotation":0,"texture":"#0","tintindex":0},"east":{"uv":[-0.001,0.002,-0.06875,0.873],"rotation":0,"texture":"#0","tintindex":0},"north":{"uv":[7.6895,0.002,9.498,0.873],"rotation":0,"texture":"#0","tintindex":0},"south":{"uv":[9.498,0.002,7.6895,0.873],"rotation":0,"texture":"#0","tintindex":0},"up":{"uv":[1.8105,-0.001,0.002,-0.06875],"rotation":0,"texture":"#0","tintindex":0},"west":{"uv":[-0.001,0.002,-0.06875,0.873],"rotation":0,"texture":"#0","tintindex":0}}},{"name":"cube","from":[-5.9429617,11.701882,15.886145],"to":[6.057039,23.101883,15.886145],"rotation":{"angle":45.0,"axis":"y","origin":[0.057039022,17.401882,15.886145]},"faces":{"down":{"uv":[1.248,-0.001,0.002,-0.06875],"rotation":0,"texture":"#0","tintindex":0},"east":{"uv":[-0.001,0.002,-0.06875,1.1855],"rotation":0,"texture":"#0","tintindex":0},"north":{"uv":[1.252,7.752,2.498,8.9355],"rotation":0,"texture":"#0","tintindex":0},"south":{"uv":[2.498,7.752,1.252,8.9355],"rotation":0,"texture":"#0","tintindex":0},"up":{"uv":[1.248,-0.001,0.002,-0.06875],"rotation":0,"texture":"#0","tintindex":0},"west":{"uv":[-0.001,0.002,-0.06875,1.1855],"rotation":0,"texture":"#0","tintindex":0}}},{"name":"cube","from":[2.1570392,10.999998,6.28363],"to":[14.15704,26.599998,18.28363],"rotation":{"angle":-22.5,"axis":"x","origin":[8.15704,17.0,12.28363]},"faces":{"down":{"uv":[8.998,0.877,7.752,2.123],"rotation":0,"texture":"#0","tintindex":0},"east":{"uv":[7.6855,0.0,6.4395,1.621],"rotation":0,"texture":"#0","tintindex":0},"north":{"uv":[3.002,6.252,4.248,7.873],"rotation":0,"texture":"#0","tintindex":0},"south":{"uv":[6.377,4.877,7.623,6.498],"rotation":0,"texture":"#0","tintindex":0},"up":{"uv":[1.248,8.998,0.002,7.752],"rotation":0,"texture":"#0","tintindex":0},"west":{"uv":[6.4395,0.002,7.6855,1.623],"rotation":0,"texture":"#0","tintindex":0}}},{"name":"cube","from":[2.1570392,24.199997,6.28363],"to":[2.1570392,32.0,14.083631],"rotation":{"angle":22.5,"axis":"z","origin":[2.1570392,28.399998,10.18363]},"faces":{"down":{"uv":[-0.001,0.002,-0.06875,0.8105],"rotation":0,"texture":"#0","tintindex":0},"east":{"uv":[4.0605,10.6895,3.252,11.498],"rotation":0,"texture":"#0","tintindex":0},"north":{"uv":[-0.001,0.002,-0.06875,0.8105],"rotation":0,"texture":"#0","tintindex":0},"south":{"uv":[-0.001,0.002,-0.06875,0.8105],"rotation":0,"texture":"#0","tintindex":0},"up":{"uv":[-0.001,0.8105,-0.06875,0.002],"rotation":0,"texture":"#0","tintindex":0},"west":{"uv":[3.252,10.6895,4.0605,11.498],"rotation":0,"texture":"#0","tintindex":0}}},{"name":"cube","from":[10.25704,11.701882,15.886145],"to":[22.257038,23.101883,15.886145],"rotation":{"angle":-45.0,"axis":"y","origin":[16.25704,17.401882,15.886145]},"faces":{"down":{"uv":[0.002,-0.001,1.248,-0.06875],"rotation":0,"texture":"#0","tintindex":0},"east":{"uv":[-0.001,0.002,-0.06875,1.1855],"rotation":0,"texture":"#0","tintindex":0},"north":{"uv":[2.498,7.752,1.252,8.9355],"rotation":0,"texture":"#0","tintindex":0},"south":{"uv":[1.252,7.752,2.498,8.9355],"rotation":0,"texture":"#0","tintindex":0},"up":{"uv":[0.002,-0.001,1.248,-0.06875],"rotation":0,"texture":"#0","tintindex":0},"west":{"uv":[-0.001,0.002,-0.06875,1.1855],"rotation":0,"texture":"#0","tintindex":0}}},{"name":"cube","from":[15.357039,24.199997,6.28363],"to":[15.357039,32.0,14.083631],"rotation":{"angle":-22.5,"axis":"z","origin":[15.357039,28.399998,10.18363]},"faces":{"down":{"uv":[-0.001,0.002,-0.06875,0.8105],"rotation":0,"texture":"#0","tintindex":0},"east":{"uv":[4.0605,10.6895,3.252,11.498],"rotation":0,"texture":"#0","tintindex":0},"north":{"uv":[-0.001,0.002,-0.06875,0.8105],"rotation":0,"texture":"#0","tintindex":0},"south":{"uv":[-0.001,0.002,-0.06875,0.8105],"rotation":0,"texture":"#0","tintindex":0},"up":{"uv":[-0.001,0.8105,-0.06875,0.002],"rotation":0,"texture":"#0","tintindex":0},"west":{"uv":[3.252,10.6895,4.0605,11.498],"rotation":0,"texture":"#0","tintindex":0}}}],"display":{"head":{"translation":[0.0,3.9484134,0.0],"rotation":[0.0,0.0,0.0],"scale":[3.8095,3.8095,3.8095]}}}