{"textures":{"0":"modelengine:entity/glume_vines"},"elements":[{"name":"cube","from":[8.0,-0.40000033,1.0999997],"to":[8.0,8.0,14.900001],"rotation":{"angle":0.0,"axis":"x","origin":[-6.4000006,3.1999998,1.6999998]},"faces":{"down":{"uv":[1.4355,-0.001,0.002,-0.06875],"rotation":270,"texture":"#0","tintindex":0},"east":{"uv":[8.627,4.752,10.0605,5.623],"rotation":0,"texture":"#0","tintindex":0},"north":{"uv":[-0.001,0.002,-0.06875,0.873],"rotation":0,"texture":"#0","tintindex":0},"south":{"uv":[-0.001,0.002,-0.06875,0.873],"rotation":0,"texture":"#0","tintindex":0},"up":{"uv":[1.4355,-0.001,0.002,-0.06875],"rotation":90,"texture":"#0","tintindex":0},"west":{"uv":[10.0605,4.752,8.627,5.623],"rotation":0,"texture":"#0","tintindex":0}}}],"display":{"head":{"translation":[0.0,-6.4,0.0],"rotation":[0.0,0.0,0.0],"scale":[3.8095,3.8095,3.8095]}}}