{"textures":{"0":"modelengine:entity/glume_vines"},"elements":[{"name":"cube","from":[2.7999997,1.7005216,3.1053526],"to":[11.2,11.900522,12.105353],"rotation":{"angle":0.0,"axis":"x","origin":[18.7,13.089582,10.328489]},"faces":{"down":{"uv":[10.9355,4.252,10.0645,5.1855],"rotation":0,"texture":"#0","tintindex":0},"east":{"uv":[7.1895,9.002,8.123,10.0605],"rotation":0,"texture":"#0","tintindex":0},"north":{"uv":[1.502,9.752,2.373,10.8105],"rotation":0,"texture":"#0","tintindex":0},"south":{"uv":[2.377,9.752,3.248,10.8105],"rotation":0,"texture":"#0","tintindex":0},"up":{"uv":[6.8105,10.9355,5.9395,10.002],"rotation":0,"texture":"#0","tintindex":0},"west":{"uv":[9.1895,1.627,10.123,2.6855],"rotation":0,"texture":"#0","tintindex":0}}}],"display":{"head":{"translation":[0.0,-6.4,0.0],"rotation":[0.0,0.0,0.0],"scale":[3.8095,3.8095,3.8095]}}}