{"textures":{"0":"modelengine:entity/glume_vines"},"elements":[{"name":"cube","from":[3.7999997,3.1999998,-11.200001],"to":[12.8,12.2,7.4],"rotation":{"angle":0.0,"axis":"x","origin":[8.3,7.7,-6.1000004]},"faces":{"down":{"uv":[8.623,5.002,7.6895,6.9355],"rotation":0,"texture":"#0","tintindex":0},"east":{"uv":[4.252,6.627,6.1855,7.5605],"rotation":0,"texture":"#0","tintindex":0},"north":{"uv":[3.252,9.752,4.1855,10.6855],"rotation":0,"texture":"#0","tintindex":0},"south":{"uv":[4.1895,9.752,5.123,10.6855],"rotation":0,"texture":"#0","tintindex":0},"up":{"uv":[8.5605,4.998,7.627,3.0645],"rotation":0,"texture":"#0","tintindex":0},"west":{"uv":[4.252,7.5645,6.1855,8.498],"rotation":0,"texture":"#0","tintindex":0}}},{"name":"cube","from":[8.6,-6.4000006,-7.000001],"to":[8.6,3.1999998,6.2],"rotation":{"angle":0.0,"axis":"x","origin":[8.6,-1.6000004,-0.40000033]},"faces":{"down":{"uv":[-0.001,0.002,-0.06875,1.373],"rotation":0,"texture":"#0","tintindex":0},"east":{"uv":[7.5605,7.9395,6.1895,8.9355],"rotation":0,"texture":"#0","tintindex":0},"north":{"uv":[-0.001,0.002,-0.06875,0.998],"rotation":0,"texture":"#0","tintindex":0},"south":{"uv":[-0.001,0.002,-0.06875,0.998],"rotation":0,"texture":"#0","tintindex":0},"up":{"uv":[-0.001,1.373,-0.06875,0.002],"rotation":0,"texture":"#0","tintindex":0},"west":{"uv":[6.1895,7.9395,7.5605,8.9355],"rotation":0,"texture":"#0","tintindex":0}}},{"name":"cube","from":[3.7999997,-3.1488028,-9.937145],"to":[12.8,3.4511976,-9.937145],"rotation":{"angle":-22.5,"axis":"x","origin":[8.3,0.15119743,-9.937145]},"faces":{"down":{"uv":[0.9355,-0.001,0.002,-0.06875],"rotation":0,"texture":"#0","tintindex":0},"east":{"uv":[-0.001,0.002,-0.06875,0.6855],"rotation":0,"texture":"#0","tintindex":0},"north":{"uv":[4.0645,10.6895,4.998,11.373],"rotation":0,"texture":"#0","tintindex":0},"south":{"uv":[4.998,10.6895,4.0645,11.373],"rotation":0,"texture":"#0","tintindex":0},"up":{"uv":[0.9355,-0.001,0.002,-0.06875],"rotation":0,"texture":"#0","tintindex":0},"west":{"uv":[-0.001,0.002,-0.06875,0.6855],"rotation":0,"texture":"#0","tintindex":0}}}],"display":{"head":{"translation":[0.0,-6.4,0.0],"rotation":[0.0,0.0,0.0],"scale":[3.8095,3.8095,3.8095]}}}