{"textures":{"0":"modelengine:entity/glume_vines"},"elements":[{"name":"cube","from":[4.8,1.7005216,3.1053526],"to":[13.200001,11.900522,12.105353],"rotation":{"angle":0.0,"axis":"x","origin":[-2.6999998,13.089582,10.328489]},"faces":{"down":{"uv":[10.0645,4.252,10.9355,5.1855],"rotation":0,"texture":"#0","tintindex":0},"east":{"uv":[10.123,1.627,9.1895,2.6855],"rotation":0,"texture":"#0","tintindex":0},"north":{"uv":[2.373,9.752,1.502,10.8105],"rotation":0,"texture":"#0","tintindex":0},"south":{"uv":[3.248,9.752,2.377,10.8105],"rotation":0,"texture":"#0","tintindex":0},"up":{"uv":[5.9395,10.9355,6.8105,10.002],"rotation":0,"texture":"#0","tintindex":0},"west":{"uv":[8.123,9.002,7.1895,10.0605],"rotation":0,"texture":"#0","tintindex":0}}}],"display":{"head":{"translation":[0.0,-6.4,0.0],"rotation":[0.0,0.0,0.0],"scale":[3.8095,3.8095,3.8095]}}}