{"textures":{"0":"modelengine:entity/glume_vines"},"elements":[{"name":"cube","from":[5.6,3.0288575,8.988821],"to":[11.0,9.628858,16.188824],"rotation":{"angle":-22.5,"axis":"x","origin":[9.5,6.3288574,12.588821]},"faces":{"down":{"uv":[10.8145,2.5645,11.373,3.3105],"rotation":0,"texture":"#0","tintindex":0},"east":{"uv":[2.3105,10.8145,1.5645,11.498],"rotation":0,"texture":"#0","tintindex":0},"north":{"uv":[8.373,10.8145,7.8145,11.498],"rotation":0,"texture":"#0","tintindex":0},"south":{"uv":[8.9355,10.8145,8.377,11.498],"rotation":0,"texture":"#0","tintindex":0},"up":{"uv":[2.3145,11.5605,2.873,10.8145],"rotation":0,"texture":"#0","tintindex":0},"west":{"uv":[1.5605,10.8145,0.8145,11.498],"rotation":0,"texture":"#0","tintindex":0}}},{"name":"cube","from":[6.2,1.9023948,10.525711],"to":[10.4,5.5023947,16.525711],"rotation":{"angle":0.0,"axis":"x","origin":[9.5,5.2023945,14.125711]},"faces":{"down":{"uv":[9.377,10.8145,9.8105,11.4355],"rotation":0,"texture":"#0","tintindex":0},"east":{"uv":[5.9355,8.502,5.3145,8.873],"rotation":0,"texture":"#0","tintindex":0},"north":{"uv":[1.248,10.377,0.8145,10.748],"rotation":0,"texture":"#0","tintindex":0},"south":{"uv":[11.248,3.3145,10.8145,3.6855],"rotation":0,"texture":"#0","tintindex":0},"up":{"uv":[8.9395,11.4355,9.373,10.8145],"rotation":0,"texture":"#0","tintindex":0},"west":{"uv":[4.873,6.252,4.252,6.623],"rotation":0,"texture":"#0","tintindex":0}}}],"display":{"head":{"translation":[0.0,-6.4,0.0],"rotation":[0.0,0.0,0.0],"scale":[3.8095,3.8095,3.8095]}}}