{"textures":{"0":"modelengine:entity/nocsy_fpv2_boss","1":"modelengine:entity/nocsy_fpv2_ghoul"},"elements":[{"name":"jewelornement","from":[1.995306,4.17416,4.5716267],"to":[13.995306,16.17416,4.5716267],"rotation":{"angle":-45.0,"axis":"z","origin":[7.995306,10.17416,4.5716267]},"faces":{"down":{"uv":[9.25,1.625,8.625,1.625],"rotation":0,"texture":"#0","tintindex":0},"east":{"uv":[5.0,8.6875,5.0,9.3125],"rotation":0,"texture":"#0","tintindex":0},"north":{"uv":[2.09375,1.4375,2.71875,2.0625],"rotation":0,"texture":"#0","tintindex":0},"south":{"uv":[2.09375,2.09375,2.71875,2.71875],"rotation":0,"texture":"#0","tintindex":0},"up":{"uv":[9.21875,6.8125,8.59375,6.8125],"rotation":0,"texture":"#0","tintindex":0},"west":{"uv":[5.03125,8.6875,5.03125,9.3125],"rotation":0,"texture":"#0","tintindex":0}}},{"name":"jewel","from":[8.083174,6.514161,4.391627],"to":[9.883174,8.314161,4.9916267],"rotation":{"angle":45.0,"axis":"z","origin":[7.783174,6.514161,4.751627]},"faces":{"down":{"uv":[4.6875,1.46875,4.59375,1.5],"rotation":0,"texture":"#0","tintindex":0},"east":{"uv":[3.15625,4.6875,3.1875,4.78125],"rotation":0,"texture":"#0","tintindex":0},"north":{"uv":[5.4375,6.03125,5.53125,6.125],"rotation":0,"texture":"#0","tintindex":0},"south":{"uv":[7.40625,5.0,7.5,5.09375],"rotation":0,"texture":"#0","tintindex":0},"up":{"uv":[2.71875,3.09375,2.625,3.0625],"rotation":0,"texture":"#0","tintindex":0},"west":{"uv":[0.40625,4.9375,0.4375,5.03125],"rotation":0,"texture":"#0","tintindex":0}}},{"name":"collar","from":[1.995306,4.714161,5.591627],"to":[13.995306,16.71416,5.591627],"rotation":{"angle":22.5,"axis":"x","origin":[7.995306,10.714161,4.751627]},"faces":{"down":{"uv":[9.125,4.09375,8.5,4.09375],"rotation":0,"texture":"#0","tintindex":0},"east":{"uv":[2.0,8.6875,2.0,9.3125],"rotation":0,"texture":"#0","tintindex":0},"north":{"uv":[1.4375,1.4375,2.0625,2.0625],"rotation":0,"texture":"#0","tintindex":0},"south":{"uv":[1.4375,2.09375,2.0625,2.71875],"rotation":0,"texture":"#0","tintindex":0},"up":{"uv":[9.09375,5.90625,8.46875,5.90625],"rotation":0,"texture":"#0","tintindex":0},"west":{"uv":[2.03125,8.6875,2.03125,9.3125],"rotation":0,"texture":"#0","tintindex":0}}},{"name":"pec","from":[7.395306,6.391986,6.6116266],"to":[16.395306,12.391986,15.611628],"rotation":{"angle":22.5,"axis":"z","origin":[11.895306,14.191986,7.211627]},"faces":{"down":{"uv":[1.78125,4.09375,1.3125,4.5625],"rotation":0,"texture":"#0","tintindex":0},"east":{"uv":[5.5,2.34375,5.96875,2.65625],"rotation":0,"texture":"#0","tintindex":0},"north":{"uv":[5.5,0.0,5.96875,0.3125],"rotation":0,"texture":"#0","tintindex":0},"south":{"uv":[5.5,2.6875,5.96875,3.0],"rotation":0,"texture":"#0","tintindex":0},"up":{"uv":[1.28125,4.5625,0.8125,4.09375],"rotation":0,"texture":"#0","tintindex":0},"west":{"uv":[5.5,3.75,5.96875,4.0625],"rotation":0,"texture":"#0","tintindex":0}}},{"name":"pec","from":[-0.40469408,6.391986,6.6116266],"to":[8.595306,12.391986,15.611628],"rotation":{"angle":-22.5,"axis":"z","origin":[4.095306,14.191986,7.211627]},"faces":{"down":{"uv":[4.5625,4.09375,4.09375,4.5625],"rotation":0,"texture":"#0","tintindex":0},"east":{"uv":[5.53125,3.03125,6.0,3.34375],"rotation":0,"texture":"#0","tintindex":0},"north":{"uv":[5.5,4.5625,5.96875,4.875],"rotation":0,"texture":"#0","tintindex":0},"south":{"uv":[5.5625,5.46875,6.03125,5.78125],"rotation":0,"texture":"#0","tintindex":0},"up":{"uv":[4.5625,4.0625,4.09375,3.59375],"rotation":0,"texture":"#0","tintindex":0},"west":{"uv":[5.59375,3.375,6.0625,3.6875],"rotation":0,"texture":"#0","tintindex":0}}},{"name":"trapeze","from":[-0.39869404,8.14016,7.217627],"to":[16.389307,14.1281595,15.005627],"rotation":{"angle":0.0,"axis":"x","origin":[14.895306,7.534159,7.211627]},"faces":{"down":{"uv":[3.0,0.4375,2.125,0.84375],"rotation":0,"texture":"#0","tintindex":0},"east":{"uv":[6.0,4.5625,6.40625,4.875],"rotation":0,"texture":"#0","tintindex":0},"north":{"uv":[1.1875,3.34375,2.0625,3.65625],"rotation":0,"texture":"#0","tintindex":0},"south":{"uv":[3.34375,1.9375,4.21875,2.25],"rotation":0,"texture":"#0","tintindex":0},"up":{"uv":[3.0,0.40625,2.125,0.0],"rotation":0,"texture":"#0","tintindex":0},"west":{"uv":[6.03125,2.96875,6.4375,3.28125],"rotation":0,"texture":"#0","tintindex":0}}},{"name":"trapeze","from":[5.002506,8.577461,7.218827],"to":[10.988106,16.36306,15.004428],"rotation":{"angle":0.0,"axis":"x","origin":[14.895306,7.9702616,7.211627]},"faces":{"down":{"uv":[6.375,4.90625,6.0625,5.3125],"rotation":0,"texture":"#0","tintindex":0},"east":{"uv":[5.0625,3.75,5.46875,4.15625],"rotation":0,"texture":"#0","tintindex":0},"north":{"uv":[4.25,6.0,4.5625,6.40625],"rotation":0,"texture":"#0","tintindex":0},"south":{"uv":[5.09375,6.03125,5.40625,6.4375],"rotation":0,"texture":"#0","tintindex":0},"up":{"uv":[6.34375,6.21875,6.03125,5.8125],"rotation":0,"texture":"#0","tintindex":0},"west":{"uv":[5.0625,4.5625,5.46875,4.96875],"rotation":0,"texture":"#0","tintindex":0}}},{"name":"trapeze","from":[9.949596,15.123662,7.218227],"to":[15.936397,17.510464,15.005027],"rotation":{"angle":-22.5,"axis":"z","origin":[7.5429964,14.517062,11.111628]},"faces":{"down":{"uv":[6.40625,1.0625,6.09375,1.46875],"rotation":0,"texture":"#0","tintindex":0},"east":{"uv":[7.59375,7.3125,8.0,7.4375],"rotation":0,"texture":"#0","tintindex":0},"north":{"uv":[1.6875,8.0,2.0,8.125],"rotation":0,"texture":"#0","tintindex":0},"south":{"uv":[8.03125,4.125,8.34375,4.25],"rotation":0,"texture":"#0","tintindex":0},"up":{"uv":[6.375,5.75,6.0625,5.34375],"rotation":0,"texture":"#0","tintindex":0},"west":{"uv":[0.6875,7.65625,1.09375,7.78125],"rotation":0,"texture":"#0","tintindex":0}}},{"name":"trapeze","from":[0.05421567,15.123662,7.218227],"to":[6.0410156,17.510464,15.005027],"rotation":{"angle":22.5,"axis":"z","origin":[8.447616,14.517062,11.111628]},"faces":{"down":{"uv":[6.46875,0.46875,6.15625,0.875],"rotation":0,"texture":"#0","tintindex":0},"east":{"uv":[1.125,7.65625,1.53125,7.78125],"rotation":0,"texture":"#0","tintindex":0},"north":{"uv":[8.03125,6.0625,8.34375,6.1875],"rotation":0,"texture":"#0","tintindex":0},"south":{"uv":[8.03125,6.21875,8.34375,6.34375],"rotation":0,"texture":"#0","tintindex":0},"up":{"uv":[1.59375,6.53125,1.28125,6.125],"rotation":0,"texture":"#0","tintindex":0},"west":{"uv":[7.65625,3.84375,8.0625,3.96875],"rotation":0,"texture":"#0","tintindex":0}}},{"name":"neck","from":[4.695306,9.33416,7.211627],"to":[11.295306,17.13416,13.211627],"rotation":{"angle":-22.5,"axis":"x","origin":[7.995306,13.53416,10.811626]},"faces":{"down":{"uv":[6.875,3.3125,6.53125,3.625],"rotation":0,"texture":"#0","tintindex":0},"east":{"uv":[5.4375,6.15625,5.75,6.5625],"rotation":0,"texture":"#0","tintindex":0},"north":{"uv":[3.875,5.78125,4.21875,6.1875],"rotation":0,"texture":"#0","tintindex":0},"south":{"uv":[5.8125,1.65625,6.15625,2.0625],"rotation":0,"texture":"#0","tintindex":0},"up":{"uv":[1.15625,4.0625,0.8125,3.75],"rotation":0,"texture":"#0","tintindex":0},"west":{"uv":[6.1875,1.5,6.5,1.90625],"rotation":0,"texture":"#0","tintindex":0}}},{"name":"ornement","from":[-2.636075,8.115087,6.0116267],"to":[3.363925,10.515087,7.211627],"rotation":{"angle":-22.5,"axis":"z","origin":[1.5639249,10.215086,6.6116266]},"faces":{"down":{"uv":[8.90625,3.28125,8.59375,3.34375],"rotation":0,"texture":"#0","tintindex":0},"east":{"uv":[7.0,7.53125,7.0625,7.65625],"rotation":0,"texture":"#0","tintindex":0},"north":{"uv":[6.90625,8.03125,7.21875,8.15625],"rotation":0,"texture":"#0","tintindex":0},"south":{"uv":[8.03125,7.28125,8.34375,7.40625],"rotation":0,"texture":"#0","tintindex":0},"up":{"uv":[8.875,6.90625,8.5625,6.84375],"rotation":0,"texture":"#0","tintindex":0},"west":{"uv":[7.65625,6.40625,7.71875,6.53125],"rotation":0,"texture":"#0","tintindex":0}}},{"name":"ornement","from":[0.96566963,8.725561,6.017627],"to":[5.153669,10.513561,7.2056265],"rotation":{"angle":45.0,"axis":"z","origin":[3.0596695,9.919561,6.6116266]},"faces":{"down":{"uv":[6.0,6.15625,5.78125,6.21875],"rotation":0,