{"textures":{"0":"modelengine:entity/nocsy_fpv2_boss","1":"modelengine:entity/nocsy_fpv2_ghoul"},"elements":[{"name":"head","from":[4.1,8.261674,0.13999939],"to":[11.900001,14.261672,8.54],"rotation":{"angle":0.0,"axis":"x","origin":[7.4,5.681672,7.7]},"faces":{"down":{"uv":[2.125,4.6875,1.71875,5.125],"rotation":0,"texture":"#0","tintindex":0},"east":{"uv":[5.5625,5.8125,6.0,6.125],"rotation":0,"texture":"#0","tintindex":0},"north":{"uv":[6.09375,3.3125,6.5,3.625],"rotation":0,"texture":"#0","tintindex":0},"south":{"uv":[6.125,4.15625,6.53125,4.46875],"rotation":0,"texture":"#0","tintindex":0},"up":{"uv":[5.03125,5.0,4.625,4.5625],"rotation":0,"texture":"#0","tintindex":0},"west":{"uv":[4.625,5.90625,5.0625,6.21875],"rotation":0,"texture":"#0","tintindex":0}}},{"name":"teeth","from":[4.1,7.0616736,0.26],"to":[11.900001,8.261674,0.26],"rotation":{"angle":0.0,"axis":"x","origin":[7.4,5.681672,7.7]},"faces":{"down":{"uv":[8.4375,6.375,8.03125,6.375],"rotation":0,"texture":"#0","tintindex":0},"east":{"uv":[2.0625,3.96875,2.0625,4.03125],"rotation":0,"texture":"#0","tintindex":0},"north":{"uv":[8.34375,3.40625,8.75,3.46875],"rotation":0,"texture":"#0","tintindex":0},"south":{"uv":[8.375,4.125,8.78125,4.1875],"rotation":0,"texture":"#0","tintindex":0},"up":{"uv":[8.25,2.125,7.84375,2.125],"rotation":0,"texture":"#0","tintindex":0},"west":{"uv":[5.03125,3.375,5.03125,3.4375],"rotation":0,"texture":"#0","tintindex":0}}},{"name":"eyebrow","from":[4.1,9.461674,-0.46000051],"to":[7.7,10.6616745,0.73999953],"rotation":{"angle":-22.5,"axis":"z","origin":[8.0,11.261672,4.34]},"faces":{"down":{"uv":[8.84375,6.375,8.65625,6.4375],"rotation":0,"texture":"#0","tintindex":0},"east":{"uv":[1.71875,4.59375,1.78125,4.65625],"rotation":0,"texture":"#0","tintindex":0},"north":{"uv":[7.25,5.5625,7.4375,5.625],"rotation":0,"texture":"#0","tintindex":0},"south":{"uv":[7.34375,2.25,7.53125,2.3125],"rotation":0,"texture":"#0","tintindex":0},"up":{"uv":[7.75,0.25,7.5625,0.1875],"rotation":0,"texture":"#0","tintindex":0},"west":{"uv":[0.3125,5.65625,0.375,5.71875],"rotation":0,"texture":"#0","tintindex":0}}},{"name":"eyebrow","from":[8.3,9.461674,-0.46000051],"to":[11.900001,10.6616745,0.73999953],"rotation":{"angle":22.5,"axis":"z","origin":[8.0,11.261672,4.34]},"faces":{"down":{"uv":[8.84375,7.90625,8.65625,7.96875],"rotation":0,"texture":"#0","tintindex":0},"east":{"uv":[1.625,6.53125,1.6875,6.59375],"rotation":0,"texture":"#0","tintindex":0},"north":{"uv":[8.65625,6.46875,8.84375,6.53125],"rotation":0,"texture":"#0","tintindex":0},"south":{"uv":[8.65625,7.4375,8.84375,7.5],"rotation":0,"texture":"#0","tintindex":0},"up":{"uv":[7.90625,8.71875,7.71875,8.65625],"rotation":0,"texture":"#0","tintindex":0},"west":{"uv":[4.0,8.375,4.0625,8.4375],"rotation":0,"texture":"#0","tintindex":0}}},{"name":"eyes","from":[8.3,6.881672,-0.0400002],"to":[11.900001,11.081675,-0.0400002],"rotation":{"angle":0.0,"axis":"x","origin":[7.4,6.641673,7.7]},"faces":{"down":{"uv":[7.875,3.21875,7.6875,3.21875],"rotation":0,"texture":"#0","tintindex":0},"east":{"uv":[4.59375,6.0,4.59375,6.21875],"rotation":0,"texture":"#0","tintindex":0},"north":{"uv":[3.5625,6.4375,3.75,6.65625],"rotation":0,"texture":"#0","tintindex":0},"south":{"uv":[3.875,7.96875,4.0625,8.1875],"rotation":0,"texture":"#0","tintindex":0},"up":{"uv":[0.90625,7.46875,0.71875,7.46875],"rotation":0,"texture":"#0","tintindex":0},"west":{"uv":[3.53125,6.8125,3.53125,7.03125],"rotation":0,"texture":"#0","tintindex":0}}},{"name":"eyes","from":[4.1,6.881672,-0.0400002],"to":[7.7,11.081675,-0.0400002],"rotation":{"angle":0.0,"axis":"x","origin":[8.6,6.641673,7.7]},"faces":{"down":{"uv":[8.125,1.21875,7.9375,1.21875],"rotation":0,"texture":"#0","tintindex":0},"east":{"uv":[3.875,7.0625,3.875,7.28125],"rotation":0,"texture":"#0","tintindex":0},"north":{"uv":[4.625,7.96875,4.8125,8.1875],"rotation":0,"texture":"#0","tintindex":0},"south":{"uv":[4.84375,7.96875,5.03125,8.1875],"rotation":0,"texture":"#0","tintindex":0},"up":{"uv":[7.875,3.8125,7.6875,3.8125],"rotation":0,"texture":"#0","tintindex":0},"west":{"uv":[3.46875,7.09375,3.46875,7.3125],"rotation":0,"texture":"#0","tintindex":0}}}],"display":{"head":{"translation":[0.0,-6.4,0.0],"rotation":[0.0,0.0,0.0],"scale":[3.8095,3.8095,3.8095]}}}