{"textures":{"0":"modelengine:entity/nocsy_fpv2_boss","1":"modelengine:entity/nocsy_fpv2_ghoul"},"elements":[{"name":"latback","from":[10.700001,6.2,7.7],"to":[15.5,14.0,13.1],"rotation":{"angle":-45.0,"axis":"z","origin":[8.0,8.6,6.5]},"faces":{"down":{"uv":[7.375,6.875,7.125,7.15625],"rotation":0,"texture":"#0","tintindex":0},"east":{"uv":[6.46875,2.875,6.75,3.28125],"rotation":0,"texture":"#0","tintindex":0},"north":{"uv":[0.9375,6.78125,1.1875,7.1875],"rotation":0,"texture":"#0","tintindex":0},"south":{"uv":[6.78125,2.84375,7.03125,3.25],"rotation":0,"texture":"#0","tintindex":0},"up":{"uv":[7.375,6.84375,7.125,6.5625],"rotation":0,"texture":"#0","tintindex":0},"west":{"uv":[6.5,0.46875,6.78125,0.875],"rotation":0,"texture":"#0","tintindex":0}}},{"name":"latback","from":[0.49999976,6.2,7.7],"to":[5.3,14.0,13.1],"rotation":{"angle":45.0,"axis":"z","origin":[8.0,8.6,6.5]},"faces":{"down":{"uv":[7.40625,0.34375,7.15625,0.625],"rotation":0,"texture":"#0","tintindex":0},"east":{"uv":[6.53125,1.28125,6.8125,1.6875],"rotation":0,"texture":"#0","tintindex":0},"north":{"uv":[6.78125,4.84375,7.03125,5.25],"rotation":0,"texture":"#0","tintindex":0},"south":{"uv":[6.78125,5.28125,7.03125,5.6875],"rotation":0,"texture":"#0","tintindex":0},"up":{"uv":[0.25,7.4375,0.0,7.15625],"rotation":0,"texture":"#0","tintindex":0},"west":{"uv":[5.78125,6.53125,6.0625,6.9375],"rotation":0,"texture":"#0","tintindex":0}}},{"name":"abs","from":[1.9999998,1.9421728,6.5],"to":[14.0,9.142173,14.3],"rotation":{"angle":0.0,"axis":"x","origin":[14.900001,6.142173,6.5]},"faces":{"down":{"uv":[4.09375,1.125,3.46875,1.53125],"rotation":0,"texture":"#0","tintindex":0},"east":{"uv":[2.8125,5.3125,3.21875,5.6875],"rotation":0,"texture":"#0","tintindex":0},"north":{"uv":[3.34375,2.71875,3.96875,3.09375],"rotation":0,"texture":"#0","tintindex":0},"south":{"uv":[1.1875,3.6875,1.8125,4.0625],"rotation":0,"texture":"#0","tintindex":0},"up":{"uv":[3.96875,2.6875,3.34375,2.28125],"rotation":0,"texture":"#0","tintindex":0},"west":{"uv":[0.40625,5.34375,0.8125,5.71875],"rotation":0,"texture":"#0","tintindex":0}}},{"name":"belt","from":[1.3999997,-2.8578262,5.3],"to":[14.6,1.9421728,14.900001],"rotation":{"angle":0.0,"axis":"x","origin":[14.900001,3.1421728,6.5]},"faces":{"down":{"uv":[0.6875,2.15625,0.0,2.65625],"rotation":0,"texture":"#0","tintindex":0},"east":{"uv":[2.84375,1.125,3.34375,1.375],"rotation":0,"texture":"#0","tintindex":0},"north":{"uv":[0.40625,5.0625,1.09375,5.3125],"rotation":0,"texture":"#0","tintindex":0},"south":{"uv":[5.0625,0.9375,5.75,1.1875],"rotation":0,"texture":"#0","tintindex":0},"up":{"uv":[2.8125,1.375,2.125,0.875],"rotation":0,"texture":"#0","tintindex":0},"west":{"uv":[2.09375,3.34375,2.59375,3.59375],"rotation":0,"texture":"#0","tintindex":0}}},{"name":"belt_ornement","from":[1.3399996,0.082172394,5.24],"to":[14.660001,2.002173,14.96],"rotation":{"angle":0.0,"axis":"x","origin":[14.900001,2.542173,6.5]},"faces":{"down":{"uv":[0.6875,2.6875,0.0,3.1875],"rotation":0,"texture":"#0","tintindex":0},"east":{"uv":[3.59375,1.0,4.09375,1.09375],"rotation":0,"texture":"#0","tintindex":0},"north":{"uv":[7.15625,1.59375,7.84375,1.6875],"rotation":0,"texture":"#0","tintindex":0},"south":{"uv":[7.15625,5.9375,7.84375,6.03125],"rotation":0,"texture":"#0","tintindex":0},"up":{"uv":[1.40625,2.65625,0.71875,2.15625],"rotation":0,"texture":"#0","tintindex":0},"west":{"uv":[7.875,5.9375,8.375,6.03125],"rotation":0,"texture":"#0","tintindex":0}}},{"name":"belt_ornement","from":[1.3399996,-2.9178267,5.24],"to":[14.660001,-0.99782705,14.96],"rotation":{"angle":0.0,"axis":"x","origin":[14.900001,3.1421728,6.5]},"faces":{"down":{"uv":[3.4375,1.40625,2.75,1.90625],"rotation":0,"texture":"#0","tintindex":0},"east":{"uv":[7.90625,5.21875,8.40625,5.3125],"rotation":0,"texture":"#0","tintindex":0},"north":{"uv":[7.1875,0.9375,7.875,1.03125],"rotation":0,"texture":"#0","tintindex":0},"south":{"uv":[7.1875,4.4375,7.875,4.53125],"rotation":0,"texture":"#0","tintindex":0},"up":{"uv":[1.40625,3.1875,0.71875,2.6875],"rotation":0,"texture":"#0","tintindex":0},"west":{"uv":[7.90625,7.46875,8.40625,7.5625],"rotation":0,"texture":"#0","tintindex":0}}},{"name":"planeclothfront","from":[2.6,-13.657828,5.3],"to":[13.400001,-2.8578262,5.3],"rotation":{"angle":0.0,"axis":"x","origin":[14.900001,3.1421728,6.5]},"faces":{"down":{"uv":[9.1875,1.65625,8.625,1.65625],"rotation":0,"texture":"#0","tintindex":0},"east":{"uv":[7.0,8.6875,7.0,9.25],"rotation":0,"texture":"#0","tintindex":0},"north":{"uv":[1.4375,2.75,2.0,3.3125],"rotation":0,"texture":"#0","tintindex":0},"south":{"uv":[2.75,1.9375,3.3125,2.5],"rotation":0,"texture":"#0","tintindex":0},"up":{"uv":[2.6875,1.40625,2.125,1.40625],"rotation":0,"texture":"#0","tintindex":0},"west":{"uv":[0.09375,8.75,0.09375,9.3125],"rotation":0,"texture":"#0","tintindex":0}}},{"name":"planeclothback","from":[2.6,-13.657828,14.899401],"to":[13.400001,-2.8578262,14.899401],"rotation":{"angle":0.0,"axis":"x","origin":[14.900001,3.1421728,13.699401]},"faces":{"down":{"uv":[9.21875,4.75,8.65625,4.75],"rotation":0,"texture":"#0","tintindex":0},"east":{"uv":[0.125,8.75,0.125,9.3125],"rotation":0,"texture":"#0","tintindex":0},"north":{"uv":[2.03125,2.75,2.59375,3.3125],"rotation":0,"texture":"#0","tintindex":0},"south":{"uv":[2.75,2.53125,3.3125,3.09375],"rotation":0,"texture":"#0","tintindex":0},"up":{"uv":[9.1875,3.96875,8.625,3.96875],"rotation":0,"texture":"#0","tintindex":0},"west":{"uv":[3.0,8.75,3.0,9.3125],"rotation":0,"texture":"#0","tintindex":0}}},{"name":"belt_center","from":[4.487868,-2.557826,4.7],"to":[10.487867,3.4421728,9.5],"rotation":{"angle":-45.0,"axis":"z","origin":[7.787868,-0.15782738,7.7]},"faces":{"down":{"uv":[7.3125,2.0625,7.0,2.3125],"rotation":0,"texture":"#0","tintindex":0},"east":{"uv":[1.21875,7.0,1.46875,7.3125],"rotation":0,"texture":"#0","tintindex":0},"north":{"uv":[0.0,6.8125,0.3125,7.125],"rotation":0,"texture":"#0","tintindex":0},"south":{"uv":[6.8125,0.4375,7.125,0.75],"rotation":0,"texture":"#0","tintindex":0},"up":{"uv":[7.1875,4.8125,6.875,4.5625],"rotation":0,"texture":"#0","tintindex":0},"west":{"uv":[7.0,1.71875,7.25,2.03125],"rotation":0,"texture":"#0","tintindex":0}}},{"name":"plane_belt","from":[2.9175735,-6.097827,4.58],"to":[13.117574,4.1021743,4.58],"rotation":{"angle":45.0,"axis":"z","origin":[7.9575734,-0.9978261,4.58]},"faces":{"down":{"uv":[9.1875,5.875,8.65625,5.875],"rotation":0,"texture":"#0","tintindex":0},"east":{"uv":[3.6875,8.75,3.6875,9.28125],"rotation":0,"texture":"#0","tintindex":0},"north":{"uv":[3.03125,0.0,3.5625,0.53125],"rotation":0,"texture":"#0","tintindex":0},"south":{"uv":[3.03125,0.5625,3.5625,1.09375],"rotation":0,"texture":"#0","tintindex":0},"up":{"uv":[8.625,4.65625,8.09375,4.65625],"rotation":0,"texture":"#0","tintindex":0},"west":{"uv":[6.625,8.75,6.625,9.28125],"rotation":0,"texture":"#0","tintindex":0}}}],"display":{"head":{"translation":[0.0,-6.4,0.0],"rotation":[0.0,0.0,0.0],"scale":[3.8095,3.8095,3.8095]}}}