{"textures":{"0":"modelengine:entity/nocsy_fpv2_boss","1":"modelengine:entity/nocsy_fpv2_ghoul"},"elements":[{"name":"hoodie","from":[3.2221825,0.5763774,11.047903],"to":[12.822184,7.17638,14.6479025],"rotation":{"angle":22.5,"axis":"x","origin":[8.022182,3.8763776,12.847903]},"faces":{"down":{"uv":[4.40625,6.8125,3.90625,7.0],"rotation":0,"texture":"#0","tintindex":0},"east":{"uv":[1.84375,3.6875,2.03125,4.03125],"rotation":0,"texture":"#0","tintindex":0},"north":{"uv":[5.0625,3.375,5.5625,3.71875],"rotation":0,"texture":"#0","tintindex":0},"south":{"uv":[3.59375,5.0625,4.09375,5.40625],"rotation":0,"texture":"#0","tintindex":0},"up":{"uv":[7.3125,3.84375,6.8125,3.65625],"rotation":0,"texture":"#0","tintindex":0},"west":{"uv":[0.71875,7.09375,0.90625,7.4375],"rotation":0,"texture":"#0","tintindex":0}}},{"name":"hoodie","from":[4.4221826,5.182142,10.473879],"to":[11.622183,9.9821415,14.073878],"rotation":{"angle":-22.5,"axis":"x","origin":[8.022182,9.9821415,12.273879]},"faces":{"down":{"uv":[7.53125,1.375,7.15625,1.5625],"rotation":0,"texture":"#0","tintindex":0},"east":{"uv":[5.4375,7.9375,5.625,8.1875],"rotation":0,"texture":"#0","tintindex":0},"north":{"uv":[3.125,6.8125,3.5,7.0625],"rotation":0,"texture":"#0","tintindex":0},"south":{"uv":[6.84375,1.09375,7.21875,1.34375],"rotation":0,"texture":"#0","tintindex":0},"up":{"uv":[5.4375,4.375,5.0625,4.1875],"rotation":0,"texture":"#0","tintindex":0},"west":{"uv":[5.65625,7.9375,5.84375,8.1875],"rotation":0,"texture":"#0","tintindex":0}}},{"name":"hoodie","from":[1.8457179,-6.573675,0.44749427],"to":[3.6337175,3.614325,4.635495],"rotation":{"angle":22.5,"axis":"x","origin":[3.039718,-0.6405897,5.8205776]},"faces":{"down":{"uv":[6.59375,6.71875,6.5,6.9375],"rotation":0,"texture":"#0","tintindex":0},"east":{"uv":[2.25,6.46875,2.46875,7.0],"rotation":0,"texture":"#0","tintindex":0},"north":{"uv":[6.1875,7.5625,6.28125,8.09375],"rotation":0,"texture":"#0","tintindex":0},"south":{"uv":[5.125,7.59375,5.21875,8.125],"rotation":0,"texture":"#0","tintindex":0},"up":{"uv":[4.5625,6.65625,4.46875,6.4375],"rotation":0,"texture":"#0","tintindex":0},"west":{"uv":[2.5,6.46875,2.71875,7.0],"rotation":0,"texture":"#0","tintindex":0}}},{"name":"hoodie","from":[3.6331177,-16.0,-3.4540372],"to":[3.6331177,-5.8,1.945963],"rotation":{"angle":22.5,"axis":"x","origin":[3.0331175,-10.060913,1.9250455]},"faces":{"down":{"uv":[4.8125,8.78125,4.8125,9.0625],"rotation":0,"texture":"#0","tintindex":0},"east":{"uv":[4.625,5.34375,4.90625,5.875],"rotation":0,"texture":"#0","tintindex":0},"north":{"uv":[4.71875,8.78125,4.71875,9.3125],"rotation":0,"texture":"#0","tintindex":0},"south":{"uv":[4.75,8.78125,4.75,9.3125],"rotation":0,"texture":"#0","tintindex":0},"up":{"uv":[4.78125,9.0625,4.78125,8.78125],"rotation":0,"texture":"#0","tintindex":0},"west":{"uv":[4.9375,5.34375,5.21875,5.875],"rotation":0,"texture":"#0","tintindex":0}}},{"name":"hoodie","from":[1.8331175,-16.0,-3.4540372],"to":[1.8331175,-5.8,1.945963],"rotation":{"angle":22.5,"axis":"x","origin":[3.0181177,-10.060913,1.9250455]},"faces":{"down":{"uv":[6.1875,8.78125,6.1875,9.0625],"rotation":0,"texture":"#0","tintindex":0},"east":{"uv":[5.40625,1.21875,5.6875,1.75],"rotation":0,"texture":"#0","tintindex":0},"north":{"uv":[4.84375,8.78125,4.84375,9.3125],"rotation":0,"texture":"#0","tintindex":0},"south":{"uv":[4.875,8.78125,4.875,9.3125],"rotation":0,"texture":"#0","tintindex":0},"up":{"uv":[8.78125,5.25,8.78125,4.96875],"rotation":0,"texture":"#0","tintindex":0},"west":{"uv":[3.25,5.40625,3.53125,5.9375],"rotation":0,"texture":"#0","tintindex":0}}},{"name":"hoodie","from":[1.8331175,-16.0,-3.4540372],"to":[3.6331177,-5.8,-3.4540372],"rotation":{"angle":22.5,"axis":"x","origin":[3.0181177,-10.060913,1.9250455]},"faces":{"down":{"uv":[2.46875,3.625,2.375,3.625],"rotation":0,"texture":"#0","tintindex":0},"east":{"uv":[6.21875,8.78125,6.21875,9.3125],"rotation":0,"texture":"#0","tintindex":0},"north":{"uv":[2.03125,7.625,2.125,8.15625],"rotation":0,"texture":"#0","tintindex":0},"south":{"uv":[2.71875,7.625,2.8125,8.15625],"rotation":0,"texture":"#0","tintindex":0},"up":{"uv":[2.9375,1.09375,2.84375,1.09375],"rotation":0,"texture":"#0","tintindex":0},"west":{"uv":[6.25,8.78125,6.25,9.3125],"rotation":0,"texture":"#0","tintindex":0}}},{"name":"hoodie","from":[12.411248,-16.0,-3.4540372],"to":[14.211247,-5.8,-3.4540372],"rotation":{"angle":22.5,"axis":"x","origin":[13.026248,-10.060913,1.9250455]},"faces":{"down":{"uv":[5.15625,5.0,5.0625,5.0],"rotation":0,"texture":"#0","tintindex":0},"east":{"uv":[6.28125,8.78125,6.28125,9.3125],"rotation":0,"texture":"#0","tintindex":0},"north":{"uv":[2.84375,7.625,2.9375,8.15625],"rotation":0,"texture":"#0","tintindex":0},"south":{"uv":[1.5625,7.65625,1.65625,8.1875],"rotation":0,"texture":"#0","tintindex":0},"up":{"uv":[2.59375,3.625,2.5,3.625],"rotation":0,"texture":"#0","tintindex":0},"west":{"uv":[6.3125,8.78125,6.3125,9.3125],"rotation":0,"texture":"#0","tintindex":0}}},{"name":"hoodie","from":[14.211247,-16.0,-3.4540372],"to":[14.211247,-5.8,1.945963],"rotation":{"angle":22.5,"axis":"x","origin":[13.026248,-10.060913,1.9250455]},"faces":{"down":{"uv":[6.78125,8.78125,6.78125,9.0625],"rotation":0,"texture":"#0","tintindex":0},"east":{"uv":[0.0,5.4375,0.28125,5.96875],"rotation":0,"texture":"#0","tintindex":0},"north":{"uv":[6.6875,8.78125,6.6875,9.3125],"rotation":0,"texture":"#0","tintindex":0},"south":{"uv":[6.71875,8.78125,6.71875,9.3125],"rotation":0,"texture":"#0","tintindex":0},"up":{"uv":[6.75,9.0625,6.75,8.78125],"rotation":0,"texture":"#0","tintindex":0},"west":{"uv":[3.5625,5.4375,3.84375,5.96875],"rotation":0,"texture":"#0","tintindex":0}}},{"name":"hoodie","from":[12.411248,-16.0,-3.4540372],"to":[12.411248,-5.8,1.945963],"rotation":{"angle":22.5,"axis":"x","origin":[13.011248,-10.060913,1.9250455]},"faces":{"down":{"uv":[7.03125,8.78125,7.03125,9.0625],"rotation":0,"texture":"#0","tintindex":0},"east":{"uv":[5.25,5.46875,5.53125,6.0],"rotation":0,"texture":"#0","tintindex":0},"north":{"uv":[6.8125,8.78125,6.8125,9.3125],"rotation":0,"texture":"#0","tintindex":0},"south":{"uv":[6.84375,8.78125,6.84375,9.3125],"rotation":0,"texture":"#0","tintindex":0},"up":{"uv":[6.875,9.0625,6.875,8.78125],"rotation":0,"texture":"#0","tintindex":0},"west":{"uv":[5.5,1.78125,5.78125,2.3125],"rotation":0,"texture":"#0","tintindex":0}}},{"name":"hoodie","from":[3.7857115,9.518767,0.7020302],"to":[8.597712,11.330768,13.914032],"rotation":{"angle":22.5,"axis":"z","origin":[5.591712,10.4247675,7.6080313]},"faces":{"down":{"uv":[4.375,5.0625,4.125,5.75],"rotation":0,"texture":"#0","tintindex":0},"east":{"uv":[7.125,7.1875,7.8125,7.28125],"rotation":0,"texture":"#0","tintindex":0},"north":{"uv":[2.8125,6.3125,3.0625,6.40625],"rotation":0,"texture":"#0","tintindex":0},"south":{"uv":[8.40625,7.125,8.65625,7.21875],"rotation":0,"texture":"#0","tintindex":0},"up":{"uv":[1.375,5.75,1.125,5.0625],"rotation":0,"texture":"#0","tintindex":0},"west":{"uv":[7.21875,3.25,7.90625,3.34375],"rotation":0,"texture":"#0","tintindex":0}}},{"name":"hoodie","from":[7.4466534,9.518767,0.7020302],"to":[12.258654,11.330768,13.914032],"rotation":{"angle":-22.5,"axis":"z","origin":[10.452654,10.4247675,7.6080313]},"faces":{"down":{"uv":[1.96875,5.15625,1.71875,5.84375],"rotation":0,"texture":"#0","tintindex":0},"east":{"uv":[7.21875,3.375,7.90625,3.46875],"rotation":0,"texture":"#0","tintindex":0},"north":{"uv":[8.4375,0.875,8.6875,0.96875],"rotation":0,"texture":"#0","tintindex":0},"south":{"uv":[3.25,8.5,3.5,8.59375],"rotation":0,"texture":"#0","tintindex":0},"up":{"uv":[5.375,1.90625,5.125,1.21875],"rotation":0,"texture":"#0","tintindex":0},"west":{"uv":[7.21875,3.5,7.90625,3.59375],"rotation":0,"texture":"#0","tintindex":0}}},{"name":"hoodie","from":[1.8397179,-3.6455336,2.481534],"to":[3.6397176,5.354467,12.681535],"rotation":{"angle":0.0,"axis":"x","origin":[3.039718,3.18336,7.353704]},"faces":{"down":{"uv":[0.21875,7.6875,0.125,8.21875],"rotation":0,