{"textures":{"0":"modelengine:entity/nocsy_fpv2_boss","1":"modelengine:entity/nocsy_fpv2_ghoul"},"elements":[{"name":"jaw","from":[4.64,4.64,1.6399995],"to":[11.360001,8.96,7.16],"rotation":{"angle":0.0,"axis":"x","origin":[7.7,6.5,4.3999996]},"faces":{"down":{"uv":[3.09375,6.8125,2.75,7.09375],"rotation":0,"texture":"#0","tintindex":0},"east":{"uv":[5.6875,7.3125,5.96875,7.53125],"rotation":0,"texture":"#0","tintindex":0},"north":{"uv":[7.125,6.0625,7.46875,6.28125],"rotation":0,"texture":"#0","tintindex":0},"south":{"uv":[7.125,6.3125,7.46875,6.53125],"rotation":0,"texture":"#0","tintindex":0},"up":{"uv":[7.15625,1.0625,6.8125,0.78125],"rotation":0,"texture":"#0","tintindex":0},"west":{"uv":[6.0,7.3125,6.28125,7.53125],"rotation":0,"texture":"#0","tintindex":0}}},{"name":"teeth","from":[4.22,8.9,1.6999998],"to":[4.22,12.500003,7.1],"rotation":{"angle":22.5,"axis":"z","origin":[4.7,10.700003,4.3999996]},"faces":{"down":{"uv":[7.09375,8.78125,7.09375,9.0625],"rotation":0,"texture":"#0","tintindex":0},"east":{"uv":[7.5625,1.71875,7.84375,1.90625],"rotation":0,"texture":"#0","tintindex":0},"north":{"uv":[5.46875,4.1875,5.46875,4.375],"rotation":0,"texture":"#0","tintindex":0},"south":{"uv":[6.625,1.71875,6.625,1.90625],"rotation":0,"texture":"#0","tintindex":0},"up":{"uv":[7.0625,9.0625,7.0625,8.78125],"rotation":0,"texture":"#0","tintindex":0},"west":{"uv":[7.59375,4.5625,7.875,4.75],"rotation":0,"texture":"#0","tintindex":0}}},{"name":"teeth","from":[11.780001,8.9,1.6999998],"to":[11.780001,12.500003,7.1],"rotation":{"angle":-22.5,"axis":"z","origin":[11.3,10.700003,4.3999996]},"faces":{"down":{"uv":[7.15625,8.78125,7.15625,9.0625],"rotation":0,"texture":"#0","tintindex":0},"east":{"uv":[7.625,1.0625,7.90625,1.25],"rotation":0,"texture":"#0","tintindex":0},"north":{"uv":[1.21875,6.78125,1.21875,6.96875],"rotation":0,"texture":"#0","tintindex":0},"south":{"uv":[1.25,6.78125,1.25,6.96875],"rotation":0,"texture":"#0","tintindex":0},"up":{"uv":[7.125,9.0625,7.125,8.78125],"rotation":0,"texture":"#0","tintindex":0},"west":{"uv":[7.4375,7.625,7.71875,7.8125],"rotation":0,"texture":"#0","tintindex":0}}},{"name":"teeth","from":[4.7,8.9,1.4599994],"to":[11.3,12.500003,1.4599994],"rotation":{"angle":-22.5,"axis":"x","origin":[8.0,10.700003,1.6999998]},"faces":{"down":{"uv":[9.0625,0.59375,8.71875,0.59375],"rotation":0,"texture":"#0","tintindex":0},"east":{"uv":[4.4375,6.8125,4.4375,7.0],"rotation":0,"texture":"#0","tintindex":0},"north":{"uv":[7.21875,4.5625,7.5625,4.75],"rotation":0,"texture":"#0","tintindex":0},"south":{"uv":[7.25,1.0625,7.59375,1.25],"rotation":0,"texture":"#0","tintindex":0},"up":{"uv":[8.375,7.4375,8.03125,7.4375],"rotation":0,"texture":"#0","tintindex":0},"west":{"uv":[3.5,7.09375,3.5,7.28125],"rotation":0,"texture":"#0","tintindex":0}}}],"display":{"head":{"translation":[0.0,-6.4,0.0],"rotation":[0.0,0.0,0.0],"scale":[3.8095,3.8095,3.8095]}}}