{"textures":{"0":"modelengine:entity/nocsy_fpv2_boss","1":"modelengine:entity/nocsy_fpv2_ghoul"},"elements":[{"name":"shoe","from":[5.3079743,8.254041,4.3335943],"to":[10.695974,10.04204,12.121594],"rotation":{"angle":-45.0,"axis":"x","origin":[7.7019744,7.5280404,6.7275944]},"faces":{"down":{"uv":[6.84375,3.96875,6.5625,4.375],"rotation":0,"texture":"#0","tintindex":0},"east":{"uv":[8.1875,2.25,8.59375,2.34375],"rotation":0,"texture":"#0","tintindex":0},"north":{"uv":[2.84375,4.6875,3.125,4.78125],"rotation":0,"texture":"#0","tintindex":0},"south":{"uv":[5.6875,5.34375,5.96875,5.4375],"rotation":0,"texture":"#0","tintindex":0},"up":{"uv":[1.5625,6.96875,1.28125,6.5625],"rotation":0,"texture":"#0","tintindex":0},"west":{"uv":[8.1875,2.375,8.59375,2.46875],"rotation":0,"texture":"#0","tintindex":0}}},{"name":"shoe","from":[5.3019743,5.212893,3.2486289],"to":[10.701975,7.612893,11.648629],"rotation":{"angle":0.0,"axis":"x","origin":[7.7019744,5.392893,7.4486294]},"faces":{"down":{"uv":[4.875,6.25,4.59375,6.6875],"rotation":0,"texture":"#0","tintindex":0},"east":{"uv":[7.40625,3.0625,7.84375,3.1875],"rotation":0,"texture":"#0","tintindex":0},"north":{"uv":[5.78125,1.0625,6.0625,1.1875],"rotation":0,"texture":"#0","tintindex":0},"south":{"uv":[1.96875,8.1875,2.25,8.3125],"rotation":0,"texture":"#0","tintindex":0},"up":{"uv":[4.0625,6.65625,3.78125,6.21875],"rotation":0,"texture":"#0","tintindex":0},"west":{"uv":[7.40625,7.0,7.84375,7.125],"rotation":0,"texture":"#0","tintindex":0}}},{"name":"shoe","from":[3.771578,5.218893,-0.4461825],"to":[7.569578,7.606893,3.3518171],"rotation":{"angle":-45.0,"axis":"y","origin":[4.665578,6.112893,5.1578174]},"faces":{"down":{"uv":[3.09375,8.1875,2.90625,8.375],"rotation":0,"texture":"#0","tintindex":0},"east":{"uv":[0.4375,8.0,0.625,8.125],"rotation":0,"texture":"#0","tintindex":0},"north":{"uv":[6.375,6.09375,6.5625,6.21875],"rotation":0,"texture":"#0","tintindex":0},"south":{"uv":[8.4375,7.4375,8.625,7.5625],"rotation":0,"texture":"#0","tintindex":0},"up":{"uv":[3.5625,8.1875,3.375,8.0],"rotation":0,"texture":"#0","tintindex":0},"west":{"uv":[8.46875,7.59375,8.65625,7.71875],"rotation":0,"texture":"#0","tintindex":0}}}],"display":{"head":{"translation":[0.0,-6.4,0.0],"rotation":[0.0,0.0,0.0],"scale":[3.8095,3.8095,3.8095]}}}