{"textures":{"0":"modelengine:entity/nocsy_fpv2_boss","1":"modelengine:entity/nocsy_fpv2_ghoul"},"elements":[{"name":"shoulder","from":[1.2000005,2.799999,3.7999997],"to":[9.6,11.199999,12.2],"rotation":{"angle":0.0,"axis":"x","origin":[25.5,2.1999989,3.7999997]},"faces":{"down":{"uv":[1.375,4.59375,0.9375,5.03125],"rotation":0,"texture":"#0","tintindex":0},"east":{"uv":[4.40625,2.0625,4.84375,2.5],"rotation":0,"texture":"#0","tintindex":0},"north":{"uv":[4.15625,0.53125,4.59375,0.96875],"rotation":0,"texture":"#0","tintindex":0},"south":{"uv":[4.40625,2.53125,4.84375,2.96875],"rotation":0,"texture":"#0","tintindex":0},"up":{"uv":[0.90625,5.03125,0.46875,4.59375],"rotation":0,"texture":"#0","tintindex":0},"west":{"uv":[4.40625,3.0,4.84375,3.4375],"rotation":0,"texture":"#0","tintindex":0}}},{"name":"ornement","from":[6.540001,2.7399988,2.5399995],"to":[9.66,12.46,13.46],"rotation":{"angle":0.0,"axis":"x","origin":[8.1,7.5999994,8.0]},"faces":{"down":{"uv":[2.0625,6.8125,1.90625,7.375],"rotation":0,"texture":"#0","tintindex":0},"east":{"uv":[2.625,3.125,3.1875,3.625],"rotation":0,"texture":"#0","tintindex":0},"north":{"uv":[3.8125,3.125,3.96875,3.625],"rotation":0,"texture":"#0","tintindex":0},"south":{"uv":[5.5,7.03125,5.65625,7.53125],"rotation":0,"texture":"#0","tintindex":0},"up":{"uv":[0.5,7.375,0.34375,6.8125],"rotation":0,"texture":"#0","tintindex":0},"west":{"uv":[0.0,3.21875,0.5625,3.71875],"rotation":0,"texture":"#0","tintindex":0}}},{"name":"biceps","from":[2.4000006,-5.6000004,5.0],"to":[7.8000007,2.799999,11.0],"rotation":{"angle":0.0,"axis":"x","origin":[25.5,2.1999989,3.7999997]},"faces":{"down":{"uv":[7.125,5.71875,6.84375,6.03125],"rotation":0,"texture":"#0","tintindex":0},"east":{"uv":[0.59375,5.9375,0.90625,6.375],"rotation":0,"texture":"#0","tintindex":0},"north":{"uv":[0.21875,6.34375,0.5,6.78125],"rotation":0,"texture":"#0","tintindex":0},"south":{"uv":[1.9375,6.34375,2.21875,6.78125],"rotation":0,"texture":"#0","tintindex":0},"up":{"uv":[7.125,1.6875,6.84375,1.375],"rotation":0,"texture":"#0","tintindex":0},"west":{"uv":[0.9375,5.9375,1.25,6.375],"rotation":0,"texture":"#0","tintindex":0}}}],"display":{"head":{"translation":[0.0,-6.4,0.0],"rotation":[0.0,0.0,0.0],"scale":[3.8095,3.8095,3.8095]}}}