{"textures":{"0":"modelengine:entity/nocsy_fpv2_boss","1":"modelengine:entity/nocsy_fpv2_ghoul"},"elements":[{"name":"forearm","from":[3.865999,2.7859995,3.806],"to":[11.053999,8.174,12.194],"rotation":{"angle":0.0,"axis":"x","origin":[28.100002,13.999999,3.7999997]},"faces":{"down":{"uv":[2.375,5.28125,2.0,5.71875],"rotation":0,"texture":"#0","tintindex":0},"east":{"uv":[5.28125,0.625,5.71875,0.90625],"rotation":0,"texture":"#0","tintindex":0},"north":{"uv":[3.6875,4.28125,4.0625,4.5625],"rotation":0,"texture":"#0","tintindex":0},"south":{"uv":[4.46875,6.71875,4.84375,7.0],"rotation":0,"texture":"#0","tintindex":0},"up":{"uv":[5.46875,0.4375,5.09375,0.0],"rotation":0,"texture":"#0","tintindex":0},"west":{"uv":[5.5,4.09375,5.9375,4.375],"rotation":0,"texture":"#0","tintindex":0}}},{"name":"forearm","from":[3.859999,0.37999916,3.7999997],"to":[6.2599993,2.7799993,12.2],"rotation":{"angle":0.0,"axis":"x","origin":[28.100002,13.999999,3.7999997]},"faces":{"down":{"uv":[2.3125,7.375,2.1875,7.8125],"rotation":0,"texture":"#0","tintindex":0},"east":{"uv":[7.4375,7.46875,7.875,7.59375],"rotation":0,"texture":"#0","tintindex":0},"north":{"uv":[2.65625,6.03125,2.78125,6.15625],"rotation":0,"texture":"#0","tintindex":0},"south":{"uv":[6.1875,1.9375,6.3125,2.0625],"rotation":0,"texture":"#0","tintindex":0},"up":{"uv":[3.71875,7.78125,3.59375,7.34375],"rotation":0,"texture":"#0","tintindex":0},"west":{"uv":[7.5,0.65625,7.9375,0.78125],"rotation":0,"texture":"#0","tintindex":0}}},{"name":"forearm","from":[6.2599993,1.5799993,3.7999997],"to":[8.659999,2.7799993,12.2],"rotation":{"angle":0.0,"axis":"x","origin":[28.100002,13.999999,3.7999997]},"faces":{"down":{"uv":[0.46875,7.40625,0.34375,7.84375],"rotation":0,"texture":"#0","tintindex":0},"east":{"uv":[8.0,5.59375,8.4375,5.65625],"rotation":0,"texture":"#0","tintindex":0},"north":{"uv":[4.71875,1.96875,4.84375,2.03125],"rotation":0,"texture":"#0","tintindex":0},"south":{"uv":[4.875,3.375,5.0,3.4375],"rotation":0,"texture":"#0","tintindex":0},"up":{"uv":[5.40625,7.8125,5.28125,7.375],"rotation":0,"texture":"#0","tintindex":0},"west":{"uv":[8.09375,6.84375,8.53125,6.90625],"rotation":0,"texture":"#0","tintindex":0}}},{"name":"ornement","from":[3.2599988,6.379999,3.1999998],"to":[11.66,8.179999,12.8],"rotation":{"angle":0.0,"axis":"x","origin":[28.100002,13.999999,3.7999997]},"faces":{"down":{"uv":[4.59375,0.0,4.15625,0.5],"rotation":0,"texture":"#0","tintindex":0},"east":{"uv":[7.9375,5.6875,8.4375,5.78125],"rotation":0,"texture":"#0","tintindex":0},"north":{"uv":[5.5,0.34375,5.9375,0.4375],"rotation":0,"texture":"#0","tintindex":0},"south":{"uv":[7.96875,0.6875,8.40625,0.78125],"rotation":0,"texture":"#0","tintindex":0},"up":{"uv":[4.5625,1.5,4.125,1.0],"rotation":0,"texture":"#0","tintindex":0},"west":{"uv":[7.9375,5.8125,8.4375,5.90625],"rotation":0,"texture":"#0","tintindex":0}}},{"name":"ornement","from":[3.7399995,0.37999916,3.1999998],"to":[12.14,2.1799994,12.8],"rotation":{"angle":22.5,"axis":"z","origin":[7.459999,0.67999935,8.0]},"faces":{"down":{"uv":[2.71875,4.15625,2.28125,4.65625],"rotation":0,"texture":"#0","tintindex":0},"east":{"uv":[7.9375,6.40625,8.4375,6.5],"rotation":0,"texture":"#0","tintindex":0},"north":{"uv":[7.75,7.96875,8.1875,8.0625],"rotation":0,"texture":"#0","tintindex":0},"south":{"uv":[8.0,5.34375,8.4375,5.4375],"rotation":0,"texture":"#0","tintindex":0},"up":{"uv":[2.25,4.65625,1.8125,4.15625],"rotation":0,"texture":"#0","tintindex":0},"west":{"uv":[7.9375,6.53125,8.4375,6.625],"rotation":0,"texture":"#0","tintindex":0}}},{"name":"hand","from":[9.444584,-7.1477394,6.309729],"to":[12.432584,-1.1597395,9.2977295],"rotation":{"angle":22.5,"axis":"z","origin":[8.80425,-2.8931246,7.231597]},"faces":{"down":{"uv":[3.6875,8.40625,3.53125,8.5625],"rotation":0,"texture":"#0","tintindex":0},"east":{"uv":[7.65625,4.0,7.8125,4.3125],"rotation":0,"texture":"#0","tintindex":0},"north":{"uv":[3.875,5.4375,4.03125,5.75],"rotation":0,"texture":"#0","tintindex":0},"south":{"uv":[7.65625,6.0625,7.8125,6.375],"rotation":0,"texture":"#0","tintindex":0},"up":{"uv":[3.0,8.5625,2.84375,8.40625],"rotation":0,"texture":"#0","tintindex":0},"west":{"uv":[6.4375,7.6875,6.59375,8.0],"rotation":0,"texture":"#0","tintindex":0}}},{"name":"hand","from":[9.157154,-6.537978,8.649729],"to":[12.145155,-0.5499785,11.637729],"rotation":{"angle":22.5,"axis":"z","origin":[8.80425,-2.8931246,7.231597]},"faces":{"down":{"uv":[7.125,8.40625,6.96875,8.5625],"rotation":0,"texture":"#0","tintindex":0},"east":{"uv":[7.1875,7.6875,7.34375,8.0],"rotation":0,"texture":"#0","tintindex":0},"north":{"uv":[7.0,7.6875,7.15625,8.0],"rotation":0,"texture":"#0","tintindex":0},"south":{"uv":[7.71875,5.0,7.875,5.3125],"rotation":0,"texture":"#0","tintindex":0},"up":{"uv":[8.5625,7.09375,8.40625,6.9375],"rotation":0,"texture":"#0","tintindex":0},"west":{"uv":[7.75,2.25,7.90625,2.5625],"rotation":0,"texture":"#0","tintindex":0}}},{"name":"hand","from":[5.652977,-6.652774,8.70373],"to":[11.652978,-3.052773,11.70373],"rotation":{"angle":0.0,"axis":"x","origin":[8.80425,-2.8931246,7.231597]},"faces":{"down":{"uv":[8.0,3.625,7.6875,3.78125],"rotation":0,"texture":"#0","tintindex":0},"east":{"uv":[2.84375,0.875,3.0,1.0625],"rotation":0,"texture":"#0","tintindex":0},"north":{"uv":[7.34375,3.625,7.65625,3.8125],"rotation":0,"texture":"#0","tintindex":0},"south":{"uv":[3.0625,7.375,3.375,7.5625],"rotation":0,"texture":"#0","tintindex":0},"up":{"uv":[0.78125,4.5625,0.46875,4.40625],"rotation":0,"texture":"#0","tintindex":0},"west":{"uv":[5.8125,2.09375,5.96875,2.28125],"rotation":0,"texture":"#0","tintindex":0}}},{"name":"hand","from":[4.207526,-5.764408,6.309729],"to":[7.195526,-2.1764083,9.2977295],"rotation":{"angle":22.5,"axis":"z","origin":[8.80425,-2.8931246,7.171597]},"faces":{"down":{"uv":[7.5,8.40625,7.34375,8.5625],"rotation":0,"texture":"#0","tintindex":0},"east":{"uv":[8.25,0.34375,8.40625,0.53125],"rotation":0,"texture":"#0","tintindex":0},"north":{"uv":[4.90625,6.25,5.0625,6.4375],"rotation":0,"texture":"#0","tintindex":0},"south":{"uv":[4.09375,8.25,4.25,8.4375],"rotation":0,"texture":"#0","tintindex":0},"up":{"uv":[7.3125,8.5625,7.15625,8.40625],"rotation":0,"texture":"#0","tintindex":0},"west":{"uv":[4.28125,8.25,4.4375,8.4375],"rotation":0,"texture":"#0","tintindex":0}}},{"name":"hand","from":[4.4600973,-5.154648,8.709728],"to":[7.448097,-1.5666475,11.697729],"rotation":{"angle":22.5,"axis":"z","origin":[8.80425,-2.8931246,7.231597]},"faces":{"down":{"uv":[8.46875,8.40625,8.3125,8.5625],"rotation":0,"texture":"#0","tintindex":0},"east":{"uv":[7.75,8.28125,7.90625,8.46875],"rotation":0,"texture":"#0","tintindex":0},"north":{"uv":[6.21875,8.25,6.375,8.4375],"rotation":0,"texture":"#0","tintindex":0},"south":{"uv":[7.9375,8.28125,8.09375,8.46875],"rotation":0,"texture":"#0","tintindex":0},"up":{"uv":[7.6875,8.5625,7.53125,8.40625],"rotation":0,"texture":"#0","tintindex":0},"west":{"uv":[8.125,8.28125,8.28125,8.46875],"rotation":0,"texture":"#0","tintindex":0}}},{"name":"hand","from":[5.6469765,-7.318774,6.297729],"to":[11.6589775,-3.7067742,9.309729],"rotation":{"angle":0.0,"axis":"x","origin":[8.80425,-2.8931246,7.171597]},"faces":{"down":{"uv":[8.0625,2.78125,7.75,2.9375],"rotation":0,"texture":"#0","tintindex":0},"east":{"uv":[1.4375,8.3125,1.59375,8.5],"rotation":0,"texture":"#0","tintindex":0},"north":{"uv":[4.9375,7.375,5.25,7.5625],"rotation":0,"texture":"#0","tintindex":0},"south":{"uv":[1.84375,7.40625,2.15625,7.59375],"rotation":0,"texture":"#0","tintindex":0},"up":{"uv":[8.0625,2.75,7.75,2.59375],"rotation":0,"texture":"#0","tintindex":0},"west":{"uv":[2.46875,8.3125,2.625,8.5],"rotation":0,"texture":"#0","tintindex":0}}},{"name":"hand","from":[9.157154,-6.537978,3.9097292],"to":[12.145155,-0.5499785,6.897729],"rotation":{"angle":22.5,"axis":"z","origin":[8.80425,-2.8931246,7.231597]},"faces":{"down":{"uv":[8.59375,0.6875,8.4375,0.84375],"rotation":0,"texture":"#0","tintindex":0},"east":{"uv":[7.75,7.625,7.90625,7.9375],