{"textures":{"0":"modelengine:entity/nocsy_fpv2_boss","1":"modelengine:entity/nocsy_fpv2_ghoul"},"elements":[{"name":"quadri","from":[5.5999994,-3.1000004,4.7],"to":[10.4,7.7,10.700001],"rotation":{"angle":0.0,"axis":"x","origin":[18.5,15.5,5.8999996]},"faces":{"down":{"uv":[2.34375,7.03125,2.09375,7.34375],"rotation":0,"texture":"#0","tintindex":0},"east":{"uv":[2.15625,4.6875,2.46875,5.25],"rotation":0,"texture":"#0","tintindex":0},"north":{"uv":[0.84375,5.34375,1.09375,5.90625],"rotation":0,"texture":"#0","tintindex":0},"south":{"uv":[2.8125,5.71875,3.0625,6.28125],"rotation":0,"texture":"#0","tintindex":0},"up":{"uv":[7.25,2.65625,7.0,2.34375],"rotation":0,"texture":"#0","tintindex":0},"west":{"uv":[2.5,4.6875,2.8125,5.25],"rotation":0,"texture":"#0","tintindex":0}}},{"name":"cloth","from":[5.5999994,-6.339999,10.700001],"to":[10.4,-1.54,10.700001],"rotation":{"angle":-22.5,"axis":"x","origin":[8.0,-0.94000006,7.7]},"faces":{"down":{"uv":[5.84375,3.71875,5.59375,3.71875],"rotation":0,"texture":"#0","tintindex":0},"east":{"uv":[2.0625,3.6875,2.0625,3.9375],"rotation":0,"texture":"#0","tintindex":0},"north":{"uv":[0.9375,7.21875,1.1875,7.46875],"rotation":0,"texture":"#0","tintindex":0},"south":{"uv":[7.25,5.125,7.5,5.375],"rotation":0,"texture":"#0","tintindex":0},"up":{"uv":[2.34375,3.625,2.09375,3.625],"rotation":0,"texture":"#0","tintindex":0},"west":{"uv":[5.75,0.625,5.75,0.875],"rotation":0,"texture":"#0","tintindex":0}}},{"name":"cloth","from":[5.5999994,-5.7997694,4.7030516],"to":[10.4,-0.99977016,4.7030516],"rotation":{"angle":22.5,"axis":"x","origin":[8.0,-0.39977026,7.7030516]},"faces":{"down":{"uv":[7.15625,3.625,6.90625,3.625],"rotation":0,"texture":"#0","tintindex":0},"east":{"uv":[1.9375,6.0625,1.9375,6.3125],"rotation":0,"texture":"#0","tintindex":0},"north":{"uv":[6.8125,7.25,7.0625,7.5],"rotation":0,"texture":"#0","tintindex":0},"south":{"uv":[7.28125,0.0,7.53125,0.25],"rotation":0,"texture":"#0","tintindex":0},"up":{"uv":[6.3125,5.78125,6.0625,5.78125],"rotation":0,"texture":"#0","tintindex":0},"west":{"uv":[1.96875,6.0625,1.96875,6.3125],"rotation":0,"texture":"#0","tintindex":0}}},{"name":"cloth","from":[10.398197,-6.339999,4.7018027],"to":[10.398197,-1.54,10.701803],"rotation":{"angle":22.5,"axis":"z","origin":[7.398197,-0.94000006,7.101803]},"faces":{"down":{"uv":[5.75,6.59375,5.75,6.90625],"rotation":0,"texture":"#0","tintindex":0},"east":{"uv":[2.375,7.03125,2.6875,7.28125],"rotation":0,"texture":"#0","tintindex":0},"north":{"uv":[2.75,6.46875,2.75,6.71875],"rotation":0,"texture":"#0","tintindex":0},"south":{"uv":[2.78125,6.46875,2.78125,6.71875],"rotation":0,"texture":"#0","tintindex":0},"up":{"uv":[5.71875,6.90625,5.71875,6.59375],"rotation":0,"texture":"#0","tintindex":0},"west":{"uv":[3.90625,7.03125,4.21875,7.28125],"rotation":0,"texture":"#0","tintindex":0}}},{"name":"cloth","from":[5.6012487,-6.3397703,4.7018027],"to":[5.6012487,-1.5397701,10.701803],"rotation":{"angle":-22.5,"axis":"z","origin":[8.601249,-0.9397702,7.101803]},"faces":{"down":{"uv":[1.875,7.0625,1.875,7.375],"rotation":0,"texture":"#0","tintindex":0},"east":{"uv":[4.25,7.03125,4.5625,7.28125],"rotation":0,"texture":"#0","tintindex":0},"north":{"uv":[4.875,6.71875,4.875,6.96875],"rotation":0,"texture":"#0","tintindex":0},"south":{"uv":[5.6875,7.03125,5.6875,7.28125],"rotation":0,"texture":"#0","tintindex":0},"up":{"uv":[1.84375,7.375,1.84375,7.0625],"rotation":0,"texture":"#0","tintindex":0},"west":{"uv":[4.59375,7.03125,4.90625,7.28125],"rotation":0,"texture":"#0","tintindex":0}}}],"display":{"head":{"translation":[0.0,-6.4,0.0],"rotation":[0.0,0.0,0.0],"scale":[3.8095,3.8095,3.8095]}}}