{"textures":{"0":"modelengine:entity/nocsy_fpv2_boss","1":"modelengine:entity/nocsy_fpv2_ghoul"},"elements":[{"name":"tibia","from":[5.1167107,0.5518551,5.9456086],"to":[11.104711,8.339855,12.533609],"rotation":{"angle":0.0,"axis":"x","origin":[8.11071,4.4458547,9.239609]},"faces":{"down":{"uv":[6.96875,2.09375,6.65625,2.4375],"rotation":0,"texture":"#0","tintindex":0},"east":{"uv":[5.6875,4.90625,6.03125,5.3125],"rotation":0,"texture":"#0","tintindex":0},"north":{"uv":[6.0,2.09375,6.3125,2.5],"rotation":0,"texture":"#0","tintindex":0},"south":{"uv":[6.0,2.53125,6.3125,2.9375],"rotation":0,"texture":"#0","tintindex":0},"up":{"uv":[6.96875,2.0625,6.65625,1.71875],"rotation":0,"texture":"#0","tintindex":0},"west":{"uv":[5.71875,1.21875,6.0625,1.625],"rotation":0,"texture":"#0","tintindex":0}}},{"name":"tibia","from":[6.7762165,1.7458551,4.6753607],"to":[9.956217,8.345856,11.275361],"rotation":{"angle":-22.5,"axis":"y","origin":[7.3762164,4.4458547,7.975361]},"faces":{"down":{"uv":[5.59375,7.5625,5.4375,7.90625],"rotation":0,"texture":"#0","tintindex":0},"east":{"uv":[0.53125,6.40625,0.875,6.75],"rotation":0,"texture":"#0","tintindex":0},"north":{"uv":[7.53125,5.0,7.6875,5.34375],"rotation":0,"texture":"#0","tintindex":0},"south":{"uv":[6.8125,7.53125,6.96875,7.875],"rotation":0,"texture":"#0","tintindex":0},"up":{"uv":[7.71875,2.59375,7.5625,2.25],"rotation":0,"texture":"#0","tintindex":0},"west":{"uv":[0.90625,6.40625,1.25,6.75],"rotation":0,"texture":"#0","tintindex":0}}},{"name":"tibia","from":[5.8418937,1.7398549,2.8324797],"to":[9.033894,8.351855,9.444481],"rotation":{"angle":22.5,"axis":"y","origin":[13.227894,4.4458547,6.13848]},"faces":{"down":{"uv":[2.5,7.59375,2.34375,7.9375],"rotation":0,"texture":"#0","tintindex":0},"east":{"uv":[6.40625,4.90625,6.75,5.25],"rotation":0,"texture":"#0","tintindex":0},"north":{"uv":[5.625,7.5625,5.78125,7.90625],"rotation":0,"texture":"#0","tintindex":0},"south":{"uv":[5.8125,7.5625,5.96875,7.90625],"rotation":0,"texture":"#0","tintindex":0},"up":{"uv":[6.15625,7.90625,6.0,7.5625],"rotation":0,"texture":"#0","tintindex":0},"west":{"uv":[6.40625,5.28125,6.75,5.625],"rotation":0,"texture":"#0","tintindex":0}}},{"name":"tibia","from":[4.3907104,0.23054457,5.408209],"to":[11.590711,2.6305447,14.408209],"rotation":{"angle":22.5,"axis":"x","origin":[8.950711,4.1305447,8.408209]},"faces":{"down":{"uv":[3.21875,4.8125,2.84375,5.28125],"rotation":0,"texture":"#0","tintindex":0},"east":{"uv":[6.3125,7.3125,6.78125,7.4375],"rotation":0,"texture":"#0","tintindex":0},"north":{"uv":[7.9375,0.0,8.3125,0.125],"rotation":0,"texture":"#0","tintindex":0},"south":{"uv":[7.9375,1.0625,8.3125,1.1875],"rotation":0,"texture":"#0","tintindex":0},"up":{"uv":[5.09375,1.9375,4.71875,1.46875],"rotation":0,"texture":"#0","tintindex":0},"west":{"uv":[7.09375,7.3125,7.5625,7.4375],"rotation":0,"texture":"#0","tintindex":0}}}],"display":{"head":{"translation":[0.0,-6.4,0.0],"rotation":[0.0,0.0,0.0],"scale":[3.8095,3.8095,3.8095]}}}