{"textures":{"0":"modelengine:entity/nocsy_fpv2_boss","1":"modelengine:entity/nocsy_fpv2_ghoul"},"elements":[{"name":"cube","from":[6.228899,4.0531864,6.202569],"to":[9.228899,8.253186,9.802569],"rotation":{"angle":0.0,"axis":"x","origin":[7.689963,12.610792,8.032908]},"faces":{"down":{"uv":[7.75,8.875,7.125,9.625],"rotation":0,"texture":"#1","tintindex":0},"east":{"uv":[6.875,6.0,7.625,6.875],"rotation":0,"texture":"#1","tintindex":0},"north":{"uv":[7.875,6.875,8.5,7.75],"rotation":0,"texture":"#1","tintindex":0},"south":{"uv":[7.75,7.875,8.375,8.75],"rotation":0,"texture":"#1","tintindex":0},"up":{"uv":[2.625,9.625,2.0,8.875],"rotation":0,"texture":"#1","tintindex":0},"west":{"uv":[0.0,7.0,0.75,7.875],"rotation":0,"texture":"#1","tintindex":0}}},{"name":"cube","from":[9.228899,-1.3468137,6.202569],"to":[9.228899,4.0531864,9.802569],"rotation":{"angle":0.0,"axis":"x","origin":[7.689963,12.610792,8.032908]},"faces":{"down":{"uv":[10.5,7.5,10.5,8.25],"rotation":0,"texture":"#1","tintindex":0},"east":{"uv":[0.875,5.875,1.625,7.0],"rotation":0,"texture":"#1","tintindex":0},"north":{"uv":[10.5,1.25,10.5,2.375],"rotation":0,"texture":"#1","tintindex":0},"south":{"uv":[10.5,5.375,10.5,6.5],"rotation":0,"texture":"#1","tintindex":0},"up":{"uv":[10.5,7.375,10.5,6.625],"rotation":0,"texture":"#1","tintindex":0},"west":{"uv":[1.75,5.875,2.5,7.0],"rotation":0,"texture":"#1","tintindex":0}}},{"name":"cube","from":[6.981356,-1.3468137,6.357421],"to":[6.981356,4.0531864,9.95742],"rotation":{"angle":22.5,"axis":"y","origin":[6.2158813,1.1179504,8.171424]},"faces":{"down":{"uv":[9.5,10.5,9.5,11.25],"rotation":0,"texture":"#1","tintindex":0},"east":{"uv":[4.25,5.875,5.0,7.0],"rotation":0,"texture":"#1","tintindex":0},"north":{"uv":[9.25,10.5,9.25,11.625],"rotation":0,"texture":"#1","tintindex":0},"south":{"uv":[9.375,10.5,9.375,11.625],"rotation":0,"texture":"#1","tintindex":0},"up":{"uv":[10.5,9.125,10.5,8.375],"rotation":0,"texture":"#1","tintindex":0},"west":{"uv":[5.125,6.0,5.875,7.125],"rotation":0,"texture":"#1","tintindex":0}}},{"name":"cube","from":[8.60425,-1.3468137,6.6312246],"to":[8.60425,4.0531864,10.231225],"rotation":{"angle":22.5,"axis":"y","origin":[7.8387756,1.1179504,8.445228]},"faces":{"down":{"uv":[10.5,10.5,10.5,11.25],"rotation":0,"texture":"#1","tintindex":0},"east":{"uv":[6.0,6.0,6.75,7.125],"rotation":0,"texture":"#1","tintindex":0},"north":{"uv":[9.625,10.5,9.625,11.625],"rotation":0,"texture":"#1","tintindex":0},"south":{"uv":[10.25,10.5,10.25,11.625],"rotation":0,"texture":"#1","tintindex":0},"up":{"uv":[10.375,11.25,10.375,10.5],"rotation":0,"texture":"#1","tintindex":0},"west":{"uv":[6.375,3.75,7.125,4.875],"rotation":0,"texture":"#1","tintindex":0}}},{"name":"cube","from":[8.580475,-1.3468137,5.7783027],"to":[8.580475,4.0531864,9.378303],"rotation":{"angle":-22.5,"axis":"y","origin":[7.838221,1.1179504,7.62036]},"faces":{"down":{"uv":[0.375,10.625,0.375,11.375],"rotation":0,"texture":"#1","tintindex":0},"east":{"uv":[6.625,0.0,7.375,1.125],"rotation":0,"texture":"#1","tintindex":0},"north":{"uv":[0.0,10.625,0.0,11.75],"rotation":0,"texture":"#1","tintindex":0},"south":{"uv":[0.125,10.625,0.125,11.75],"rotation":0,"texture":"#1","tintindex":0},"up":{"uv":[0.25,11.375,0.25,10.625],"rotation":0,"texture":"#1","tintindex":0},"west":{"uv":[6.625,1.25,7.375,2.375],"rotation":0,"texture":"#1","tintindex":0}}}],"display":{"head":{"translation":[0.0,-6.4,0.0],"rotation":[0.0,0.0,0.0],"scale":[3.8095,3.8095,3.8095]}}}