{"textures":{"0":"modelengine:entity/nocsy_fpv2_boss","1":"modelengine:entity/nocsy_fpv2_ghoul"},"elements":[{"name":"cube","from":[6.771101,4.0531864,6.202569],"to":[9.771101,8.253186,9.802569],"rotation":{"angle":0.0,"axis":"x","origin":[8.310037,12.610792,8.032908]},"faces":{"down":{"uv":[4.0,8.75,3.375,9.5],"rotation":0,"texture":"#1","tintindex":0},"east":{"uv":[6.375,5.0,7.125,5.875],"rotation":0,"texture":"#1","tintindex":0},"north":{"uv":[5.625,3.75,6.25,4.625],"rotation":0,"texture":"#1","tintindex":0},"south":{"uv":[2.625,7.875,3.25,8.75],"rotation":0,"texture":"#1","tintindex":0},"up":{"uv":[0.625,9.5,0.0,8.75],"rotation":0,"texture":"#1","tintindex":0},"west":{"uv":[6.625,2.5,7.375,3.375],"rotation":0,"texture":"#1","tintindex":0}}},{"name":"cube","from":[6.771101,-1.3468137,6.202569],"to":[6.771101,4.0531864,9.802569],"rotation":{"angle":0.0,"axis":"x","origin":[8.310037,12.610792,8.032908]},"faces":{"down":{"uv":[7.25,10.375,7.25,11.125],"rotation":0,"texture":"#1","tintindex":0},"east":{"uv":[4.875,0.0,5.625,1.125],"rotation":0,"texture":"#1","tintindex":0},"north":{"uv":[7.0,10.375,7.0,11.5],"rotation":0,"texture":"#1","tintindex":0},"south":{"uv":[7.125,10.375,7.125,11.5],"rotation":0,"texture":"#1","tintindex":0},"up":{"uv":[10.375,7.875,10.375,7.125],"rotation":0,"texture":"#1","tintindex":0},"west":{"uv":[4.875,1.25,5.625,2.375],"rotation":0,"texture":"#1","tintindex":0}}},{"name":"cube","from":[9.018644,-1.3468137,6.357421],"to":[9.018644,4.0531864,9.95742],"rotation":{"angle":-22.5,"axis":"y","origin":[9.784119,1.1179504,8.171424]},"faces":{"down":{"uv":[7.75,10.375,7.75,11.125],"rotation":0,"texture":"#1","tintindex":0},"east":{"uv":[5.5,4.75,6.25,5.875],"rotation":0,"texture":"#1","tintindex":0},"north":{"uv":[7.375,10.375,7.375,11.5],"rotation":0,"texture":"#1","tintindex":0},"south":{"uv":[7.5,10.375,7.5,11.5],"rotation":0,"texture":"#1","tintindex":0},"up":{"uv":[7.625,11.125,7.625,10.375],"rotation":0,"texture":"#1","tintindex":0},"west":{"uv":[0.0,5.75,0.75,6.875],"rotation":0,"texture":"#1","tintindex":0}}},{"name":"cube","from":[7.3957496,-1.3468137,6.6312246],"to":[7.3957496,4.0531864,10.231225],"rotation":{"angle":-22.5,"axis":"y","origin":[8.161224,1.1179504,8.445228]},"faces":{"down":{"uv":[8.25,10.375,8.25,11.125],"rotation":0,"texture":"#1","tintindex":0},"east":{"uv":[5.75,0.0,6.5,1.125],"rotation":0,"texture":"#1","tintindex":0},"north":{"uv":[7.875,10.375,7.875,11.5],"rotation":0,"texture":"#1","tintindex":0},"south":{"uv":[8.0,10.375,8.0,11.5],"rotation":0,"texture":"#1","tintindex":0},"up":{"uv":[8.125,11.125,8.125,10.375],"rotation":0,"texture":"#1","tintindex":0},"west":{"uv":[5.75,1.25,6.5,2.375],"rotation":0,"texture":"#1","tintindex":0}}},{"name":"cube","from":[7.4195247,-1.3468137,5.7783027],"to":[7.4195247,4.0531864,9.378303],"rotation":{"angle":22.5,"axis":"y","origin":[8.161778,1.1179504,7.62036]},"faces":{"down":{"uv":[10.125,10.375,10.125,11.125],"rotation":0,"texture":"#1","tintindex":0},"east":{"uv":[5.75,2.5,6.5,3.625],"rotation":0,"texture":"#1","tintindex":0},"north":{"uv":[9.75,10.375,9.75,11.5],"rotation":0,"texture":"#1","tintindex":0},"south":{"uv":[9.875,10.375,9.875,11.5],"rotation":0,"texture":"#1","tintindex":0},"up":{"uv":[10.0,11.125,10.0,10.375],"rotation":0,"texture":"#1","tintindex":0},"west":{"uv":[3.375,5.75,4.125,6.875],"rotation":0,"texture":"#1","tintindex":0}}}],"display":{"head":{"translation":[0.0,-6.4,0.0],"rotation":[0.0,0.0,0.0],"scale":[3.8095,3.8095,3.8095]}}}