{"textures":{"0":"modelengine:entity/nocsy_fpv2_boss","1":"modelengine:entity/nocsy_fpv2_ghoul"},"elements":[{"name":"shoulder","from":[6.3999996,2.799999,3.7999997],"to":[14.799999,11.199999,12.2],"rotation":{"angle":0.0,"axis":"x","origin":[-9.500002,2.1999989,3.7999997]},"faces":{"down":{"uv":[5.0625,0.0,4.625,0.4375],"rotation":0,"texture":"#0","tintindex":0},"east":{"uv":[4.59375,3.46875,5.03125,3.90625],"rotation":0,"texture":"#0","tintindex":0},"north":{"uv":[4.59375,1.0,5.03125,1.4375],"rotation":0,"texture":"#0","tintindex":0},"south":{"uv":[3.6875,4.59375,4.125,5.03125],"rotation":0,"texture":"#0","tintindex":0},"up":{"uv":[4.59375,5.03125,4.15625,4.59375],"rotation":0,"texture":"#0","tintindex":0},"west":{"uv":[4.59375,3.9375,5.03125,4.375],"rotation":0,"texture":"#0","tintindex":0}}},{"name":"ornement","from":[6.34,2.7399988,2.5399995],"to":[9.459999,12.46,13.46],"rotation":{"angle":0.0,"axis":"x","origin":[7.899999,7.5999994,8.0]},"faces":{"down":{"uv":[7.09375,6.65625,6.9375,7.21875],"rotation":0,"texture":"#0","tintindex":0},"east":{"uv":[0.59375,3.21875,1.15625,3.71875],"rotation":0,"texture":"#0","tintindex":0},"north":{"uv":[7.0625,5.125,7.21875,5.625],"rotation":0,"texture":"#0","tintindex":0},"south":{"uv":[0.53125,7.09375,0.6875,7.59375],"rotation":0,"texture":"#0","tintindex":0},"up":{"uv":[7.09375,6.625,6.9375,6.0625],"rotation":0,"texture":"#0","tintindex":0},"west":{"uv":[3.21875,3.125,3.78125,3.625],"rotation":0,"texture":"#0","tintindex":0}}},{"name":"biceps","from":[8.199999,-5.6000004,5.0],"to":[13.599999,2.799999,11.0],"rotation":{"angle":0.0,"axis":"x","origin":[-9.500002,2.1999989,3.7999997]},"faces":{"down":{"uv":[7.25,0.0,6.96875,0.3125],"rotation":0,"texture":"#0","tintindex":0},"east":{"uv":[3.09375,5.96875,3.40625,6.40625],"rotation":0,"texture":"#0","tintindex":0},"north":{"uv":[6.34375,1.9375,6.625,2.375],"rotation":0,"texture":"#0","tintindex":0},"south":{"uv":[6.34375,2.40625,6.625,2.84375],"rotation":0,"texture":"#0","tintindex":0},"up":{"uv":[7.1875,3.59375,6.90625,3.28125],"rotation":0,"texture":"#0","tintindex":0},"west":{"uv":[6.0,0.0,6.3125,0.4375],"rotation":0,"texture":"#0","tintindex":0}}}],"display":{"head":{"translation":[0.0,-6.4,0.0],"rotation":[0.0,0.0,0.0],"scale":[3.8095,3.8095,3.8095]}}}