{"textures":{"0":"modelengine:entity/nocsy_fpv2_boss","1":"modelengine:entity/nocsy_fpv2_ghoul"},"elements":[{"name":"forearm","from":[4.946,2.7859995,3.806],"to":[12.134001,8.174,12.194],"rotation":{"angle":0.0,"axis":"x","origin":[-12.1,13.999999,3.7999997]},"faces":{"down":{"uv":[5.65625,5.0,5.28125,5.4375],"rotation":0,"texture":"#0","tintindex":0},"east":{"uv":[6.34375,3.65625,6.78125,3.9375],"rotation":0,"texture":"#0","tintindex":0},"north":{"uv":[6.09375,6.71875,6.46875,7.0],"rotation":0,"texture":"#0","tintindex":0},"south":{"uv":[0.53125,6.78125,0.90625,7.0625],"rotation":0,"texture":"#0","tintindex":0},"up":{"uv":[2.78125,5.71875,2.40625,5.28125],"rotation":0,"texture":"#0","tintindex":0},"west":{"uv":[6.375,5.78125,6.8125,6.0625],"rotation":0,"texture":"#0","tintindex":0}}},{"name":"forearm","from":[9.740002,0.37999916,3.7999997],"to":[12.140001,2.7799993,12.2],"rotation":{"angle":0.0,"axis":"x","origin":[-12.1,13.999999,3.7999997]},"faces":{"down":{"uv":[6.78125,7.46875,6.65625,7.90625],"rotation":0,"texture":"#0","tintindex":0},"east":{"uv":[0.71875,7.5,1.15625,7.625],"rotation":0,"texture":"#0","tintindex":0},"north":{"uv":[3.59375,7.8125,3.71875,7.9375],"rotation":0,"texture":"#0","tintindex":0},"south":{"uv":[8.625,2.71875,8.75,2.84375],"rotation":0,"texture":"#0","tintindex":0},"up":{"uv":[4.625,7.90625,4.5,7.46875],"rotation":0,"texture":"#0","tintindex":0},"west":{"uv":[1.1875,7.5,1.625,7.625],"rotation":0,"texture":"#0","tintindex":0}}},{"name":"forearm","from":[7.340001,1.5799993,3.7999997],"to":[9.740002,2.7799993,12.2],"rotation":{"angle":0.0,"axis":"x","origin":[-12.1,13.999999,3.7999997]},"faces":{"down":{"uv":[7.625,6.0625,7.5,6.5],"rotation":0,"texture":"#0","tintindex":0},"east":{"uv":[8.28125,2.09375,8.71875,2.15625],"rotation":0,"texture":"#0","tintindex":0},"north":{"uv":[5.5,4.90625,5.625,4.96875],"rotation":0,"texture":"#0","tintindex":0},"south":{"uv":[6.96875,0.34375,7.09375,0.40625],"rotation":0,"texture":"#0","tintindex":0},"up":{"uv":[7.625,4.28125,7.5,3.84375],"rotation":0,"texture":"#0","tintindex":0},"west":{"uv":[8.34375,0.0,8.78125,0.0625],"rotation":0,"texture":"#0","tintindex":0}}},{"name":"ornement","from":[4.34,6.379999,3.1999998],"to":[12.740001,8.179999,12.8],"rotation":{"angle":0.0,"axis":"x","origin":[-12.1,13.999999,3.7999997]},"faces":{"down":{"uv":[4.6875,1.53125,4.25,2.03125],"rotation":0,"texture":"#0","tintindex":0},"east":{"uv":[7.9375,7.59375,8.4375,7.6875],"rotation":0,"texture":"#0","tintindex":0},"north":{"uv":[8.0,5.46875,8.4375,5.5625],"rotation":0,"texture":"#0","tintindex":0},"south":{"uv":[8.03125,3.5625,8.46875,3.65625],"rotation":0,"texture":"#0","tintindex":0},"up":{"uv":[3.1875,4.65625,2.75,4.15625],"rotation":0,"texture":"#0","tintindex":0},"west":{"uv":[7.9375,7.71875,8.4375,7.8125],"rotation":0,"texture":"#0","tintindex":0}}},{"name":"ornement","from":[3.8600001,0.37999916,3.1999998],"to":[12.26,2.1799994,12.8],"rotation":{"angle":-22.5,"axis":"z","origin":[8.540001,0.67999935,8.0]},"faces":{"down":{"uv":[0.4375,4.40625,0.0,4.90625],"rotation":0,"texture":"#0","tintindex":0},"east":{"uv":[7.9375,7.84375,8.4375,7.9375],"rotation":0,"texture":"#0","tintindex":0},"north":{"uv":[8.03125,3.6875,8.46875,3.78125],"rotation":0,"texture":"#0","tintindex":0},"south":{"uv":[8.03125,4.0,8.46875,4.09375],"rotation":0,"texture":"#0","tintindex":0},"up":{"uv":[3.65625,4.78125,3.21875,4.28125],"rotation":0,"texture":"#0","tintindex":0},"west":{"uv":[7.96875,0.5625,8.46875,0.65625],"rotation":0,"texture":"#0","tintindex":0}}},{"name":"hand","from":[3.5674164,-7.1477394,6.309729],"to":[6.5554156,-1.1597395,9.2977295],"rotation":{"angle":-22.5,"axis":"z","origin":[7.19575,-2.8931246,7.231597]},"faces":{"down":{"uv":[8.59375,3.8125,8.4375,3.96875],"rotation":0,"texture":"#0","tintindex":0},"east":{"uv":[1.25,7.8125,1.40625,8.125],"rotation":0,"texture":"#0","tintindex":0},"north":{"uv":[1.0625,7.8125,1.21875,8.125],"rotation":0,"texture":"#0","tintindex":0},"south":{"uv":[7.8125,5.34375,7.96875,5.65625],"rotation":0,"texture":"#0","tintindex":0},"up":{"uv":[8.59375,3.125,8.4375,2.96875],"rotation":0,"texture":"#0","tintindex":0},"west":{"uv":[2.15625,7.84375,2.3125,8.15625],"rotation":0,"texture":"#0","tintindex":0}}},{"name":"hand","from":[3.854845,-6.537978,8.649729],"to":[6.8428454,-0.5499785,11.637729],"rotation":{"angle":-22.5,"axis":"z","origin":[7.19575,-2.8931246,7.231597]},"faces":{"down":{"uv":[8.59375,4.96875,8.4375,5.125],"rotation":0,"texture":"#0","tintindex":0},"east":{"uv":[5.25,7.84375,5.40625,8.15625],"rotation":0,"texture":"#0","tintindex":0},"north":{"uv":[7.84375,4.0,8.0,4.3125],"rotation":0,"texture":"#0","tintindex":0},"south":{"uv":[7.84375,6.0625,8.0,6.375],"rotation":0,"texture":"#0","tintindex":0},"up":{"uv":[8.59375,4.375,8.4375,4.21875],"rotation":0,"texture":"#0","tintindex":0},"west":{"uv":[7.375,7.84375,7.53125,8.15625],"rotation":0,"texture":"#0","tintindex":0}}},{"name":"hand","from":[4.347022,-6.652774,8.70373],"to":[10.347023,-3.052773,11.70373],"rotation":{"angle":0.0,"axis":"x","origin":[7.19575,-2.8931246,7.231597]},"faces":{"down":{"uv":[8.15625,1.9375,7.84375,2.09375],"rotation":0,"texture":"#0","tintindex":0},"east":{"uv":[8.3125,8.1875,8.46875,8.375],"rotation":0,"texture":"#0","tintindex":0},"north":{"uv":[7.40625,2.84375,7.71875,3.03125],"rotation":0,"texture":"#0","tintindex":0},"south":{"uv":[7.40625,4.78125,7.71875,4.96875],"rotation":0,"texture":"#0","tintindex":0},"up":{"uv":[8.09375,0.34375,7.78125,0.1875],"rotation":0,"texture":"#0","tintindex":0},"west":{"uv":[0.40625,8.34375,0.5625,8.53125],"rotation":0,"texture":"#0","tintindex":0}}},{"name":"hand","from":[8.804474,-5.764408,6.309729],"to":[11.792474,-2.1764083,9.2977295],"rotation":{"angle":-22.5,"axis":"z","origin":[7.19575,-2.8931246,7.171597]},"faces":{"down":{"uv":[2.34375,8.46875,2.1875,8.625],"rotation":0,"texture":"#0","tintindex":0},"east":{"uv":[0.78125,8.34375,0.9375,8.53125],"rotation":0,"texture":"#0","tintindex":0},"north":{"uv":[0.59375,8.34375,0.75,8.53125],"rotation":0,"texture":"#0","tintindex":0},"south":{"uv":[0.96875,8.34375,1.125,8.53125],"rotation":0,"texture":"#0","tintindex":0},"up":{"uv":[8.59375,5.3125,8.4375,5.15625],"rotation":0,"texture":"#0","tintindex":0},"west":{"uv":[8.34375,1.0,8.5,1.1875],"rotation":0,"texture":"#0","tintindex":0}}},{"name":"hand","from":[8.551903,-5.154648,8.709728],"to":[11.539903,-1.5666475,11.697729],"rotation":{"angle":-22.5,"axis":"z","origin":[7.19575,-2.8931246,7.231597]},"faces":{"down":{"uv":[4.34375,8.46875,4.1875,8.625],"rotation":0,"texture":"#0","tintindex":0},"east":{"uv":[1.8125,8.34375,1.96875,8.53125],"rotation":0,"texture":"#0","tintindex":0},"north":{"uv":[1.625,8.34375,1.78125,8.53125],"rotation":0,"texture":"#0","tintindex":0},"south":{"uv":[2.0,8.34375,2.15625,8.53125],"rotation":0,"texture":"#0","tintindex":0},"up":{"uv":[4.15625,8.625,4.0,8.46875],"rotation":0,"texture":"#0","tintindex":0},"west":{"uv":[4.625,8.34375,4.78125,8.53125],"rotation":0,"texture":"#0","tintindex":0}}},{"name":"hand","from":[4.341022,-7.318774,6.297729],"to":[10.353024,-3.7067742,9.309729],"rotation":{"angle":0.0,"axis":"x","origin":[7.19575,-2.8931246,7.171597]},"faces":{"down":{"uv":[8.1875,1.75,7.875,1.90625],"rotation":0,"texture":"#0","tintindex":0},"east":{"uv":[4.8125,8.34375,4.96875,8.53125],"rotation":0,"texture":"#0","tintindex":0},"north":{"uv":[7.40625,6.5625,7.71875,6.75],"rotation":0,"texture":"#0","tintindex":0},"south":{"uv":[7.40625,6.78125,7.71875,6.96875],"rotation":0,"texture":"#0","tintindex":0},"up":{"uv":[8.1875,1.71875,7.875,1.5625],"rotation":0,"texture":"#0","tintindex":0},"west":{"uv":[5.0,8.34375,5.15625,8.53125],"rotation":0,"texture":"#0","tintindex":0}}},{"name":"hand","from":[3.854845,-6.537978,3.9097292],"to":[6.8428454,-0.5499785,6.897729],"rotation":{"angle":-22.5,"axis":"z","origin":[7.19575,-2.8931246,7.231597]},"faces":{"down":{"uv":[8.625,5.34375,8.46875,5.5],"rotation":0,"texture":"#0",