{"textures":{"0":"modelengine:entity/nocsy_fpv2_boss","1":"modelengine:entity/nocsy_fpv2_ghoul"},"elements":[{"name":"tibia","from":[4.8952894,0.5518551,5.9456086],"to":[10.883289,8.339855,12.533609],"rotation":{"angle":0.0,"axis":"x","origin":[7.8892894,4.4458547,9.239609]},"faces":{"down":{"uv":[3.875,6.6875,3.5625,7.03125],"rotation":0,"texture":"#0","tintindex":0},"east":{"uv":[2.28125,5.75,2.625,6.15625],"rotation":0,"texture":"#0","tintindex":0},"north":{"uv":[3.4375,6.0,3.75,6.40625],"rotation":0,"texture":"#0","tintindex":0},"south":{"uv":[6.0,3.71875,6.3125,4.125],"rotation":0,"texture":"#0","tintindex":0},"up":{"uv":[6.96875,2.8125,6.65625,2.46875],"rotation":0,"texture":"#0","tintindex":0},"west":{"uv":[5.78125,0.625,6.125,1.03125],"rotation":0,"texture":"#0","tintindex":0}}},{"name":"tibia","from":[6.043783,1.7458551,4.6753607],"to":[9.2237835,8.345856,11.275361],"rotation":{"angle":22.5,"axis":"y","origin":[8.623783,4.4458547,7.975361]},"faces":{"down":{"uv":[4.09375,7.59375,3.9375,7.9375],"rotation":0,"texture":"#0","tintindex":0},"east":{"uv":[6.4375,0.90625,6.78125,1.25],"rotation":0,"texture":"#0","tintindex":0},"north":{"uv":[3.0,7.59375,3.15625,7.9375],"rotation":0,"texture":"#0","tintindex":0},"south":{"uv":[3.1875,7.59375,3.34375,7.9375],"rotation":0,"texture":"#0","tintindex":0},"up":{"uv":[3.90625,7.9375,3.75,7.59375],"rotation":0,"texture":"#0","tintindex":0},"west":{"uv":[2.8125,6.4375,3.15625,6.78125],"rotation":0,"texture":"#0","tintindex":0}}},{"name":"tibia","from":[6.9661064,1.7398549,2.8324797],"to":[10.158106,8.351855,9.444481],"rotation":{"angle":-22.5,"axis":"y","origin":[2.7721064,4.4458547,6.13848]},"faces":{"down":{"uv":[2.6875,7.625,2.53125,7.96875],"rotation":0,"texture":"#0","tintindex":0},"east":{"uv":[3.1875,6.4375,3.53125,6.78125],"rotation":0,"texture":"#0","tintindex":0},"north":{"uv":[4.9375,7.59375,5.09375,7.9375],"rotation":0,"texture":"#0","tintindex":0},"south":{"uv":[0.5,7.625,0.65625,7.96875],"rotation":0,"texture":"#0","tintindex":0},"up":{"uv":[2.0,7.96875,1.84375,7.625],"rotation":0,"texture":"#0","tintindex":0},"west":{"uv":[4.09375,6.4375,4.4375,6.78125],"rotation":0,"texture":"#0","tintindex":0}}},{"name":"tibia","from":[4.409289,0.23054457,5.408209],"to":[11.609289,2.6305447,14.408209],"rotation":{"angle":22.5,"axis":"x","origin":[7.049289,4.1305447,8.408209]},"faces":{"down":{"uv":[0.375,4.9375,0.0,5.40625],"rotation":0,"texture":"#0","tintindex":0},"east":{"uv":[1.21875,7.34375,1.6875,7.46875],"rotation":0,"texture":"#0","tintindex":0},"north":{"uv":[7.9375,1.375,8.3125,1.5],"rotation":0,"texture":"#0","tintindex":0},"south":{"uv":[7.9375,3.40625,8.3125,3.53125],"rotation":0,"texture":"#0","tintindex":0},"up":{"uv":[5.25,3.03125,4.875,2.5625],"rotation":0,"texture":"#0","tintindex":0},"west":{"uv":[7.34375,2.0,7.8125,2.125],"rotation":0,"texture":"#0","tintindex":0}}}],"display":{"head":{"translation":[0.0,-6.4,0.0],"rotation":[0.0,0.0,0.0],"scale":[3.8095,3.8095,3.8095]}}}