{"textures":{"0":"modelengine:entity/nocsy_fpv2_boss","1":"modelengine:entity/nocsy_fpv2_ghoul"},"elements":[{"name":"quadri","from":[5.6,-3.1000004,4.7],"to":[10.4,7.7,10.700001],"rotation":{"angle":0.0,"axis":"x","origin":[-2.5000005,15.5,5.8999996]},"faces":{"down":{"uv":[5.46875,7.03125,5.21875,7.34375],"rotation":0,"texture":"#0","tintindex":0},"east":{"uv":[3.25,4.8125,3.5625,5.375],"rotation":0,"texture":"#0","tintindex":0},"north":{"uv":[0.3125,5.75,0.5625,6.3125],"rotation":0,"texture":"#0","tintindex":0},"south":{"uv":[2.0,5.75,2.25,6.3125],"rotation":0,"texture":"#0","tintindex":0},"up":{"uv":[5.1875,7.34375,4.9375,7.03125],"rotation":0,"texture":"#0","tintindex":0},"west":{"uv":[4.875,1.96875,5.1875,2.53125],"rotation":0,"texture":"#0","tintindex":0}}},{"name":"cloth","from":[5.6,-6.339999,10.700001],"to":[10.4,-1.54,10.700001],"rotation":{"angle":-22.5,"axis":"x","origin":[8.0,-0.94000006,7.7]},"faces":{"down":{"uv":[7.65625,7.15625,7.40625,7.15625],"rotation":0,"texture":"#0","tintindex":0},"east":{"uv":[0.28125,7.15625,0.28125,7.40625],"rotation":0,"texture":"#0","tintindex":0},"north":{"uv":[7.28125,1.71875,7.53125,1.96875],"rotation":0,"texture":"#0","tintindex":0},"south":{"uv":[7.28125,2.34375,7.53125,2.59375],"rotation":0,"texture":"#0","tintindex":0},"up":{"uv":[7.65625,3.21875,7.40625,3.21875],"rotation":0,"texture":"#0","tintindex":0},"west":{"uv":[0.3125,7.15625,0.3125,7.40625],"rotation":0,"texture":"#0","tintindex":0}}},{"name":"cloth","from":[5.6,-5.7997694,4.7030516],"to":[10.4,-0.99977016,4.7030516],"rotation":{"angle":22.5,"axis":"x","origin":[8.0,-0.39977026,7.7030516]},"faces":{"down":{"uv":[7.8125,1.5625,7.5625,1.5625],"rotation":0,"texture":"#0","tintindex":0},"east":{"uv":[4.65625,7.46875,4.65625,7.71875],"rotation":0,"texture":"#0","tintindex":0},"north":{"uv":[2.375,7.3125,2.625,7.5625],"rotation":0,"texture":"#0","tintindex":0},"south":{"uv":[3.875,7.3125,4.125,7.5625],"rotation":0,"texture":"#0","tintindex":0},"up":{"uv":[7.78125,5.375,7.53125,5.375],"rotation":0,"texture":"#0","tintindex":0},"west":{"uv":[1.6875,7.5,1.6875,7.75],"rotation":0,"texture":"#0","tintindex":0}}},{"name":"cloth","from":[5.601803,-6.339999,4.7018027],"to":[5.601803,-1.54,10.701803],"rotation":{"angle":-22.5,"axis":"z","origin":[8.601803,-0.94000006,7.101803]},"faces":{"down":{"uv":[7.875,8.75,7.875,9.0625],"rotation":0,"texture":"#0","tintindex":0},"east":{"uv":[6.03125,7.03125,6.34375,7.28125],"rotation":0,"texture":"#0","tintindex":0},"north":{"uv":[2.96875,7.625,2.96875,7.875],"rotation":0,"texture":"#0","tintindex":0},"south":{"uv":[4.09375,7.96875,4.09375,8.21875],"rotation":0,"texture":"#0","tintindex":0},"up":{"uv":[6.65625,9.0625,6.65625,8.75],"rotation":0,"texture":"#0","tintindex":0},"west":{"uv":[1.5,7.0625,1.8125,7.3125],"rotation":0,"texture":"#0","tintindex":0}}},{"name":"cloth","from":[10.398752,-6.3397703,4.7018027],"to":[10.398752,-1.5397701,10.701803],"rotation":{"angle":22.5,"axis":"z","origin":[7.3987513,-0.9397702,7.101803]},"faces":{"down":{"uv":[4.6875,8.78125,4.6875,9.09375],"rotation":0,"texture":"#0","tintindex":0},"east":{"uv":[7.0625,2.6875,7.375,2.9375],"rotation":0,"texture":"#0","tintindex":0},"north":{"uv":[7.90625,8.75,7.90625,9.0],"rotation":0,"texture":"#0","tintindex":0},"south":{"uv":[3.375,8.78125,3.375,9.03125],"rotation":0,"texture":"#0","tintindex":0},"up":{"uv":[4.65625,9.09375,4.65625,8.78125],"rotation":0,"texture":"#0","tintindex":0},"west":{"uv":[7.0625,2.96875,7.375,3.21875],"rotation":0,"texture":"#0","tintindex":0}}}],"display":{"head":{"translation":[0.0,-6.4,0.0],"rotation":[0.0,0.0,0.0],"scale":[3.8095,3.8095,3.8095]}}}