{"textures":{"0":"modelengine:entity/griffin_silverwing"},"elements":[{"name":"cube","from":[5.064755,7.454151,3.9086266],"to":[9.862129,12.251524,11.104687],"rotation":{"angle":0.0,"axis":"x","origin":[-4.426643,-0.57623124,16.86771]},"faces":{"down":{"uv":[1.871,5.504,1.379,6.246],"rotation":0,"texture":"#0","tintindex":0},"east":{"uv":[0.504,5.254,1.246,5.746],"rotation":0,"texture":"#0","tintindex":0},"north":{"uv":[5.129,6.504,5.621,6.996],"rotation":0,"texture":"#0","tintindex":0},"south":{"uv":[5.754,6.504,6.246,6.996],"rotation":0,"texture":"#0","tintindex":0},"up":{"uv":[5.746,5.746,5.254,5.004],"rotation":0,"texture":"#0","tintindex":0},"west":{"uv":[5.254,0.629,5.996,1.121],"rotation":0,"texture":"#0","tintindex":0}}},{"name":"cube","from":[6.264098,8.653494,-0.88874626],"to":[8.662785,11.052181,3.9086266],"rotation":{"angle":0.0,"axis":"x","origin":[-4.426643,-0.57623124,16.86771]},"faces":{"down":{"uv":[3.996,7.504,3.754,7.996],"rotation":0,"texture":"#0","tintindex":0},"east":{"uv":[7.379,4.129,7.871,4.371],"rotation":0,"texture":"#0","tintindex":0},"north":{"uv":[4.379,5.879,4.621,6.121],"rotation":0,"texture":"#0","tintindex":0},"south":{"uv":[6.129,4.129,6.371,4.371],"rotation":0,"texture":"#0","tintindex":0},"up":{"uv":[3.621,7.996,3.379,7.504],"rotation":0,"texture":"#0","tintindex":0},"west":{"uv":[7.379,4.504,7.871,4.746],"rotation":0,"texture":"#0","tintindex":0}}},{"name":"cube","from":[6.264098,6.85448,-0.88874626],"to":[8.662785,8.653494,0.31059718],"rotation":{"angle":0.0,"axis":"x","origin":[-4.426643,-0.57623124,16.86771]},"faces":{"down":{"uv":[7.621,4.879,7.379,4.996],"rotation":0,"texture":"#0","tintindex":0},"east":{"uv":[3.754,1.754,3.871,1.9375],"rotation":0,"texture":"#0","tintindex":0},"north":{"uv":[4.879,8.504,5.121,8.6875],"rotation":0,"texture":"#0","tintindex":0},"south":{"uv":[5.254,8.504,5.496,8.6875],"rotation":0,"texture":"#0","tintindex":0},"up":{"uv":[6.996,1.746,6.754,1.629],"rotation":0,"texture":"#0","tintindex":0},"west":{"uv":[2.254,4.629,2.371,4.8125],"rotation":0,"texture":"#0","tintindex":0}}},{"name":"cube","from":[1.5371813,7.454151,6.411991],"to":[1.5371813,12.251524,13.608051],"rotation":{"angle":-22.5,"axis":"y","origin":[-4.426643,-0.57623124,16.86771]},"faces":{"down":{"uv":[0.504,8.879,0.504,9.621],"rotation":0,"texture":"#0","tintindex":0},"east":{"uv":[1.246,5.879,0.504,6.371],"rotation":0,"texture":"#0","tintindex":0},"north":{"uv":[0.129,8.879,0.129,9.371],"rotation":0,"texture":"#0","tintindex":0},"south":{"uv":[0.254,8.879,0.254,9.371],"rotation":0,"texture":"#0","tintindex":0},"up":{"uv":[0.379,9.621,0.379,8.879],"rotation":0,"texture":"#0","tintindex":0},"west":{"uv":[0.504,5.879,1.246,6.371],"rotation":0,"texture":"#0","tintindex":0}}},{"name":"cube","from":[13.389703,7.454151,6.411991],"to":[13.389703,12.251524,13.608051],"rotation":{"angle":22.5,"axis":"y","origin":[19.353527,-0.57623124,16.86771]},"faces":{"down":{"uv":[0.504,8.879,0.504,9.621],"rotation":0,"texture":"#0","tintindex":0},"east":{"uv":[1.246,5.879,0.504,6.371],"rotation":0,"texture":"#0","tintindex":0},"north":{"uv":[0.129,8.879,0.129,9.371],"rotation":0,"texture":"#0","tintindex":0},"south":{"uv":[0.254,8.879,0.254,9.371],"rotation":0,"texture":"#0","tintindex":0},"up":{"uv":[0.379,9.621,0.379,8.879],"rotation":0,"texture":"#0","tintindex":0},"west":{"uv":[2.746,5.754,2.004,6.246],"rotation":0,"texture":"#0","tintindex":0}}},{"name":"cube","from":[13.389703,7.454151,6.411991],"to":[13.389703,12.251524,13.608051],"rotation":{"angle":22.5,"axis":"y","origin":[19.353527,-0.57623124,16.86771]},"faces":{"down":{"uv":[0.504,8.879,0.504,9.621],"rotation":0,"texture":"#0","tintindex":0},"east":{"uv":[1.246,5.879,0.504,6.371],"rotation":0,"texture":"#0","tintindex":0},"north":{"uv":[0.129,8.879,0.129,9.371],"rotation":0,"texture":"#0","tintindex":0},"south":{"uv":[0.254,8.879,0.254,9.371],"rotation":0,"texture":"#0","tintindex":0},"up":{"uv":[0.379,9.621,0.379,8.879],"rotation":0,"texture":"#0","tintindex":0},"west":{"uv":[0.504,5.879,1.246,6.371],"rotation":0,"texture":"#0","tintindex":0}}}],"display":{"head":{"translation":[0.0,-6.4,0.0],"rotation":[0.0,0.0,0.0],"scale":[3.8095,3.8095,3.8095]}}}