{"textures":{"0":"modelengine:entity/griffin_silverwing"},"elements":[{"name":"cube","from":[6.500821,1.1449738,2.696497],"to":[9.49918,7.1416907,6.294527],"rotation":{"angle":-45.0,"axis":"x","origin":[15.692383,11.366425,4.0725975]},"faces":{"down":{"uv":[4.504,7.629,4.8125,7.996],"rotation":0,"texture":"#0","tintindex":0},"east":{"uv":[6.996,3.379,6.629,3.996],"rotation":0,"texture":"#0","tintindex":0},"north":{"uv":[3.9375,6.754,3.629,7.371],"rotation":0,"texture":"#0","tintindex":0},"south":{"uv":[7.1875,0.004,6.879,0.621],"rotation":0,"texture":"#0","tintindex":0},"up":{"uv":[7.629,1.996,7.9375,1.629],"rotation":0,"texture":"#0","tintindex":0},"west":{"uv":[6.996,2.629,6.629,3.246],"rotation":0,"texture":"#0","tintindex":0}}}],"display":{"head":{"translation":[0.0,-6.4,0.0],"rotation":[0.0,0.0,0.0],"scale":[3.8095,3.8095,3.8095]}}}