{"textures":{"0":"modelengine:entity/griffin_silverwing"},"elements":[{"name":"cube","from":[5.9710536,1.6427667,5.8547287],"to":[9.569084,8.838827,10.6521015],"rotation":{"angle":0.0,"axis":"x","origin":[15.462451,6.69193,13.505174]},"faces":{"down":{"uv":[1.254,7.129,1.621,7.621],"rotation":0,"texture":"#0","tintindex":0},"east":{"uv":[5.996,3.629,5.504,4.371],"rotation":0,"texture":"#0","tintindex":0},"north":{"uv":[2.996,6.504,2.629,7.246],"rotation":0,"texture":"#0","tintindex":0},"south":{"uv":[3.496,6.504,3.129,7.246],"rotation":0,"texture":"#0","tintindex":0},"up":{"uv":[4.504,7.496,4.871,7.004],"rotation":0,"texture":"#0","tintindex":0},"west":{"uv":[5.996,2.754,5.504,3.496],"rotation":0,"texture":"#0","tintindex":0}}},{"name":"cube","from":[12.027451,1.6427667,6.3679037],"to":[12.027451,8.838827,11.1652775],"rotation":{"angle":22.5,"axis":"y","origin":[15.462451,6.69193,13.505174]},"faces":{"down":{"uv":[2.004,8.879,2.004,9.371],"rotation":0,"texture":"#0","tintindex":0},"east":{"uv":[6.371,4.504,5.879,5.246],"rotation":0,"texture":"#0","tintindex":0},"north":{"uv":[1.629,8.879,1.629,9.621],"rotation":0,"texture":"#0","tintindex":0},"south":{"uv":[1.754,8.879,1.754,9.621],"rotation":0,"texture":"#0","tintindex":0},"up":{"uv":[1.879,9.371,1.879,8.879],"rotation":0,"texture":"#0","tintindex":0},"west":{"uv":[5.879,4.504,6.371,5.246],"rotation":0,"texture":"#0","tintindex":0}}}],"display":{"head":{"translation":[0.0,-6.4,0.0],"rotation":[0.0,0.0,0.0],"scale":[3.8095,3.8095,3.8095]}}}