{"textures":{"0":"modelengine:entity/griffin_silverwing"},"elements":[{"name":"cube","from":[7.8132863,7.100492,8.148155],"to":[16.20869,8.8995075,12.945528],"rotation":{"angle":22.5,"axis":"y","origin":[1.7053132,3.8673334,10.0338]},"faces":{"down":{"uv":[2.254,5.129,3.121,5.621],"rotation":0,"texture":"#0","tintindex":0},"east":{"uv":[8.496,4.879,8.004,5.0625],"rotation":0,"texture":"#0","tintindex":0},"north":{"uv":[0.871,7.254,0.004,7.4375],"rotation":0,"texture":"#0","tintindex":0},"south":{"uv":[8.121,0.754,7.254,0.9375],"rotation":0,"texture":"#0","tintindex":0},"up":{"uv":[5.129,2.621,5.996,2.129],"rotation":0,"texture":"#0","tintindex":0},"west":{"uv":[8.496,4.504,8.004,4.6875],"rotation":0,"texture":"#0","tintindex":0}}},{"name":"cube","from":[8.454909,7.1304755,9.113468],"to":[12.05294,8.869524,18.708216],"rotation":{"angle":0.0,"axis":"x","origin":[1.7053132,3.8673334,10.0338]},"faces":{"down":{"uv":[6.129,1.879,6.496,2.871],"rotation":0,"texture":"#0","tintindex":0},"east":{"uv":[8.121,3.379,7.129,3.5625],"rotation":0,"texture":"#0","tintindex":0},"north":{"uv":[4.246,8.129,3.879,8.3125],"rotation":0,"texture":"#0","tintindex":0},"south":{"uv":[4.746,8.129,4.379,8.3125],"rotation":0,"texture":"#0","tintindex":0},"up":{"uv":[1.754,3.496,2.121,2.504],"rotation":0,"texture":"#0","tintindex":0},"west":{"uv":[8.121,3.004,7.129,3.1875],"rotation":0,"texture":"#0","tintindex":0}}},{"name":"cube","from":[12.228261,7.1304755,13.841893],"to":[15.826291,8.869524,25.835327],"rotation":{"angle":45.0,"axis":"y","origin":[1.7053132,3.8673334,10.0338]},"faces":{"down":{"uv":[4.754,5.004,5.121,6.246],"rotation":0,"texture":"#0","tintindex":0},"east":{"uv":[7.871,5.504,6.629,5.6875],"rotation":0,"texture":"#0","tintindex":0},"north":{"uv":[5.246,8.129,4.879,8.3125],"rotation":0,"texture":"#0","tintindex":0},"south":{"uv":[5.746,8.129,5.379,8.3125],"rotation":0,"texture":"#0","tintindex":0},"up":{"uv":[0.004,6.246,0.371,5.004],"rotation":0,"texture":"#0","tintindex":0},"west":{"uv":[7.871,5.129,6.629,5.3125],"rotation":0,"texture":"#0","tintindex":0}}},{"name":"cube","from":[11.151107,7.100492,12.965442],"to":[14.749136,8.8995075,22.560192],"rotation":{"angle":22.5,"axis":"y","origin":[1.7053132,3.8673334,10.0338]},"faces":{"down":{"uv":[6.129,5.379,6.496,6.371],"rotation":0,"texture":"#0","tintindex":0},"east":{"uv":[5.996,7.129,5.004,7.3125],"rotation":0,"texture":"#0","tintindex":0},"north":{"uv":[8.496,5.629,8.129,5.8125],"rotation":0,"texture":"#0","tintindex":0},"south":{"uv":[6.246,8.129,5.879,8.3125],"rotation":0,"texture":"#0","tintindex":0},"up":{"uv":[6.129,3.996,6.496,3.004],"rotation":0,"texture":"#0","tintindex":0},"west":{"uv":[8.121,3.754,7.129,3.9375],"rotation":0,"texture":"#0","tintindex":0}}}],"display":{"head":{"translation":[0.0,-6.4,0.0],"rotation":[0.0,0.0,0.0],"scale":[3.8095,3.8095,3.8095]}}}