{"textures":{"0":"modelengine:entity/griffin_silverwing"},"elements":[{"name":"cube","from":[3.802298,13.704812,4.171092],"to":[12.197702,13.704812,8.968466],"rotation":{"angle":-22.5,"axis":"x","origin":[-3.8900847,7.016258,7.213671]},"faces":{"down":{"uv":[5.746,1.504,4.879,1.996],"rotation":0,"texture":"#0","tintindex":0},"east":{"uv":[1.629,3.629,2.121,3.629],"rotation":0,"texture":"#0","tintindex":0},"north":{"uv":[8.504,8.379,9.371,8.379],"rotation":0,"texture":"#0","tintindex":0},"south":{"uv":[8.629,2.629,9.496,2.629],"rotation":0,"texture":"#0","tintindex":0},"up":{"uv":[5.746,1.996,4.879,1.504],"rotation":0,"texture":"#0","tintindex":0},"west":{"uv":[8.629,4.129,9.121,4.129],"rotation":0,"texture":"#0","tintindex":0}}},{"name":"cube","from":[3.802298,3.6530285,-1.4965677],"to":[12.197702,12.048432,8.09818],"rotation":{"angle":0.0,"axis":"x","origin":[-3.8900847,7.016258,7.213671]},"faces":{"down":{"uv":[3.121,1.129,2.254,2.121],"rotation":0,"texture":"#0","tintindex":0},"east":{"uv":[0.004,1.504,0.996,2.371],"rotation":0,"texture":"#0","tintindex":0},"north":{"uv":[0.754,2.504,1.621,3.371],"rotation":0,"texture":"#0","tintindex":0},"south":{"uv":[3.004,2.254,3.871,3.121],"rotation":0,"texture":"#0","tintindex":0},"up":{"uv":[3.121,0.996,2.254,0.004],"rotation":0,"texture":"#0","tintindex":0},"west":{"uv":[1.129,1.504,2.121,2.371],"rotation":0,"texture":"#0","tintindex":0}}}],"display":{"head":{"translation":[0.0,-6.4,0.0],"rotation":[0.0,0.0,0.0],"scale":[3.8095,3.8095,3.8095]}}}