{"textures":{"0":"modelengine:entity/ent_guardian"},"elements":[{"name":"cube","from":[2.0168562,0.96648955,-4.2727084],"to":[14.074149,13.023783,7.7845855],"rotation":{"angle":0.0,"axis":"x","origin":[8.045503,6.5645194,3.4784093]},"faces":{"down":{"uv":[6.875,1.0,6.0,1.875],"rotation":0,"texture":"#0","tintindex":0},"east":{"uv":[3.375,5.5,4.25,6.375],"rotation":0,"texture":"#0","tintindex":0},"north":{"uv":[5.5,2.125,6.375,3.0],"rotation":0,"texture":"#0","tintindex":0},"south":{"uv":[0.75,5.625,1.625,6.5],"rotation":0,"texture":"#0","tintindex":0},"up":{"uv":[0.0,0.0,0.875,0.875],"rotation":0,"texture":"#0","tintindex":0},"west":{"uv":[5.625,3.125,6.5,4.0],"rotation":0,"texture":"#0","tintindex":0}}},{"name":"cube","from":[2.447474,10.223809,-9.425988],"to":[5.892415,13.668751,-4.2585773],"rotation":{"angle":22.5,"axis":"x","origin":[4.1699443,12.261723,-9.062279]},"faces":{"down":{"uv":[7.5,8.375,7.25,8.75],"rotation":0,"texture":"#0","tintindex":0},"east":{"uv":[6.125,5.0,6.5,5.25],"rotation":0,"texture":"#0","tintindex":0},"north":{"uv":[9.875,5.75,10.125,6.0],"rotation":0,"texture":"#0","tintindex":0},"south":{"uv":[10.875,7.5,11.125,7.75],"rotation":0,"texture":"#0","tintindex":0},"up":{"uv":[3.25,7.25,3.0,6.875],"rotation":0,"texture":"#0","tintindex":0},"west":{"uv":[9.875,0.625,10.25,0.875],"rotation":0,"texture":"#0","tintindex":0}}},{"name":"cube","from":[3.3087091,11.849742,-10.912255],"to":[5.0311794,17.017153,-9.189784],"rotation":{"angle":-45.0,"axis":"x","origin":[4.1699443,12.261723,-9.062279]},"faces":{"down":{"uv":[1.75,6.625,1.625,6.75],"rotation":0,"texture":"#0","tintindex":0},"east":{"uv":[9.875,11.0,10.0,11.375],"rotation":0,"texture":"#0","tintindex":0},"north":{"uv":[1.25,10.25,1.375,10.625],"rotation":0,"texture":"#0","tintindex":0},"south":{"uv":[10.125,11.0,10.25,11.375],"rotation":0,"texture":"#0","tintindex":0},"up":{"uv":[2.0,5.375,1.875,5.25],"rotation":0,"texture":"#0","tintindex":0},"west":{"uv":[11.125,0.0,11.25,0.375],"rotation":0,"texture":"#0","tintindex":0}}},{"name":"cube","from":[0.2943859,11.3013115,-2.5502377],"to":[3.7393267,19.913666,-0.8277669],"rotation":{"angle":22.5,"axis":"x","origin":[2.0168562,15.607488,-3.4114718]},"faces":{"down":{"uv":[7.75,3.375,7.5,3.5],"rotation":0,"texture":"#0","tintindex":0},"east":{"uv":[1.25,2.25,1.375,2.875],"rotation":0,"texture":"#0","tintindex":0},"north":{"uv":[1.5,10.0,1.75,10.625],"rotation":0,"texture":"#0","tintindex":0},"south":{"uv":[10.0,2.375,10.25,3.0],"rotation":0,"texture":"#0","tintindex":0},"up":{"uv":[7.625,0.75,7.375,0.625],"rotation":0,"texture":"#0","tintindex":0},"west":{"uv":[1.875,4.5,2.0,5.125],"rotation":0,"texture":"#0","tintindex":0}}},{"name":"cube","from":[0.42357087,17.89056,0.6068144],"to":[2.1460419,23.057972,2.329283],"rotation":{"angle":45.0,"axis":"x","origin":[1.1556208,20.474266,1.4680486]},"faces":{"down":{"uv":[6.25,9.875,6.125,10.0],"rotation":0,"texture":"#0","tintindex":0},"east":{"uv":[1.0,11.125,1.125,11.5],"rotation":0,"texture":"#0","tintindex":0},"north":{"uv":[0.75,11.125,0.875,11.5],"rotation":0,"texture":"#0","tintindex":0},"south":{"uv":[2.375,11.125,2.5,11.5],"rotation":0,"texture":"#0","tintindex":0},"up":{"uv":[9.875,2.5,9.75,2.375],"rotation":0,"texture":"#0","tintindex":0},"west":{"uv":[2.625,11.125,2.75,11.5],"rotation":0,"texture":"#0","tintindex":0}}},{"name":"cube","from":[2.0168562,11.745445,1.3280095],"to":[3.7393267,18.635326,4.77295],"rotation":{"angle":22.5,"axis":"x","origin":[2.8780918,16.05162,3.0504804]},"faces":{"down":{"uv":[1.625,8.5,1.5,8.75],"rotation":0,"texture":"#0","tintindex":0},"east":{"uv":[6.625,7.125,6.875,7.625],"rotation":0,"texture":"#0","tintindex":0},"north":{"uv":[4.75,8.125,4.875,8.625],"rotation":0,"texture":"#0","tintindex":0},"south":{"uv":[4.375,10.125,4.5,10.625],"rotation":0,"texture":"#0","tintindex":0},"up":{"uv":[6.75,5.25,6.625,5.0],"rotation":0,"texture":"#0","tintindex":0},"west":{"uv":[10.25,4.5,10.5,5.0],"rotation":0,"texture":"#0","tintindex":0}}},{"name":"cube","from":[1.1556208,8.717607,-6.4257956],"to":[14.935386,13.885016,2.1865568],"rotation":{"angle":-22.5,"axis":"x","origin":[8.045503,10.440077,-1.6890011]},"faces":{"down":{"uv":[7.5,2.0,6.5,2.625],"rotation":0,"texture":"#0","tintindex":0},"east":{"uv":[7.125,4.5,7.75,4.875],"rotation":0,"texture":"#0","tintindex":0},"north":{"uv":[8.375,0.0,9.375,0.375],"rotation":0,"texture":"#0","tintindex":0},"south":{"uv":[8.5,2.75,9.5,3.125],"rotation":0,"texture":"#0","tintindex":0},"up":{"uv":[6.875,7.0,5.875,6.375],"rotation":0,"texture":"#0","tintindex":0},"west":{"uv":[9.25,7.5,9.875,7.875],"rotation":0,"texture":"#0","tintindex":0}}},{"name":"cube","from":[1.2202137,10.209728,-0.6939509],"to":[14.870792,15.377141,4.4734616],"rotation":{"angle":22.5,"axis":"x","origin":[8.110096,11.070965,-2.416422]},"faces":{"down":{"uv":[5.75,8.75,4.75,9.125],"rotation":0,"texture":"#0","tintindex":0},"east":{"uv":[0.0,0.0,0.375,0.375],"rotation":0,"texture":"#0","tintindex":0},"north":{"uv":[8.625,2.125,9.625,2.5],"rotation":0,"texture":"#0","tintindex":0},"south":{"uv":[2.5,8.75,3.5,9.125],"rotation":0,"texture":"#0","tintindex":0},"up":{"uv":[0.0,0.0,0.990625,0.375],"rotation":0,"texture":"#0","tintindex":0},"west":{"uv":[0.0,0.0,0.375,0.375],"rotation":0,"texture":"#0","tintindex":0}}},{"name":"cube","from":[1.1986828,5.5228267,0.42949033],"to":[14.8923235,12.412709,5.596902],"rotation":{"angle":0.0,"axis":"x","origin":[8.088565,11.120857,2.1519613]},"faces":{"down":{"uv":[9.75,5.625,8.75,6.0],"rotation":0,"texture":"#0","tintindex":0},"east":{"uv":[9.75,9.75,10.125,10.25],"rotation":0,"texture":"#0","tintindex":0},"north":{"uv":[7.0,0.875,8.0,1.375],"rotation":0,"texture":"#0","tintindex":0},"south":{"uv":[7.0,6.25,8.0,6.75],"rotation":0,"texture":"#0","tintindex":0},"up":{"uv":[9.75,5.5,8.75,5.125],"rotation":0,"texture":"#0","tintindex":0},"west":{"uv":[9.875,0.0,10.25,0.5],"rotation":0,"texture":"#0","tintindex":0}}},{"name":"cube","from":[6.3230324,3.1249907,-6.0032797],"to":[9.767974,10.014872,-4.280809],"rotation":{"angle":0.0,"axis":"x","origin":[8.045503,6.5699325,-5.142045]},"faces":{"down":{"uv":[10.375,9.125,10.125,9.25],"rotation":0,"texture":"#0","tintindex":0},"east":{"uv":[10.875,10.875,11.0,11.375],"rotation":0,"texture":"#0","tintindex":0},"north":{"uv":[10.25,5.125,10.5,5.625],"rotation":0,"texture":"#0","tintindex":0},"south":{"uv":[10.25,5.75,10.5,6.25],"rotation":0,"texture":"#0","tintindex":0},"up":{"uv":[9.75,6.75,9.5,6.625],"rotation":0,"texture":"#0","tintindex":0},"west":{"uv":[11.0,1.0,11.125,1.5],"rotation":0,"texture":"#0","tintindex":0}}},{"name":"cube","from":[12.351679,11.745445,1.3280095],"to":[14.074149,18.635326,4.77295],"rotation":{"angle":22.5,"axis":"x","origin":[13.212914,16.05162,3.0504804]},"faces":{"down":{"uv":[1.5,8.5,1.625,8.75],"rotation":0,"texture":"#0","tintindex":0},"east":{"uv":[10.5,4.5,10.25,5.0],"rotation":0,"texture":"#0","tintindex":0},"north":{"uv":[4.875,8.125,4.75,8.625],"rotation":0,"texture":"#0","tintindex":0},"south":{"uv":[4.5,10.125,4.375,10.625],"rotation":0,"texture":"#0","tintindex":0},"up":{"uv":[6.625,5.25,6.75,5.0],"rotation":0,"texture":"#0","tintindex":0},"west":{"uv":[6.875,7.125,6.625,7.625],"rotation":0,"texture":"#0","tintindex":0}}},{"name":"cube","from":[12.351679,18.36684,5.578334],"to":[14.074149,23.534248,7.300805],"rotation":{"angle":45.0,"axis":"x","origin":[12.351679,20.519928,4.717098]},"faces":{"down":{"uv":[3.625,11.375,3.75,11.5],"rotation":0,"texture":"#0","tintindex":0},"east":{"uv":[8.25,11.125,8.125,11.5],"rotation":0,"texture":"#0","tintindex":0},"north":{"uv":[7.75,11.125,7.625,11.5],"rotation":0,"texture":"#0","tintindex":0},"south":{"uv":[11.25,7.875,11.125,8.25],"rotation":0,"texture":"#0","tintindex":0},"up":{"uv":[11.25,6.75,11.375,6.625],"rotation":0,"texture":"#0","tintindex":0},"west":{"uv":[8.0,11.125,7.875,11.5],"rotation":0,"texture":"#0","tintindex":0}}},{"name":"cube","from":[13.944964,17.89056,0.6068144],