{"textures":{"0":"modelengine:entity/ent_guardian"},"elements":[{"name":"cube","from":[1.1556208,-0.13120031,-1.3892779],"to":[14.935386,6.7586823,10.668016],"rotation":{"angle":-22.5,"axis":"x","origin":[7.184268,0.73003507,4.639369]},"faces":{"down":{"uv":[5.5,3.25,4.5,4.125],"rotation":0,"texture":"#0","tintindex":0},"east":{"uv":[7.375,0.0,8.25,0.5],"rotation":0,"texture":"#0","tintindex":0},"north":{"uv":[6.875,5.0,7.875,5.5],"rotation":0,"texture":"#0","tintindex":0},"south":{"uv":[6.875,5.625,7.875,6.125],"rotation":0,"texture":"#0","tintindex":0},"up":{"uv":[5.25,0.875,4.25,0.0],"rotation":0,"texture":"#0","tintindex":0},"west":{"uv":[3.0,7.375,3.875,7.875],"rotation":0,"texture":"#0","tintindex":0}}},{"name":"cube","from":[2.8780918,-3.3794684,0.46070075],"to":[13.212914,0.06547332,10.795523],"rotation":{"angle":-22.5,"axis":"x","origin":[8.045503,-1.6569977,5.628111]},"faces":{"down":{"uv":[1.5,6.625,0.75,7.375],"rotation":0,"texture":"#0","tintindex":0},"east":{"uv":[9.75,2.0,10.5,2.25],"rotation":0,"texture":"#0","tintindex":0},"north":{"uv":[0.75,7.5,1.5,7.75],"rotation":0,"texture":"#0","tintindex":0},"south":{"uv":[6.375,9.75,7.125,10.0],"rotation":0,"texture":"#0","tintindex":0},"up":{"uv":[4.125,7.25,3.375,6.5],"rotation":0,"texture":"#0","tintindex":0},"west":{"uv":[9.75,9.375,10.5,9.625],"rotation":0,"texture":"#0","tintindex":0}}},{"name":"cube","from":[1.1556208,6.7586823,-1.3892779],"to":[2.8780918,9.342388,0.33319283],"rotation":{"angle":-22.5,"axis":"x","origin":[8.906738,0.73003507,4.639369]},"faces":{"down":{"uv":[11.5,5.625,11.375,5.75],"rotation":0,"texture":"#0","tintindex":0},"east":{"uv":[0.875,9.875,1.0,10.0625],"rotation":0,"texture":"#0","tintindex":0},"north":{"uv":[0.5,8.875,0.625,9.0625],"rotation":0,"texture":"#0","tintindex":0},"south":{"uv":[11.375,1.625,11.5,1.8125],"rotation":0,"texture":"#0","tintindex":0},"up":{"uv":[5.75,11.5,5.625,11.375],"rotation":0,"texture":"#0","tintindex":0},"west":{"uv":[11.375,2.0,11.5,2.1875],"rotation":0,"texture":"#0","tintindex":0}}},{"name":"cube","from":[4.1699443,6.7586823,-1.3892779],"to":[5.892415,8.4811535,0.33319283],"rotation":{"angle":-22.5,"axis":"x","origin":[8.906738,0.73003507,4.639369]},"faces":{"down":{"uv":[11.5,5.375,11.375,5.5],"rotation":0,"texture":"#0","tintindex":0},"east":{"uv":[11.375,4.625,11.5,4.75],"rotation":0,"texture":"#0","tintindex":0},"north":{"uv":[4.625,11.375,4.75,11.5],"rotation":0,"texture":"#0","tintindex":0},"south":{"uv":[4.875,11.375,5.0,11.5],"rotation":0,"texture":"#0","tintindex":0},"up":{"uv":[11.5,5.25,11.375,5.125],"rotation":0,"texture":"#0","tintindex":0},"west":{"uv":[11.375,4.875,11.5,5.0],"rotation":0,"texture":"#0","tintindex":0}}},{"name":"cube","from":[10.198591,6.7586823,-1.3892779],"to":[11.9210615,8.4811535,0.33319283],"rotation":{"angle":-22.5,"axis":"x","origin":[7.184268,0.73003507,4.639369]},"faces":{"down":{"uv":[11.375,5.375,11.5,5.5],"rotation":0,"texture":"#0","tintindex":0},"east":{"uv":[11.5,4.875,11.375,5.0],"rotation":0,"texture":"#0","tintindex":0},"north":{"uv":[4.75,11.375,4.625,11.5],"rotation":0,"texture":"#0","tintindex":0},"south":{"uv":[5.0,11.375,4.875,11.5],"rotation":0,"texture":"#0","tintindex":0},"up":{"uv":[11.375,5.25,11.5,5.125],"rotation":0,"texture":"#0","tintindex":0},"west":{"uv":[11.5,4.625,11.375,4.75],"rotation":0,"texture":"#0","tintindex":0}}},{"name":"cube","from":[13.212914,6.7586823,-1.3892779],"to":[14.935386,9.342388,0.33319283],"rotation":{"angle":-22.5,"axis":"x","origin":[7.184268,0.73003507,4.639369]},"faces":{"down":{"uv":[11.375,5.625,11.5,5.75],"rotation":0,"texture":"#0","tintindex":0},"east":{"uv":[11.5,2.0,11.375,2.1875],"rotation":0,"texture":"#0","tintindex":0},"north":{"uv":[0.625,8.875,0.5,9.0625],"rotation":0,"texture":"#0","tintindex":0},"south":{"uv":[11.5,1.625,11.375,1.8125],"rotation":0,"texture":"#0","tintindex":0},"up":{"uv":[5.625,11.5,5.75,11.375],"rotation":0,"texture":"#0","tintindex":0},"west":{"uv":[1.0,9.875,0.875,10.0625],"rotation":0,"texture":"#0","tintindex":0}}}],"display":{"head":{"translation":[0.0,-6.4,0.0],"rotation":[0.0,0.0,0.0],"scale":[3.8095,3.8095,3.8095]}}}