{"textures":{"0":"modelengine:entity/ent_guardian"},"elements":[{"name":"cube","from":[0.50921106,-8.431585,4.0194106],"to":[9.121563,8.793119,12.6317625],"rotation":{"angle":-22.5,"axis":"z","origin":[4.8153872,0.18076682,8.325586]},"faces":{"down":{"uv":[4.94375,6.675,4.31875,7.3],"rotation":0,"texture":"#0","tintindex":0},"east":{"uv":[3.625,3.0,4.25,4.25],"rotation":0,"texture":"#0","tintindex":0},"north":{"uv":[3.625,3.0,4.25,4.25],"rotation":0,"texture":"#0","tintindex":0},"south":{"uv":[3.625,3.0,4.25,4.25],"rotation":0,"texture":"#0","tintindex":0},"up":{"uv":[3.625,3.0,4.25,3.625],"rotation":0,"texture":"#0","tintindex":0},"west":{"uv":[3.625,3.0,4.25,4.25],"rotation":0,"texture":"#0","tintindex":0}}},{"name":"cube","from":[-4.870515,-11.327387,4.148596],"to":[-1.4255729,-6.159977,7.593537],"rotation":{"angle":-45.0,"axis":"z","origin":[-1.8561912,-9.1743,5.741881]},"faces":{"down":{"uv":[3.875,3.25,4.125,3.5],"rotation":0,"texture":"#0","tintindex":0},"east":{"uv":[3.625,3.0,3.875,3.375],"rotation":0,"texture":"#0","tintindex":0},"north":{"uv":[3.625,3.0,3.875,3.375],"rotation":0,"texture":"#0","tintindex":0},"south":{"uv":[3.625,3.0,3.875,3.375],"rotation":0,"texture":"#0","tintindex":0},"up":{"uv":[3.625,3.0,3.875,3.25],"rotation":0,"texture":"#0","tintindex":0},"west":{"uv":[3.625,3.0,3.875,3.375],"rotation":0,"texture":"#0","tintindex":0}}},{"name":"cube","from":[-8.103141,-4.986644,9.186822],"to":[0.50921106,8.793119,9.186822],"rotation":{"angle":-22.5,"axis":"z","origin":[4.8153872,0.18076682,8.325586]},"faces":{"down":{"uv":[12.5,3.875,13.125,4.875],"rotation":0,"texture":"#0","tintindex":0},"east":{"uv":[12.5,3.875,13.125,4.875],"rotation":0,"texture":"#0","tintindex":0},"north":{"uv":[4.375,5.5,5.0,6.5],"rotation":0,"texture":"#0","tintindex":0},"south":{"uv":[5.0,5.5,4.375,6.5],"rotation":0,"texture":"#0","tintindex":0},"up":{"uv":[12.5,3.875,13.125,4.875],"rotation":0,"texture":"#0","tintindex":0},"west":{"uv":[12.5,3.875,13.125,4.875],"rotation":0,"texture":"#0","tintindex":0}}},{"name":"cube","from":[-4.870515,-11.327387,9.143761],"to":[-1.4255729,-6.159977,12.588701],"rotation":{"angle":-45.0,"axis":"z","origin":[-1.8561912,-9.1743,5.741881]},"faces":{"down":{"uv":[3.875,3.25,4.125,3.5],"rotation":0,"texture":"#0","tintindex":0},"east":{"uv":[3.625,3.0,3.875,3.375],"rotation":0,"texture":"#0","tintindex":0},"north":{"uv":[3.625,3.0,3.875,3.375],"rotation":0,"texture":"#0","tintindex":0},"south":{"uv":[3.625,3.0,3.875,3.375],"rotation":0,"texture":"#0","tintindex":0},"up":{"uv":[3.625,3.0,3.875,3.25],"rotation":0,"texture":"#0","tintindex":0},"west":{"uv":[3.625,3.0,3.875,3.375],"rotation":0,"texture":"#0","tintindex":0}}},{"name":"cube","from":[2.7022345,-12.2625065,2.426125],"to":[6.147175,-7.0950937,5.871066],"rotation":{"angle":45.0,"axis":"x","origin":[-2.465177,-7.9563293,5.871066]},"faces":{"down":{"uv":[3.875,3.25,4.125,3.5],"rotation":270,"texture":"#0","tintindex":0},"east":{"uv":[3.625,3.0,3.875,3.375],"rotation":0,"texture":"#0","tintindex":0},"north":{"uv":[3.625,3.0,3.875,3.375],"rotation":0,"texture":"#0","tintindex":0},"south":{"uv":[3.625,3.0,3.875,3.375],"rotation":0,"texture":"#0","tintindex":0},"up":{"uv":[3.625,3.0,3.875,3.25],"rotation":90,"texture":"#0","tintindex":0},"west":{"uv":[3.625,3.0,3.875,3.375],"rotation":0,"texture":"#0","tintindex":0}}}],"display":{"head":{"translation":[0.0,-6.4,0.0],"rotation":[0.0,0.0,0.0],"scale":[3.8095,3.8095,3.8095]}}}