{"textures":{"0":"modelengine:entity/ent_guardian"},"elements":[{"name":"cube","from":[8.6450815,3.1901693,6.492838],"to":[11.659406,10.080051,9.507161],"rotation":{"angle":45.0,"axis":"z","origin":[11.013477,6.2044926,-0.6123524]},"faces":{"down":{"uv":[3.625,3.0,3.84375,3.21875],"rotation":270,"texture":"#0","tintindex":0},"east":{"uv":[3.625,3.0,3.84375,3.5],"rotation":0,"texture":"#0","tintindex":0},"north":{"uv":[3.625,3.0,3.84375,3.5],"rotation":0,"texture":"#0","tintindex":0},"south":{"uv":[3.625,3.0,3.84375,3.5],"rotation":0,"texture":"#0","tintindex":0},"up":{"uv":[3.625,3.0,3.84375,3.21875],"rotation":90,"texture":"#0","tintindex":0},"west":{"uv":[3.625,3.0,3.84375,3.5],"rotation":0,"texture":"#0","tintindex":0}}}],"display":{"head":{"translation":[0.0,-6.4,0.0],"rotation":[0.0,0.0,0.0],"scale":[3.8095,3.8095,3.8095]}}}