{"textures":{"0":"modelengine:entity/ent_guardian"},"elements":[{"name":"cube","from":[2.8533754,1.9028091,4.7018228],"to":[5.8676987,8.79269,7.7161465],"rotation":{"angle":45.0,"axis":"x","origin":[4.5327845,6.2089853,6.2089844]},"faces":{"down":{"uv":[3.625,3.0,3.84375,3.21875],"rotation":0,"texture":"#0","tintindex":0},"east":{"uv":[3.625,3.0,3.84375,3.5],"rotation":0,"texture":"#0","tintindex":0},"north":{"uv":[3.84375,3.0,3.625,3.5],"rotation":0,"texture":"#0","tintindex":0},"south":{"uv":[3.625,3.0,3.84375,3.5],"rotation":0,"texture":"#0","tintindex":0},"up":{"uv":[3.625,3.0,3.84375,3.21875],"rotation":0,"texture":"#0","tintindex":0},"west":{"uv":[3.625,3.0,3.84375,3.5],"rotation":0,"texture":"#0","tintindex":0}}},{"name":"cube","from":[6.537387,1.9028091,4.7018228],"to":[9.551712,8.79269,7.7161465],"rotation":{"angle":45.0,"axis":"x","origin":[48.005863,6.2089853,6.2089844]},"faces":{"down":{"uv":[3.84375,3.0,3.625,3.21875],"rotation":0,"texture":"#0","tintindex":0},"east":{"uv":[3.84375,3.0,3.625,3.5],"rotation":0,"texture":"#0","tintindex":0},"north":{"uv":[4.21875,3.125,4.0,3.625],"rotation":0,"texture":"#0","tintindex":0},"south":{"uv":[3.84375,3.0,3.625,3.5],"rotation":0,"texture":"#0","tintindex":0},"up":{"uv":[3.84375,3.0,3.625,3.21875],"rotation":0,"texture":"#0","tintindex":0},"west":{"uv":[3.84375,3.0,3.625,3.5],"rotation":0,"texture":"#0","tintindex":0}}},{"name":"cube","from":[10.087751,1.9028091,4.7018228],"to":[13.102075,8.79269,7.7161465],"rotation":{"angle":45.0,"axis":"x","origin":[4.5327845,6.2089853,6.2089844]},"faces":{"down":{"uv":[3.625,3.0,3.84375,3.21875],"rotation":0,"texture":"#0","tintindex":0},"east":{"uv":[3.625,3.0,3.84375,3.5],"rotation":0,"texture":"#0","tintindex":0},"north":{"uv":[3.625,3.0,3.84375,3.5],"rotation":0,"texture":"#0","tintindex":0},"south":{"uv":[3.625,3.0,3.84375,3.5],"rotation":0,"texture":"#0","tintindex":0},"up":{"uv":[3.625,3.0,3.84375,3.21875],"rotation":0,"texture":"#0","tintindex":0},"west":{"uv":[3.625,3.0,3.84375,3.5],"rotation":0,"texture":"#0","tintindex":0}}}],"display":{"head":{"translation":[0.0,-6.4,0.0],"rotation":[0.0,0.0,0.0],"scale":[3.8095,3.8095,3.8095]}}}