{"textures":{"0":"modelengine:entity/ent_guardian"},"elements":[{"name":"cube","from":[6.8784366,-8.431585,4.0194106],"to":[15.490789,8.793119,12.6317625],"rotation":{"angle":22.5,"axis":"z","origin":[11.184612,0.18076682,8.325586]},"faces":{"down":{"uv":[4.31875,6.675,4.94375,7.3],"rotation":0,"texture":"#0","tintindex":0},"east":{"uv":[4.25,3.0,3.625,4.25],"rotation":0,"texture":"#0","tintindex":0},"north":{"uv":[4.25,3.0,3.625,4.25],"rotation":0,"texture":"#0","tintindex":0},"south":{"uv":[4.25,3.0,3.625,4.25],"rotation":0,"texture":"#0","tintindex":0},"up":{"uv":[4.25,3.0,3.625,3.625],"rotation":0,"texture":"#0","tintindex":0},"west":{"uv":[4.25,3.0,3.625,4.25],"rotation":0,"texture":"#0","tintindex":0}}},{"name":"cube","from":[17.425573,-11.327387,4.148596],"to":[20.870514,-6.159977,7.593537],"rotation":{"angle":45.0,"axis":"z","origin":[17.856192,-9.1743,5.741881]},"faces":{"down":{"uv":[4.125,3.25,3.875,3.5],"rotation":0,"texture":"#0","tintindex":0},"east":{"uv":[3.875,3.0,3.625,3.375],"rotation":0,"texture":"#0","tintindex":0},"north":{"uv":[3.875,3.0,3.625,3.375],"rotation":0,"texture":"#0","tintindex":0},"south":{"uv":[3.875,3.0,3.625,3.375],"rotation":0,"texture":"#0","tintindex":0},"up":{"uv":[3.875,3.0,3.625,3.25],"rotation":0,"texture":"#0","tintindex":0},"west":{"uv":[3.875,3.0,3.625,3.375],"rotation":0,"texture":"#0","tintindex":0}}},{"name":"cube","from":[15.490789,-4.986644,9.186822],"to":[24.103142,8.793119,9.186822],"rotation":{"angle":22.5,"axis":"z","origin":[11.184612,0.18076682,8.325586]},"faces":{"down":{"uv":[13.125,3.875,12.5,4.875],"rotation":0,"texture":"#0","tintindex":0},"east":{"uv":[13.125,3.875,12.5,4.875],"rotation":0,"texture":"#0","tintindex":0},"north":{"uv":[5.0,5.5,4.375,6.5],"rotation":0,"texture":"#0","tintindex":0},"south":{"uv":[4.375,5.5,5.0,6.5],"rotation":0,"texture":"#0","tintindex":0},"up":{"uv":[13.125,3.875,12.5,4.875],"rotation":0,"texture":"#0","tintindex":0},"west":{"uv":[13.125,3.875,12.5,4.875],"rotation":0,"texture":"#0","tintindex":0}}},{"name":"cube","from":[17.425573,-11.327387,9.143761],"to":[20.870514,-6.159977,12.588701],"rotation":{"angle":45.0,"axis":"z","origin":[17.856192,-9.1743,5.741881]},"faces":{"down":{"uv":[4.125,3.25,3.875,3.5],"rotation":0,"texture":"#0","tintindex":0},"east":{"uv":[3.875,3.0,3.625,3.375],"rotation":0,"texture":"#0","tintindex":0},"north":{"uv":[3.875,3.0,3.625,3.375],"rotation":0,"texture":"#0","tintindex":0},"south":{"uv":[3.875,3.0,3.625,3.375],"rotation":0,"texture":"#0","tintindex":0},"up":{"uv":[3.875,3.0,3.625,3.25],"rotation":0,"texture":"#0","tintindex":0},"west":{"uv":[3.875,3.0,3.625,3.375],"rotation":0,"texture":"#0","tintindex":0}}},{"name":"cube","from":[9.852825,-12.2625065,2.426125],"to":[13.297766,-7.0950937,5.871066],"rotation":{"angle":45.0,"axis":"x","origin":[18.465178,-7.9563293,5.871066]},"faces":{"down":{"uv":[3.875,3.5,4.125,3.25],"rotation":270,"texture":"#0","tintindex":0},"east":{"uv":[3.875,3.0,3.625,3.375],"rotation":0,"texture":"#0","tintindex":0},"north":{"uv":[3.875,3.0,3.625,3.375],"rotation":0,"texture":"#0","tintindex":0},"south":{"uv":[3.875,3.0,3.625,3.375],"rotation":0,"texture":"#0","tintindex":0},"up":{"uv":[3.625,3.25,3.875,3.0],"rotation":90,"texture":"#0","tintindex":0},"west":{"uv":[3.875,3.0,3.625,3.375],"rotation":0,"texture":"#0","tintindex":0}}}],"display":{"head":{"translation":[0.0,-6.4,0.0],"rotation":[0.0,0.0,0.0],"scale":[3.8095,3.8095,3.8095]}}}