{"textures":{"0":"modelengine:entity/ent_guardian"},"elements":[{"name":"cube","from":[4.340595,3.1901693,6.492838],"to":[7.3549185,10.080051,9.507161],"rotation":{"angle":-45.0,"axis":"z","origin":[4.986522,6.2044926,-0.6123524]},"faces":{"down":{"uv":[3.625,3.21875,3.84375,3.0],"rotation":270,"texture":"#0","tintindex":0},"east":{"uv":[3.84375,3.0,3.625,3.5],"rotation":0,"texture":"#0","tintindex":0},"north":{"uv":[3.84375,3.0,3.625,3.5],"rotation":0,"texture":"#0","tintindex":0},"south":{"uv":[3.84375,3.0,3.625,3.5],"rotation":0,"texture":"#0","tintindex":0},"up":{"uv":[3.625,3.21875,3.84375,3.0],"rotation":90,"texture":"#0","tintindex":0},"west":{"uv":[3.84375,3.0,3.625,3.5],"rotation":0,"texture":"#0","tintindex":0}}}],"display":{"head":{"translation":[0.0,-6.4,0.0],"rotation":[0.0,0.0,0.0],"scale":[3.8095,3.8095,3.8095]}}}