{"textures":{"0":"modelengine:entity/ent_guardian"},"elements":[{"name":"cube","from":[3.8229978,-9.550365,1.5351064],"to":[14.157821,7.6743402,11.869929],"rotation":{"angle":22.5,"axis":"x","origin":[14.157821,3.3681626,7.9943705]},"faces":{"down":{"uv":[4.25,6.625,5.0,7.375],"rotation":0,"texture":"#0","tintindex":0},"east":{"uv":[4.375,3.0,3.625,4.25],"rotation":0,"texture":"#0","tintindex":0},"north":{"uv":[4.375,3.0,3.625,4.25],"rotation":0,"texture":"#0","tintindex":0},"south":{"uv":[4.375,3.0,3.625,4.25],"rotation":0,"texture":"#0","tintindex":0},"up":{"uv":[4.375,3.0,3.625,3.75],"rotation":0,"texture":"#0","tintindex":0},"west":{"uv":[4.375,3.0,3.625,4.25],"rotation":0,"texture":"#0","tintindex":0}}},{"name":"cube","from":[8.99041,-7.827896,-7.0772457],"to":[8.99041,4.2293983,1.5351064],"rotation":{"angle":22.5,"axis":"x","origin":[14.157821,3.3681626,7.9943705]},"faces":{"down":{"uv":[7.625,9.875,7.625,10.5],"rotation":0,"texture":"#0","tintindex":0},"east":{"uv":[2.25,6.875,1.625,7.75],"rotation":0,"texture":"#0","tintindex":0},"north":{"uv":[1.75,5.625,1.75,6.5],"rotation":0,"texture":"#0","tintindex":0},"south":{"uv":[6.375,11.375,6.375,12.25],"rotation":0,"texture":"#0","tintindex":0},"up":{"uv":[0.75,5.375,0.75,4.75],"rotation":0,"texture":"#0","tintindex":0},"west":{"uv":[1.625,6.875,2.25,7.75],"rotation":0,"texture":"#0","tintindex":0}}}],"display":{"head":{"translation":[0.0,-6.4,0.0],"rotation":[0.0,0.0,0.0],"scale":[3.8095,3.8095,3.8095]}}}