{"textures":{"0":"modelengine:entity/nocsy_fpv2_ghoul"},"elements":[{"name":"cube","from":[7.079579,6.4195886,5.8813505],"to":[8.999578,8.339588,8.40135],"rotation":{"angle":22.5,"axis":"x","origin":[8.0380535,7.139676,7.1476517]},"faces":{"down":{"uv":[5.25,10.125,4.875,10.625],"rotation":0,"texture":"#0","tintindex":0},"east":{"uv":[9.875,9.0,10.375,9.375],"rotation":0,"texture":"#0","tintindex":0},"north":{"uv":[10.25,9.5,10.625,9.875],"rotation":0,"texture":"#0","tintindex":0},"south":{"uv":[10.25,10.0,10.625,10.375],"rotation":0,"texture":"#0","tintindex":0},"up":{"uv":[10.5,4.625,10.125,4.125],"rotation":0,"texture":"#0","tintindex":0},"west":{"uv":[10.0,4.875,10.5,5.25],"rotation":0,"texture":"#0","tintindex":0}}},{"name":"cube","from":[7.28115,6.6906815,2.3136406],"to":[7.28115,8.490682,6.5136404],"rotation":{"angle":-45.0,"axis":"z","origin":[7.4385066,7.4311676,4.327652]},"faces":{"down":{"uv":[2.0,10.375,2.0,11.25],"rotation":0,"texture":"#0","tintindex":0},"east":{"uv":[5.0,9.625,5.875,10.0],"rotation":0,"texture":"#0","tintindex":0},"north":{"uv":[2.5,8.25,2.5,8.625],"rotation":0,"texture":"#0","tintindex":0},"south":{"uv":[6.0,8.75,6.0,9.125],"rotation":0,"texture":"#0","tintindex":0},"up":{"uv":[9.125,11.125,9.125,10.25],"rotation":0,"texture":"#0","tintindex":0},"west":{"uv":[9.75,3.125,10.625,3.5],"rotation":0,"texture":"#0","tintindex":0}}},{"name":"cube","from":[8.870813,6.6885242,2.3136406],"to":[8.870813,8.488524,6.5136404],"rotation":{"angle":45.0,"axis":"z","origin":[8.711299,7.4311676,4.327652]},"faces":{"down":{"uv":[2.25,10.375,2.25,11.25],"rotation":0,"texture":"#0","tintindex":0},"east":{"uv":[3.375,9.75,4.25,10.125],"rotation":0,"texture":"#0","tintindex":0},"north":{"uv":[6.125,8.75,6.125,9.125],"rotation":0,"texture":"#0","tintindex":0},"south":{"uv":[6.25,8.75,6.25,9.125],"rotation":0,"texture":"#0","tintindex":0},"up":{"uv":[2.125,11.25,2.125,10.375],"rotation":0,"texture":"#0","tintindex":0},"west":{"uv":[9.75,3.625,10.625,4.0],"rotation":0,"texture":"#0","tintindex":0}}}],"display":{"head":{"translation":[0.0,-6.4,0.0],"rotation":[0.0,0.0,0.0],"scale":[3.8095,3.8095,3.8095]}}}