{"textures":{"0":"modelengine:entity/werewolf_black"},"elements":[{"name":"cube","from":[5.5229425,0.87745094,6.682024],"to":[9.335459,8.439466,11.723369],"rotation":{"angle":-22.5,"axis":"x","origin":[-2.5700064,5.5781574,6.782428]},"faces":{"down":{"uv":[7.379,1.629,7.746,2.121],"rotation":0,"texture":"#0","tintindex":0},"east":{"uv":[5.496,0.004,5.004,0.746],"rotation":0,"texture":"#0","tintindex":0},"north":{"uv":[1.496,6.629,1.129,7.371],"rotation":0,"texture":"#0","tintindex":0},"south":{"uv":[1.996,6.629,1.629,7.371],"rotation":0,"texture":"#0","tintindex":0},"up":{"uv":[7.254,7.371,7.621,6.879],"rotation":0,"texture":"#0","tintindex":0},"west":{"uv":[5.246,4.504,4.754,5.246],"rotation":0,"texture":"#0","tintindex":0}}},{"name":"cube","from":[8.059368,0.87745094,11.723369],"to":[8.059368,8.439466,16.764713],"rotation":{"angle":-22.5,"axis":"x","origin":[-2.5700064,5.5781574,6.782428]},"faces":{"down":{"uv":[6.504,9.004,6.504,9.496],"rotation":0,"texture":"#0","tintindex":0},"east":{"uv":[5.496,0.879,5.004,1.621],"rotation":0,"texture":"#0","tintindex":0},"north":{"uv":[6.254,9.004,6.254,9.746],"rotation":0,"texture":"#0","tintindex":0},"south":{"uv":[6.379,9.004,6.379,9.746],"rotation":0,"texture":"#0","tintindex":0},"up":{"uv":[4.129,2.621,4.129,2.129],"rotation":0,"texture":"#0","tintindex":0},"west":{"uv":[1.121,5.004,0.629,5.746],"rotation":0,"texture":"#0","tintindex":0}}}],"display":{"head":{"translation":[0.0,-6.4,0.0],"rotation":[0.0,0.0,0.0],"scale":[3.8095,3.8095,3.8095]}}}