{"textures":{"0":"modelengine:entity/werewolf_black"},"elements":[{"name":"cube","from":[6.733362,3.9322348,6.638604],"to":[9.254034,8.973579,9.159276],"rotation":{"angle":0.0,"axis":"x","origin":[3.815185,17.196491,3.7602944]},"faces":{"down":{"uv":[6.129,2.879,6.371,3.121],"rotation":0,"texture":"#0","tintindex":0},"east":{"uv":[8.246,5.254,8.004,5.746],"rotation":0,"texture":"#0","tintindex":0},"north":{"uv":[0.246,7.879,0.004,8.371],"rotation":0,"texture":"#0","tintindex":0},"south":{"uv":[8.246,4.129,8.004,4.621],"rotation":0,"texture":"#0","tintindex":0},"up":{"uv":[2.754,5.871,2.996,5.629],"rotation":0,"texture":"#0","tintindex":0},"west":{"uv":[8.121,1.504,7.879,1.996],"rotation":0,"texture":"#0","tintindex":0}}}],"display":{"head":{"translation":[0.0,-6.4,0.0],"rotation":[0.0,0.0,0.0],"scale":[3.8095,3.8095,3.8095]}}}