{"textures":{"0":"modelengine:entity/werewolf_black"},"elements":[{"name":"cube","from":[4.2189918,7.200574,4.703633],"to":[11.781008,16.022926,11.005314],"rotation":{"angle":0.0,"axis":"x","origin":[8.0,11.889998,4.8540463]},"faces":{"down":{"uv":[4.121,0.004,3.379,0.621],"rotation":0,"texture":"#0","tintindex":0},"east":{"uv":[2.879,2.754,3.496,3.621],"rotation":0,"texture":"#0","tintindex":0},"north":{"uv":[2.254,0.879,2.996,1.746],"rotation":0,"texture":"#0","tintindex":0},"south":{"uv":[1.129,2.254,1.871,3.121],"rotation":0,"texture":"#0","tintindex":0},"up":{"uv":[1.496,3.871,0.754,3.254],"rotation":0,"texture":"#0","tintindex":0},"west":{"uv":[0.004,3.129,0.621,3.996],"rotation":0,"texture":"#0","tintindex":0}}},{"name":"cube","from":[4.2189918,6.764863,11.440175],"to":[11.781008,11.806208,11.440175],"rotation":{"angle":-22.5,"axis":"x","origin":[8.0,11.889998,4.8540463]},"faces":{"down":{"uv":[9.746,6.629,9.004,6.629],"rotation":0,"texture":"#0","tintindex":0},"east":{"uv":[2.754,9.129,2.754,9.621],"rotation":0,"texture":"#0","tintindex":0},"north":{"uv":[5.746,1.754,5.004,2.246],"rotation":0,"texture":"#0","tintindex":0},"south":{"uv":[5.004,1.754,5.746,2.246],"rotation":0,"texture":"#0","tintindex":0},"up":{"uv":[9.746,6.129,9.004,6.129],"rotation":0,"texture":"#0","tintindex":0},"west":{"uv":[2.879,9.129,2.879,9.621],"rotation":0,"texture":"#0","tintindex":0}}}],"display":{"head":{"translation":[0.0,-6.4,0.0],"rotation":[0.0,0.0,0.0],"scale":[3.8095,3.8095,3.8095]}}}