{"textures":{"0":"modelengine:entity/werewolf_black"},"elements":[{"name":"cube","from":[2.9586558,6.109192,4.9733458],"to":[13.041345,13.671209,12.535362],"rotation":{"angle":-22.5,"axis":"x","origin":[8.0,5.541106,4.7502913]},"faces":{"down":{"uv":[3.246,0.004,2.254,0.746],"rotation":0,"texture":"#0","tintindex":0},"east":{"uv":[2.254,1.879,2.996,2.621],"rotation":0,"texture":"#0","tintindex":0},"north":{"uv":[0.004,1.379,0.996,2.121],"rotation":0,"texture":"#0","tintindex":0},"south":{"uv":[1.129,1.379,2.121,2.121],"rotation":0,"texture":"#0","tintindex":0},"up":{"uv":[0.996,2.996,0.004,2.254],"rotation":0,"texture":"#0","tintindex":0},"west":{"uv":[2.004,2.754,2.746,3.496],"rotation":0,"texture":"#0","tintindex":0}}},{"name":"cube","from":[2.9586558,15.25105,1.6335359],"to":[13.041345,15.25105,6.674879],"rotation":{"angle":45.0,"axis":"x","origin":[8.0,5.541106,4.7502913]},"faces":{"down":{"uv":[4.121,0.879,3.129,1.371],"rotation":0,"texture":"#0","tintindex":0},"east":{"uv":[9.004,5.754,9.496,5.754],"rotation":0,"texture":"#0","tintindex":0},"north":{"uv":[9.004,3.754,9.996,3.754],"rotation":0,"texture":"#0","tintindex":0},"south":{"uv":[9.004,5.879,9.996,5.879],"rotation":0,"texture":"#0","tintindex":0},"up":{"uv":[4.121,1.371,3.129,0.879],"rotation":0,"texture":"#0","tintindex":0},"west":{"uv":[9.004,6.004,9.496,6.004],"rotation":0,"texture":"#0","tintindex":0}}}],"display":{"head":{"translation":[0.0,-6.4,0.0],"rotation":[0.0,0.0,0.0],"scale":[3.8095,3.8095,3.8095]}}}