{"textures":{"0":"modelengine:entity/griffin_aether"},"elements":[{"name":"cube","from":[6.2759438,4.342846,4.9870253],"to":[9.873974,10.339563,9.784399],"rotation":{"angle":22.5,"axis":"x","origin":[0.38257647,7.2753315,3.1862955]},"faces":{"down":{"uv":[2.121,7.129,1.754,7.621],"rotation":0,"texture":"#0","tintindex":0},"east":{"uv":[1.379,6.379,1.871,6.996],"rotation":0,"texture":"#0","tintindex":0},"north":{"uv":[6.379,6.504,6.746,7.121],"rotation":0,"texture":"#0","tintindex":0},"south":{"uv":[6.629,1.879,6.996,2.496],"rotation":0,"texture":"#0","tintindex":0},"up":{"uv":[7.496,2.121,7.129,1.629],"rotation":0,"texture":"#0","tintindex":0},"west":{"uv":[2.004,6.379,2.496,6.996],"rotation":0,"texture":"#0","tintindex":0}}},{"name":"cube","from":[7.4752874,1.5598909,7.195879],"to":[7.4752874,7.5566077,11.993253],"rotation":{"angle":-22.5,"axis":"x","origin":[0.38257647,7.2753315,3.1862955]},"faces":{"down":{"uv":[3.379,8.879,3.379,9.371],"rotation":0,"texture":"#0","tintindex":0},"east":{"uv":[1.121,6.504,0.629,7.121],"rotation":0,"texture":"#0","tintindex":0},"north":{"uv":[2.129,8.879,2.129,9.496],"rotation":0,"texture":"#0","tintindex":0},"south":{"uv":[2.254,8.879,2.254,9.496],"rotation":0,"texture":"#0","tintindex":0},"up":{"uv":[2.379,9.371,2.379,8.879],"rotation":0,"texture":"#0","tintindex":0},"west":{"uv":[0.629,6.504,1.121,7.121],"rotation":0,"texture":"#0","tintindex":0}}}],"display":{"head":{"translation":[0.0,-6.4,0.0],"rotation":[0.0,0.0,0.0],"scale":[3.8095,3.8095,3.8095]}}}