{"textures":{"0":"modelengine:entity/griffin_aether"},"elements":[{"name":"cube","from":[6.4309163,1.6427667,5.8547287],"to":[10.028946,8.838827,10.6521015],"rotation":{"angle":0.0,"axis":"x","origin":[0.537549,6.69193,13.505174]},"faces":{"down":{"uv":[1.621,7.129,1.254,7.621],"rotation":0,"texture":"#0","tintindex":0},"east":{"uv":[5.504,2.754,5.996,3.496],"rotation":0,"texture":"#0","tintindex":0},"north":{"uv":[2.629,6.504,2.996,7.246],"rotation":0,"texture":"#0","tintindex":0},"south":{"uv":[3.129,6.504,3.496,7.246],"rotation":0,"texture":"#0","tintindex":0},"up":{"uv":[4.871,7.496,4.504,7.004],"rotation":0,"texture":"#0","tintindex":0},"west":{"uv":[5.504,3.629,5.996,4.371],"rotation":0,"texture":"#0","tintindex":0}}},{"name":"cube","from":[3.9725494,1.6427667,6.3679037],"to":[3.9725494,8.838827,11.1652775],"rotation":{"angle":-22.5,"axis":"y","origin":[0.537549,6.69193,13.505174]},"faces":{"down":{"uv":[2.004,8.879,2.004,9.371],"rotation":0,"texture":"#0","tintindex":0},"east":{"uv":[6.371,4.504,5.879,5.246],"rotation":0,"texture":"#0","tintindex":0},"north":{"uv":[1.629,8.879,1.629,9.621],"rotation":0,"texture":"#0","tintindex":0},"south":{"uv":[1.754,8.879,1.754,9.621],"rotation":0,"texture":"#0","tintindex":0},"up":{"uv":[1.879,9.371,1.879,8.879],"rotation":0,"texture":"#0","tintindex":0},"west":{"uv":[5.879,4.504,6.371,5.246],"rotation":0,"texture":"#0","tintindex":0}}}],"display":{"head":{"translation":[0.0,-6.4,0.0],"rotation":[0.0,0.0,0.0],"scale":[3.8095,3.8095,3.8095]}}}