{"textures":{"0":"modelengine:entity/griffin_aether"},"elements":[{"name":"cube","from":[6.200985,6.380492,5.8995075],"to":[9.799015,8.179507,9.497538],"rotation":{"angle":0.0,"axis":"x","origin":[15.692383,17.561779,2.8320951]},"faces":{"down":{"uv":[7.254,1.129,7.621,1.496],"rotation":0,"texture":"#0","tintindex":0},"east":{"uv":[0.871,8.129,0.504,8.3125],"rotation":0,"texture":"#0","tintindex":0},"north":{"uv":[8.371,7.379,8.004,7.5625],"rotation":0,"texture":"#0","tintindex":0},"south":{"uv":[0.371,8.129,0.004,8.3125],"rotation":0,"texture":"#0","tintindex":0},"up":{"uv":[3.254,2.121,3.621,1.754],"rotation":0,"texture":"#0","tintindex":0},"west":{"uv":[8.371,7.754,8.004,7.9375],"rotation":0,"texture":"#0","tintindex":0}}},{"name":"cube","from":[9.199343,6.380492,2.3014772],"to":[9.199343,8.179507,5.8995075],"rotation":{"angle":0.0,"axis":"x","origin":[15.692383,17.561779,2.8320951]},"faces":{"down":{"uv":[2.754,8.754,2.754,9.121],"rotation":0,"texture":"#0","tintindex":0},"east":{"uv":[1.871,8.129,1.504,8.3125],"rotation":0,"texture":"#0","tintindex":0},"north":{"uv":[8.754,0.504,8.754,0.6875],"rotation":0,"texture":"#0","tintindex":0},"south":{"uv":[2.504,8.754,2.504,8.9375],"rotation":0,"texture":"#0","tintindex":0},"up":{"uv":[2.629,9.121,2.629,8.754],"rotation":0,"texture":"#0","tintindex":0},"west":{"uv":[1.504,8.129,1.871,8.3125],"rotation":0,"texture":"#0","tintindex":0}}},{"name":"cube","from":[6.8006563,6.380492,2.3014772],"to":[6.8006563,8.179507,5.8995075],"rotation":{"angle":0.0,"axis":"x","origin":[15.692383,17.561779,2.8320951]},"faces":{"down":{"uv":[2.754,8.754,2.754,9.121],"rotation":0,"texture":"#0","tintindex":0},"east":{"uv":[1.871,8.129,1.504,8.3125],"rotation":0,"texture":"#0","tintindex":0},"north":{"uv":[8.754,0.504,8.754,0.6875],"rotation":0,"texture":"#0","tintindex":0},"south":{"uv":[2.504,8.754,2.504,8.9375],"rotation":0,"texture":"#0","tintindex":0},"up":{"uv":[2.629,9.121,2.629,8.754],"rotation":0,"texture":"#0","tintindex":0},"west":{"uv":[1.504,8.129,1.871,8.3125],"rotation":0,"texture":"#0","tintindex":0}}},{"name":"cube","from":[8.0,6.380492,2.3014772],"to":[8.0,8.179507,5.8995075],"rotation":{"angle":0.0,"axis":"x","origin":[15.692383,17.561779,2.8320951]},"faces":{"down":{"uv":[2.754,8.754,2.754,9.121],"rotation":0,"texture":"#0","tintindex":0},"east":{"uv":[1.871,8.129,1.504,8.3125],"rotation":0,"texture":"#0","tintindex":0},"north":{"uv":[8.754,0.504,8.754,0.6875],"rotation":0,"texture":"#0","tintindex":0},"south":{"uv":[2.504,8.754,2.504,8.9375],"rotation":0,"texture":"#0","tintindex":0},"up":{"uv":[2.629,9.121,2.629,8.754],"rotation":0,"texture":"#0","tintindex":0},"west":{"uv":[1.504,8.129,1.871,8.3125],"rotation":0,"texture":"#0","tintindex":0}}}],"display":{"head":{"translation":[0.0,-6.4,0.0],"rotation":[0.0,0.0,0.0],"scale":[3.8095,3.8095,3.8095]}}}