{"textures":{"0":"modelengine:entity/griffin_aether"},"elements":[{"name":"cube","from":[7.1004925,12.107662,2.5668514],"to":[8.8995075,13.906678,9.762913],"rotation":{"angle":45.0,"axis":"x","origin":[-3.8900847,5.5491424,-0.19460177]},"faces":{"down":{"uv":[6.3125,7.254,6.129,7.996],"rotation":0,"texture":"#0","tintindex":0},"east":{"uv":[7.254,5.879,7.996,6.0625],"rotation":0,"texture":"#0","tintindex":0},"north":{"uv":[8.629,1.504,8.8125,1.6875],"rotation":0,"texture":"#0","tintindex":0},"south":{"uv":[8.629,1.879,8.8125,2.0625],"rotation":0,"texture":"#0","tintindex":0},"up":{"uv":[2.4375,7.871,2.254,7.129],"rotation":0,"texture":"#0","tintindex":0},"west":{"uv":[7.254,6.254,7.996,6.4375],"rotation":0,"texture":"#0","tintindex":0}}}],"display":{"head":{"translation":[0.0,-6.4,0.0],"rotation":[0.0,0.0,0.0],"scale":[3.8095,3.8095,3.8095]}}}