{"textures":{"0":"modelengine:entity/lr_minotaur_rock","1":"modelengine:entity/lr_minotaur_axe","2":"modelengine:entity/lr_minotaur","3":"modelengine:entity/lr_minotaur_flash"},"elements":[{"name":"cube","from":[7.1428566,2.1714258,7.143431],"to":[8.857142,18.971428,8.8577175],"rotation":{"angle":0.0,"axis":"x","origin":[12.971428,9.714283,-1.770855]},"faces":{"down":{"uv":[6.625,10.5,7.25,11.125],"rotation":270,"texture":"#1","tintindex":0},"east":{"uv":[4.0,4.375,3.375,10.5],"rotation":180,"texture":"#1","tintindex":0},"north":{"uv":[4.375,0.625,10.5,1.25],"rotation":90,"texture":"#1","tintindex":0},"south":{"uv":[4.375,0.0,10.5,0.625],"rotation":270,"texture":"#1","tintindex":0},"up":{"uv":[6.0,10.5,6.625,11.125],"rotation":270,"texture":"#1","tintindex":0},"west":{"uv":[3.375,10.5,2.75,4.375],"rotation":0,"texture":"#1","tintindex":0}}},{"name":"cube","from":[6.457143,15.542854,6.457717],"to":[9.542857,16.914284,9.543431],"rotation":{"angle":0.0,"axis":"x","origin":[12.971428,15.199997,-1.770855]},"faces":{"down":{"uv":[0.0,9.375,1.125,10.5],"rotation":270,"texture":"#1","tintindex":0},"east":{"uv":[11.625,0.0,10.5,0.5],"rotation":180,"texture":"#1","tintindex":0},"north":{"uv":[8.875,10.25,9.375,11.375],"rotation":90,"texture":"#1","tintindex":0},"south":{"uv":[10.125,2.375,10.625,3.5],"rotation":270,"texture":"#1","tintindex":0},"up":{"uv":[1.125,9.375,0.0,10.5],"rotation":270,"texture":"#1","tintindex":0},"west":{"uv":[1.125,11.0,0.0,10.5],"rotation":0,"texture":"#1","tintindex":0}}},{"name":"cube","from":[6.1142855,-0.57143164,6.1148596],"to":[9.885715,2.1714258,9.886289],"rotation":{"angle":0.0,"axis":"x","origin":[12.971428,9.714283,-1.770855]},"faces":{"down":{"uv":[7.75,5.375,9.125,6.75],"rotation":270,"texture":"#1","tintindex":0},"east":{"uv":[10.5,4.75,9.125,5.75],"rotation":180,"texture":"#1","tintindex":0},"north":{"uv":[9.125,2.375,10.125,3.75],"rotation":90,"texture":"#1","tintindex":0},"south":{"uv":[8.5,7.75,9.5,9.125],"rotation":270,"texture":"#1","tintindex":0},"up":{"uv":[7.75,4.0,9.125,5.375],"rotation":270,"texture":"#1","tintindex":0},"west":{"uv":[10.5,4.75,9.125,3.75],"rotation":0,"texture":"#1","tintindex":0}}},{"name":"cube","from":[6.1142855,18.971428,6.1148596],"to":[9.885715,29.599998,9.886289],"rotation":{"angle":0.0,"axis":"x","origin":[12.971428,9.714283,-1.770855]},"faces":{"down":{"uv":[5.0,7.0,6.375,8.375],"rotation":270,"texture":"#1","tintindex":0},"east":{"uv":[2.75,4.375,1.375,8.25],"rotation":180,"texture":"#1","tintindex":0},"north":{"uv":[3.875,3.0,7.75,4.375],"rotation":90,"texture":"#1","tintindex":0},"south":{"uv":[7.75,3.0,3.875,4.375],"rotation":270,"texture":"#1","tintindex":0},"up":{"uv":[6.875,1.25,8.25,2.625],"rotation":270,"texture":"#1","tintindex":0},"west":{"uv":[1.375,8.25,2.75,4.375],"rotation":0,"texture":"#1","tintindex":0}}},{"name":"cube","from":[-1.0857148,26.85714,6.1148596],"to":[6.1142855,29.599998,9.886289],"rotation":{"angle":0.0,"axis":"x","origin":[12.971428,9.714283,-1.770855]},"faces":{"down":{"uv":[5.375,4.375,6.75,7.0],"rotation":270,"texture":"#1","tintindex":0},"east":{"uv":[9.875,6.75,8.5,7.75],"rotation":180,"texture":"#1","tintindex":0},"north":{"uv":[4.0,7.0,5.0,9.625],"rotation":90,"texture":"#1","tintindex":0},"south":{"uv":[5.0,7.0,4.0,9.625],"rotation":270,"texture":"#1","tintindex":0},"up":{"uv":[4.0,4.375,5.375,7.0],"rotation":270,"texture":"#1","tintindex":0},"west":{"uv":[7.5,9.375,6.125,8.375],"rotation":0,"texture":"#1","tintindex":0}}},{"name":"cube","from":[-1.0857148,29.599998,6.1148596],"to":[2.6857142,32.0,9.886289],"rotation":{"angle":0.0,"axis":"x","origin":[12.971428,9.714283,-1.770855]},"faces":{"down":{"uv":[7.75,2.625,9.125,4.0],"rotation":270,"texture":"#1","tintindex":0},"east":{"uv":[11.0,1.25,9.625,2.125],"rotation":180,"texture":"#1","tintindex":0},"north":{"uv":[4.0,9.625,4.875,11.0],"rotation":90,"texture":"#1","tintindex":0},"south":{"uv":[4.875,9.625,4.0,11.0],"rotation":270,"texture":"#1","tintindex":0},"up":{"uv":[6.375,7.0,7.75,8.375],"rotation":270,"texture":"#1","tintindex":0},"west":{"uv":[10.5,6.625,9.125,5.75],"rotation":0,"texture":"#1","tintindex":0}}},{"name":"cube","from":[-0.39999962,14.85714,7.486288],"to":[3.7142854,26.85714,8.51486],"rotation":{"angle":0.0,"axis":"x","origin":[12.971428,9.714283,-1.770855]},"faces":{"down":{"uv":[8.5,10.25,8.875,11.75],"rotation":270,"texture":"#1","tintindex":0},"east":{"uv":[8.5,6.75,8.125,11.125],"rotation":180,"texture":"#1","tintindex":0},"north":{"uv":[0.0,1.5,4.375,3.0],"rotation":90,"texture":"#1","tintindex":0},"south":{"uv":[4.375,1.5,0.0,3.0],"rotation":270,"texture":"#1","tintindex":0},"up":{"uv":[5.625,9.75,6.0,11.25],"rotation":270,"texture":"#1","tintindex":0},"west":{"uv":[8.125,11.125,7.75,6.75],"rotation":0,"texture":"#1","tintindex":0}}},{"name":"cube","from":[-0.90926504,14.85714,7.6871905],"to":[-0.18926477,26.85714,8.40719],"rotation":{"angle":-45.0,"axis":"y","origin":[-0.41212225,20.85714,8.201476]},"faces":{"down":{"uv":[10.125,3.5,10.375,3.75],"rotation":270,"texture":"#1","tintindex":0},"east":{"uv":[7.75,8.375,7.5,12.75],"rotation":180,"texture":"#1","tintindex":0},"north":{"uv":[9.625,2.125,14.0,2.375],"rotation":90,"texture":"#1","tintindex":0},"south":{"uv":[9.5,8.875,13.875,9.125],"rotation":270,"texture":"#1","tintindex":0},"up":{"uv":[1.125,9.375,1.375,9.625],"rotation":270,"texture":"#1","tintindex":0},"west":{"uv":[2.75,12.625,2.5,8.25],"rotation":0,"texture":"#1","tintindex":0}}},{"name":"cube","from":[3.7142854,19.999998,7.486288],"to":[6.1142855,26.85714,8.51486],"rotation":{"angle":0.0,"axis":"x","origin":[12.971428,9.714283,-1.770855]},"faces":{"down":{"uv":[10.625,6.5,11.0,7.375],"rotation":270,"texture":"#1","tintindex":0},"east":{"uv":[10.0,9.125,9.625,11.625],"rotation":180,"texture":"#1","tintindex":0},"north":{"uv":[4.375,2.125,6.875,3.0],"rotation":90,"texture":"#1","tintindex":0},"south":{"uv":[6.875,2.125,4.375,3.0],"rotation":270,"texture":"#1","tintindex":0},"up":{"uv":[10.625,2.375,11.0,3.25],"rotation":270,"texture":"#1","tintindex":0},"west":{"uv":[2.375,12.125,2.0,9.625],"rotation":0,"texture":"#1","tintindex":0}}},{"name":"cube","from":[9.885715,26.85714,6.1148596],"to":[17.085714,29.599998,9.886289],"rotation":{"angle":0.0,"axis":"x","origin":[3.0285711,9.714283,-1.770855]},"faces":{"down":{"uv":[5.375,7.0,6.75,4.375],"rotation":270,"texture":"#1","tintindex":0},"east":{"uv":[7.5,8.375,6.125,9.375],"rotation":180,"texture":"#1","tintindex":0},"north":{"uv":[4.0,9.625,5.0,7.0],"rotation":90,"texture":"#1","tintindex":0},"south":{"uv":[5.0,9.625,4.0,7.0],"rotation":270,"texture":"#1","tintindex":0},"up":{"uv":[4.0,7.0,5.375,4.375],"rotation":270,"texture":"#1","tintindex":0},"west":{"uv":[9.875,7.75,8.5,6.75],"rotation":0,"texture":"#1","tintindex":0}}},{"name":"cube","from":[13.314286,29.599998,6.1148596],"to":[17.085714,32.0,9.886289],"rotation":{"angle":0.0,"axis":"x","origin":[3.0285711,9.714283,-1.770855]},"faces":{"down":{"uv":[7.75,4.0,9.125,2.625],"rotation":270,"texture":"#1","tintindex":0},"east":{"uv":[10.5,5.75,9.125,6.625],"rotation":180,"texture":"#1","tintindex":0},"north":{"uv":[4.0,11.0,4.875,9.625],"rotation":90,"texture":"#1","tintindex":0},"south":{"uv":[4.875,11.0,4.0,9.625],"rotation":270,"texture":"#1","tintindex":0},"up":{"uv":[6.375,8.375,7.75,7.0],"rotation":270,"texture":"#1","tintindex":0},"west":{"uv":[11.0,2.125,9.625,1.25],"rotation":0,"texture":"#1","tintindex":0}}},{"name":"cube","from":[12.285714,14.85714,7.486288],"to":[16.4,26.85714,8.51486],"rotation":{"angle":0.0,"axis":"x","origin":[3.0285711,9.714283,-1.770855]},"faces":{"down":{"uv":[8.5,11.75,8.875,10.25],"rotation":270,"texture":"#1","tintindex":0},"east":{"uv":[8.125,6.75,7.75,11.125],"rotation":180,"texture":"#1","tintindex":0},"north":{"uv":[0.0,3.0,4.375,1.5],"rotation":90,"texture":"#1","tintindex":0},"south":{"uv":[4.375,3.0,0.0,1.5],"rotation":270,"texture":"#1","tintindex":0},"up":{"uv":[5.625,11.25,6.0,9.75],"rotation":270,