{"textures":{"0":"modelengine:entity/lr_minotaur_rock","1":"modelengine:entity/lr_minotaur_axe","2":"modelengine:entity/lr_minotaur","3":"modelengine:entity/lr_minotaur_flash"},"elements":[{"name":"cube","from":[6.142404,1.2809062,1.4831108],"to":[9.742405,4.280906,6.2831106],"rotation":{"angle":0.0,"axis":"x","origin":[9.142405,8.095572,6.4622936]},"faces":{"down":{"uv":[7.1875,4.625,6.8125,5.125],"rotation":0,"texture":"#3","tintindex":0},"east":{"uv":[6.9375,5.375,7.4375,5.6875],"rotation":0,"texture":"#3","tintindex":0},"north":{"uv":[7.25,3.375,7.625,3.6875],"rotation":0,"texture":"#3","tintindex":0},"south":{"uv":[7.3125,1.6875,7.6875,2.0],"rotation":0,"texture":"#3","tintindex":0},"up":{"uv":[0.75,4.875,0.375,4.375],"rotation":0,"texture":"#3","tintindex":0},"west":{"uv":[6.9375,5.6875,7.4375,6.0],"rotation":0,"texture":"#3","tintindex":0}}},{"name":"cube","from":[6.742404,3.0555558,4.5941534],"to":[9.142405,8.455556,6.994153],"rotation":{"angle":22.5,"axis":"x","origin":[8.542404,5.755556,6.3941526]},"faces":{"down":{"uv":[7.6875,5.875,7.4375,6.125],"rotation":0,"texture":"#3","tintindex":0},"east":{"uv":[5.0625,7.125,5.3125,7.6875],"rotation":0,"texture":"#3","tintindex":0},"north":{"uv":[4.8125,7.125,5.0625,7.6875],"rotation":0,"texture":"#3","tintindex":0},"south":{"uv":[5.3125,7.125,5.5625,7.6875],"rotation":0,"texture":"#3","tintindex":0},"up":{"uv":[7.1875,6.25,6.9375,6.0],"rotation":0,"texture":"#3","tintindex":0},"west":{"uv":[7.1875,2.4375,7.4375,3.0],"rotation":0,"texture":"#3","tintindex":0}}}],"display":{"head":{"translation":[0.0,-6.4,0.0],"rotation":[0.0,0.0,0.0],"scale":[3.8095,3.8095,3.8095]}}}