{"textures":{"0":"modelengine:entity/scorpion_king"},"elements":[{"name":"cube","from":[0.49999976,3.6497068,-4.639354],"to":[15.5,13.249707,7.3606453],"rotation":{"angle":0.0,"axis":"x","origin":[8.0,17.129463,1.8756437]},"faces":{"down":{"uv":[1.5625,1.3125,0.0,2.5625],"rotation":0,"texture":"#0","tintindex":0},"east":{"uv":[0.0,3.6875,1.25,4.6875],"rotation":0,"texture":"#0","tintindex":0},"north":{"uv":[0.0,2.625,1.5625,3.625],"rotation":0,"texture":"#0","tintindex":0},"south":{"uv":[2.875,0.0,4.4375,1.0],"rotation":0,"texture":"#0","tintindex":0},"up":{"uv":[1.5625,1.25,0.0,0.0],"rotation":0,"texture":"#0","tintindex":0},"west":{"uv":[4.0625,2.9375,5.3125,3.9375],"rotation":0,"texture":"#0","tintindex":0}}},{"name":"cube","from":[2.2999997,4.2497067,7.3606453],"to":[13.7,12.649707,22.360645],"rotation":{"angle":0.0,"axis":"x","origin":[8.0,17.129463,1.8756437]},"faces":{"down":{"uv":[2.8125,1.625,1.625,3.1875],"rotation":0,"texture":"#0","tintindex":0},"east":{"uv":[2.875,1.0625,4.4375,1.9375],"rotation":0,"texture":"#0","tintindex":0},"north":{"uv":[4.0625,4.0,5.25,4.875],"rotation":0,"texture":"#0","tintindex":0},"south":{"uv":[2.8125,4.1875,4.0,5.0625],"rotation":0,"texture":"#0","tintindex":0},"up":{"uv":[2.8125,1.5625,1.625,0.0],"rotation":0,"texture":"#0","tintindex":0},"west":{"uv":[2.875,2.0,4.4375,2.875],"rotation":0,"texture":"#0","tintindex":0}}},{"name":"cube","from":[1.3999997,-0.18052673,-4.434011],"to":[3.1999998,4.6194735,-2.0340118],"rotation":{"angle":22.5,"axis":"x","origin":[8.0,17.129463,1.8756437]},"faces":{"down":{"uv":[9.875,2.6875,9.6875,2.9375],"rotation":0,"texture":"#0","tintindex":0},"east":{"uv":[0.6875,5.875,0.9375,6.375],"rotation":0,"texture":"#0","tintindex":0},"north":{"uv":[11.4375,7.9375,11.625,8.4375],"rotation":0,"texture":"#0","tintindex":0},"south":{"uv":[8.8125,13.5625,9.0,14.0625],"rotation":0,"texture":"#0","tintindex":0},"up":{"uv":[8.5,9.5625,8.3125,9.3125],"rotation":0,"texture":"#0","tintindex":0},"west":{"uv":[0.6875,6.4375,0.9375,6.9375],"rotation":0,"texture":"#0","tintindex":0}}},{"name":"cube","from":[0.7999997,10.608768,-11.498401],"to":[3.7999997,13.6087675,-6.6984005],"rotation":{"angle":-22.5,"axis":"x","origin":[8.0,17.129463,1.8756437]},"faces":{"down":{"uv":[13.5625,10.625,13.25,11.125],"rotation":0,"texture":"#0","tintindex":0},"east":{"uv":[10.0625,1.375,10.5625,1.6875],"rotation":0,"texture":"#0","tintindex":0},"north":{"uv":[3.0,13.625,3.3125,13.9375],"rotation":0,"texture":"#0","tintindex":0},"south":{"uv":[3.375,13.625,3.6875,13.9375],"rotation":0,"texture":"#0","tintindex":0},"up":{"uv":[11.0625,9.0,10.75,8.5],"rotation":0,"texture":"#0","tintindex":0},"west":{"uv":[11.375,1.75,11.875,2.0625],"rotation":0,"texture":"#0","tintindex":0}}},{"name":"cube","from":[1.9999998,6.3497066,-11.8393545],"to":[7.4,6.3497066,-4.639354],"rotation":{"angle":0.0,"axis":"x","origin":[8.0,17.129463,1.8756437]},"faces":{"down":{"uv":[4.9375,11.8125,4.375,12.5625],"rotation":0,"texture":"#0","tintindex":0},"east":{"uv":[5.3125,4.875,6.0625,4.875],"rotation":0,"texture":"#0","tintindex":0},"north":{"uv":[4.5,2.875,5.0625,2.875],"rotation":0,"texture":"#0","tintindex":0},"south":{"uv":[6.8125,1.125,7.375,1.125],"rotation":0,"texture":"#0","tintindex":0},"up":{"uv":[4.9375,12.5625,4.375,11.8125],"rotation":0,"texture":"#0","tintindex":0},"west":{"uv":[6.8125,1.1875,7.5625,1.1875],"rotation":0,"texture":"#0","tintindex":0}}},{"name":"cube","from":[4.1,12.649707,7.3606453],"to":[4.1,17.449707,22.360645],"rotation":{"angle":0.0,"axis":"x","origin":[8.0,17.129463,1.8756437]},"faces":{"down":{"uv":[1.125,13.75,1.125,15.3125],"rotation":0,"texture":"#0","tintindex":0},"east":{"uv":[7.75,5.8125,6.1875,6.3125],"rotation":0,"texture":"#0","tintindex":0},"north":{"uv":[4.0,5.125,4.0,5.625],"rotation":0,"texture":"#0","tintindex":0},"south":{"uv":[3.25,7.625,3.25,8.125],"rotation":0,"texture":"#0","tintindex":0},"up":{"uv":[1.0625,15.3125,1.0625,13.75],"rotation":0,"texture":"#0","tintindex":0},"west":{"uv":[6.1875,5.8125,7.75,6.3125],"rotation":0,"texture":"#0","tintindex":0}}},{"name":"cube","from":[2.2999997,13.249707,-4.639354],"to":[2.2999997,17.449707,7.3606453],"rotation":{"angle":0.0,"axis":"x","origin":[8.0,17.129463,1.8756437]},"faces":{"down":{"uv":[1.25,13.75,1.25,15.0],"rotation":0,"texture":"#0","tintindex":0},"east":{"uv":[10.4375,3.9375,9.1875,4.375],"rotation":0,"texture":"#0","tintindex":0},"north":{"uv":[3.3125,7.625,3.3125,8.0625],"rotation":0,"texture":"#0","tintindex":0},"south":{"uv":[7.75,5.3125,7.75,5.75],"rotation":0,"texture":"#0","tintindex":0},"up":{"uv":[1.1875,15.0,1.1875,13.75],"rotation":0,"texture":"#0","tintindex":0},"west":{"uv":[9.1875,3.9375,10.4375,4.375],"rotation":0,"texture":"#0","tintindex":0}}},{"name":"cube","from":[12.8,-0.18052673,-4.434011],"to":[14.6,4.6194735,-2.0340118],"rotation":{"angle":22.5,"axis":"x","origin":[8.0,17.129463,1.8756437]},"faces":{"down":{"uv":[9.6875,2.6875,9.875,2.9375],"rotation":0,"texture":"#0","tintindex":0},"east":{"uv":[0.9375,6.4375,0.6875,6.9375],"rotation":0,"texture":"#0","tintindex":0},"north":{"uv":[11.625,7.9375,11.4375,8.4375],"rotation":0,"texture":"#0","tintindex":0},"south":{"uv":[9.0,13.5625,8.8125,14.0625],"rotation":0,"texture":"#0","tintindex":0},"up":{"uv":[8.3125,9.5625,8.5,9.3125],"rotation":0,"texture":"#0","tintindex":0},"west":{"uv":[0.9375,5.875,0.6875,6.375],"rotation":0,"texture":"#0","tintindex":0}}},{"name":"cube","from":[12.2,10.608768,-11.498401],"to":[15.2,13.6087675,-6.6984005],"rotation":{"angle":-22.5,"axis":"x","origin":[8.0,17.129463,1.8756437]},"faces":{"down":{"uv":[13.25,10.625,13.5625,11.125],"rotation":0,"texture":"#0","tintindex":0},"east":{"uv":[11.875,1.75,11.375,2.0625],"rotation":0,"texture":"#0","tintindex":0},"north":{"uv":[3.3125,13.625,3.0,13.9375],"rotation":0,"texture":"#0","tintindex":0},"south":{"uv":[3.6875,13.625,3.375,13.9375],"rotation":0,"texture":"#0","tintindex":0},"up":{"uv":[10.75,9.0,11.0625,8.5],"rotation":0,"texture":"#0","tintindex":0},"west":{"uv":[10.5625,1.375,10.0625,1.6875],"rotation":0,"texture":"#0","tintindex":0}}},{"name":"cube","from":[8.6,6.3497066,-11.8393545],"to":[14.0,6.3497066,-4.639354],"rotation":{"angle":0.0,"axis":"x","origin":[8.0,17.129463,1.8756437]},"faces":{"down":{"uv":[4.375,11.8125,4.9375,12.5625],"rotation":0,"texture":"#0","tintindex":0},"east":{"uv":[7.5625,1.1875,6.8125,1.1875],"rotation":0,"texture":"#0","tintindex":0},"north":{"uv":[5.0625,2.875,4.5,2.875],"rotation":0,"texture":"#0","tintindex":0},"south":{"uv":[7.375,1.125,6.8125,1.125],"rotation":0,"texture":"#0","tintindex":0},"up":{"uv":[4.375,12.5625,4.9375,11.8125],"rotation":0,"texture":"#0","tintindex":0},"west":{"uv":[6.0625,4.875,5.3125,4.875],"rotation":0,"texture":"#0","tintindex":0}}},{"name":"cube","from":[13.7,13.249707,-4.639354],"to":[13.7,17.449707,7.3606453],"rotation":{"angle":0.0,"axis":"x","origin":[8.0,17.129463,1.8756437]},"faces":{"down":{"uv":[1.25,13.75,1.25,15.0],"rotation":0,"texture":"#0","tintindex":0},"east":{"uv":[10.4375,3.9375,9.1875,4.375],"rotation":0,"texture":"#0","tintindex":0},"north":{"uv":[3.3125,7.625,3.3125,8.0625],"rotation":0,"texture":"#0","tintindex":0},"south":{"uv":[7.75,5.3125,7.75,5.75],"rotation":0,"texture":"#0","tintindex":0},"up":{"uv":[1.1875,15.0,1.1875,13.75],"rotation":0,"texture":"#0","tintindex":0},"west":{"uv":[9.1875,3.9375,10.4375,4.375],"rotation":0,"texture":"#0","tintindex":0}}},{"name":"cube","from":[11.900001,12.649707,7.3606453],"to":[11.900001,17.449707,22.360645],"rotation":{"angle":0.0,"axis":"x","origin":[8.0,17.129463,1.8756437]},"faces":{"down":{"uv":[1.125,13.75,1.125,15.3125],"rotation":0,"texture":"#0","tintindex":0},"east":{"uv":[7.75,5.8125,6.1875,6.3125],"rotation":0,"texture":"#0","tintindex":0},"north":{"uv":[4.0,5.125,4.0,5.625],"rotation":0,"texture":"#0","tintindex":0},"south":{"uv":[3.25,7.625,3.25,8.125],"rotation":0,"texture":"#0","tintindex":0},"up":{"uv":[1.0625,15.3125,1.0625,13.75],