{"textures":{"0":"modelengine:entity/scorpion_king"},"elements":[{"name":"cube","from":[2.6,4.136415,3.7854137],"to":[13.400001,11.936416,11.585414],"rotation":{"angle":22.5,"axis":"x","origin":[8.0,15.395712,9.864826]},"faces":{"down":{"uv":[6.4375,4.0,5.3125,4.8125],"rotation":0,"texture":"#0","tintindex":0},"east":{"uv":[4.75,7.1875,5.5625,8.0],"rotation":0,"texture":"#0","tintindex":0},"north":{"uv":[4.0625,4.9375,5.1875,5.75],"rotation":0,"texture":"#0","tintindex":0},"south":{"uv":[2.1875,5.125,3.3125,5.9375],"rotation":0,"texture":"#0","tintindex":0},"up":{"uv":[6.375,5.75,5.25,4.9375],"rotation":0,"texture":"#0","tintindex":0},"west":{"uv":[6.875,7.1875,7.6875,8.0],"rotation":0,"texture":"#0","tintindex":0}}},{"name":"cube","from":[8.709188,8.062188,-8.1396055],"to":[14.709188,8.062188,2.0603943],"rotation":{"angle":-45.0,"axis":"y","origin":[8.0,8.062188,0.66958237]},"faces":{"down":{"uv":[0.6875,7.125,1.3125,8.1875],"rotation":0,"texture":"#0","tintindex":0},"east":{"uv":[14.6875,1.875,13.625,1.875],"rotation":0,"texture":"#0","tintindex":0},"north":{"uv":[8.0625,1.125,7.4375,1.125],"rotation":0,"texture":"#0","tintindex":0},"south":{"uv":[8.0625,1.25,7.4375,1.25],"rotation":0,"texture":"#0","tintindex":0},"up":{"uv":[0.6875,8.1875,1.3125,7.125],"rotation":0,"texture":"#0","tintindex":0},"west":{"uv":[14.5625,3.0,13.5,3.0],"rotation":0,"texture":"#0","tintindex":0}}},{"name":"cube","from":[1.2908117,8.062188,-8.1396055],"to":[7.2908115,8.062188,2.0603943],"rotation":{"angle":45.0,"axis":"y","origin":[8.0,8.062188,0.66958237]},"faces":{"down":{"uv":[1.3125,7.125,0.6875,8.1875],"rotation":0,"texture":"#0","tintindex":0},"east":{"uv":[13.5,3.0,14.5625,3.0],"rotation":0,"texture":"#0","tintindex":0},"north":{"uv":[7.4375,1.125,8.0625,1.125],"rotation":0,"texture":"#0","tintindex":0},"south":{"uv":[7.4375,1.25,8.0625,1.25],"rotation":0,"texture":"#0","tintindex":0},"up":{"uv":[1.3125,8.1875,0.6875,7.125],"rotation":0,"texture":"#0","tintindex":0},"west":{"uv":[13.625,1.875,14.6875,1.875],"rotation":0,"texture":"#0","tintindex":0}}},{"name":"cube","from":[1.3999997,10.765956,0.94982743],"to":[6.8,11.965956,2.1498275],"rotation":{"angle":-22.5,"axis":"z","origin":[4.7,11.515956,1.5498275]},"faces":{"down":{"uv":[9.6875,15.0,9.125,15.125],"rotation":0,"texture":"#0","tintindex":0},"east":{"uv":[8.9375,15.375,9.0625,15.5],"rotation":0,"texture":"#0","tintindex":0},"north":{"uv":[9.125,15.0,9.6875,15.125],"rotation":0,"texture":"#0","tintindex":0},"south":{"uv":[9.6875,15.0,9.125,15.125],"rotation":0,"texture":"#0","tintindex":0},"up":{"uv":[9.6875,15.0,9.125,15.125],"rotation":0,"texture":"#0","tintindex":0},"west":{"uv":[8.875,15.0,9.0,15.125],"rotation":0,"texture":"#0","tintindex":0}}},{"name":"cube","from":[9.2,10.765956,0.94982743],"to":[14.6,11.965956,2.1498275],"rotation":{"angle":22.5,"axis":"z","origin":[11.3,11.515956,1.5498275]},"faces":{"down":{"uv":[9.125,15.0,9.6875,15.125],"rotation":0,"texture":"#0","tintindex":0},"east":{"uv":[9.0,15.0,8.875,15.125],"rotation":0,"texture":"#0","tintindex":0},"north":{"uv":[9.6875,15.0,9.125,15.125],"rotation":0,"texture":"#0","tintindex":0},"south":{"uv":[9.125,15.0,9.6875,15.125],"rotation":0,"texture":"#0","tintindex":0},"up":{"uv":[9.125,15.0,9.6875,15.125],"rotation":0,"texture":"#0","tintindex":0},"west":{"uv":[9.0625,15.375,8.9375,15.5],"rotation":0,"texture":"#0","tintindex":0}}},{"name":"cube","from":[11.090239,13.664761,2.512691],"to":[14.090238,17.264761,5.5126915],"rotation":{"angle":-22.5,"axis":"z","origin":[8.0,15.395712,9.864826]},"faces":{"down":{"uv":[2.9375,13.625,2.625,13.9375],"rotation":0,"texture":"#0","tintindex":0},"east":{"uv":[13.4375,13.375,13.75,13.75],"rotation":0,"texture":"#0","tintindex":0},"north":{"uv":[13.4375,12.9375,13.75,13.3125],"rotation":0,"texture":"#0","tintindex":0},"south":{"uv":[13.5,0.375,13.8125,0.75],"rotation":0,"texture":"#0","tintindex":0},"up":{"uv":[13.9375,1.8125,13.625,1.5],"rotation":0,"texture":"#0","tintindex":0},"west":{"uv":[13.5,0.8125,13.8125,1.1875],"rotation":0,"texture":"#0","tintindex":0}}},{"name":"cube","from":[11.579538,12.183672,3.1126912],"to":[16.979538,13.983672,4.9126916],"rotation":{"angle":22.5,"axis":"z","origin":[8.0,15.395712,9.864826]},"faces":{"down":{"uv":[13.375,13.5,12.8125,13.6875],"rotation":0,"texture":"#0","tintindex":0},"east":{"uv":[9.3125,9.6875,9.5,9.875],"rotation":0,"texture":"#0","tintindex":0},"north":{"uv":[13.5,1.25,14.0625,1.4375],"rotation":0,"texture":"#0","tintindex":0},"south":{"uv":[13.5,2.75,14.0625,2.9375],"rotation":0,"texture":"#0","tintindex":0},"up":{"uv":[12.75,13.6875,12.1875,13.5],"rotation":0,"texture":"#0","tintindex":0},"west":{"uv":[4.0,10.5625,4.1875,10.75],"rotation":0,"texture":"#0","tintindex":0}}},{"name":"cube","from":[15.275163,19.701157,3.412691],"to":[16.475163,23.901157,4.612692],"rotation":{"angle":-22.5,"axis":"z","origin":[8.0,15.395712,9.864826]},"faces":{"down":{"uv":[3.0,6.625,2.875,6.75],"rotation":0,"texture":"#0","tintindex":0},"east":{"uv":[4.125,13.625,4.25,14.0625],"rotation":0,"texture":"#0","tintindex":0},"north":{"uv":[10.25,13.5625,10.375,14.0],"rotation":0,"texture":"#0","tintindex":0},"south":{"uv":[8.1875,13.6875,8.3125,14.125],"rotation":0,"texture":"#0","tintindex":0},"up":{"uv":[6.75,2.0,6.625,1.875],"rotation":0,"texture":"#0","tintindex":0},"west":{"uv":[0.75,13.75,0.875,14.1875],"rotation":0,"texture":"#0","tintindex":0}}},{"name":"cube","from":[-0.9795389,12.183672,3.1126912],"to":[4.4204617,13.983672,4.9126916],"rotation":{"angle":-22.5,"axis":"z","origin":[8.0,15.395712,9.864826]},"faces":{"down":{"uv":[12.8125,13.5,13.375,13.6875],"rotation":0,"texture":"#0","tintindex":0},"east":{"uv":[4.1875,10.5625,4.0,10.75],"rotation":0,"texture":"#0","tintindex":0},"north":{"uv":[14.0625,1.25,13.5,1.4375],"rotation":0,"texture":"#0","tintindex":0},"south":{"uv":[14.0625,2.75,13.5,2.9375],"rotation":0,"texture":"#0","tintindex":0},"up":{"uv":[12.1875,13.6875,12.75,13.5],"rotation":0,"texture":"#0","tintindex":0},"west":{"uv":[9.5,9.6875,9.3125,9.875],"rotation":0,"texture":"#0","tintindex":0}}},{"name":"cube","from":[1.9097619,13.664761,2.512691],"to":[4.909762,17.264761,5.5126915],"rotation":{"angle":22.5,"axis":"z","origin":[8.0,15.395712,9.864826]},"faces":{"down":{"uv":[2.625,13.625,2.9375,13.9375],"rotation":0,"texture":"#0","tintindex":0},"east":{"uv":[13.8125,0.8125,13.5,1.1875],"rotation":0,"texture":"#0","tintindex":0},"north":{"uv":[13.75,12.9375,13.4375,13.3125],"rotation":0,"texture":"#0","tintindex":0},"south":{"uv":[13.8125,0.375,13.5,0.75],"rotation":0,"texture":"#0","tintindex":0},"up":{"uv":[13.625,1.8125,13.9375,1.5],"rotation":0,"texture":"#0","tintindex":0},"west":{"uv":[13.75,13.375,13.4375,13.75],"rotation":0,"texture":"#0","tintindex":0}}},{"name":"cube","from":[-0.47516274,19.701157,3.412691],"to":[0.7248373,23.901157,4.612692],"rotation":{"angle":22.5,"axis":"z","origin":[8.0,15.395712,9.864826]},"faces":{"down":{"uv":[2.875,6.625,3.0,6.75],"rotation":0,"texture":"#0","tintindex":0},"east":{"uv":[0.875,13.75,0.75,14.1875],"rotation":0,"texture":"#0","tintindex":0},"north":{"uv":[10.375,13.5625,10.25,14.0],"rotation":0,"texture":"#0","tintindex":0},"south":{"uv":[8.3125,13.6875,8.1875,14.125],"rotation":0,"texture":"#0","tintindex":0},"up":{"uv":[6.625,2.0,6.75,1.875],"rotation":0,"texture":"#0","tintindex":0},"west":{"uv":[4.25,13.625,4.125,14.0625],"rotation":0,"texture":"#0","tintindex":0}}}],"display":{"head":{"translation":[0.0,-6.4,0.0],"rotation":[0.0,0.0,0.0],"scale":[3.8095,3.8095,3.8095]}}}