{"textures":{"0":"modelengine:entity/scorpion_king"},"elements":[{"name":"cube","from":[20.27605,5.0,-7.687997],"to":[26.876049,11.0,0.1120038],"rotation":{"angle":45.0,"axis":"y","origin":[26.114395,16.679756,22.448753]},"faces":{"down":{"uv":[9.875,0.0,9.1875,0.8125],"rotation":0,"texture":"#0","tintindex":0},"east":{"uv":[9.9375,0.0,10.75,0.625],"rotation":0,"texture":"#0","tintindex":0},"north":{"uv":[11.6875,7.9375,12.375,8.5625],"rotation":0,"texture":"#0","tintindex":0},"south":{"uv":[11.6875,8.625,12.375,9.25],"rotation":0,"texture":"#0","tintindex":0},"up":{"uv":[2.8125,9.9375,2.125,9.125],"rotation":0,"texture":"#0","tintindex":0},"west":{"uv":[10.0625,0.6875,10.875,1.3125],"rotation":0,"texture":"#0","tintindex":0}}},{"name":"cube","from":[1.9955537,6.2,-3.7023902],"to":[7.995555,9.8,4.0976105],"rotation":{"angle":0.0,"axis":"x","origin":[26.114395,16.679756,22.448753]},"faces":{"down":{"uv":[5.5,10.0625,4.875,10.875],"rotation":0,"texture":"#0","tintindex":0},"east":{"uv":[4.5,2.4375,5.3125,2.8125],"rotation":0,"texture":"#0","tintindex":0},"north":{"uv":[12.9375,5.75,13.5625,6.125],"rotation":0,"texture":"#0","tintindex":0},"south":{"uv":[13.125,3.75,13.75,4.125],"rotation":0,"texture":"#0","tintindex":0},"up":{"uv":[0.625,8.0625,0.0,7.25],"rotation":0,"texture":"#0","tintindex":0},"west":{"uv":[12.625,0.625,13.4375,1.0],"rotation":0,"texture":"#0","tintindex":0}}},{"name":"cube","from":[-7.5528154,6.8,12.948093],"to":[-3.9528155,9.2,20.748093],"rotation":{"angle":-45.0,"axis":"y","origin":[26.114395,16.679756,22.448753]},"faces":{"down":{"uv":[12.5625,12.625,12.1875,13.4375],"rotation":0,"texture":"#0","tintindex":0},"east":{"uv":[13.125,7.0625,13.9375,7.3125],"rotation":0,"texture":"#0","tintindex":0},"north":{"uv":[9.875,11.1875,10.25,11.4375],"rotation":0,"texture":"#0","tintindex":0},"south":{"uv":[9.4375,12.0625,9.8125,12.3125],"rotation":0,"texture":"#0","tintindex":0},"up":{"uv":[4.75,13.4375,4.375,12.625],"rotation":0,"texture":"#0","tintindex":0},"west":{"uv":[13.1875,5.25,14.0,5.5],"rotation":0,"texture":"#0","tintindex":0}}},{"name":"cube","from":[-2.8044467,8.0,-3.7023902],"to":[1.9955537,8.0,5.2976103],"rotation":{"angle":0.0,"axis":"x","origin":[26.114395,16.679756,22.448753]},"faces":{"down":{"uv":[11.5,10.625,11.0,11.5625],"rotation":0,"texture":"#0","tintindex":0},"east":{"uv":[9.75,8.875,10.6875,8.875],"rotation":0,"texture":"#0","tintindex":0},"north":{"uv":[7.1875,5.125,7.6875,5.125],"rotation":0,"texture":"#0","tintindex":0},"south":{"uv":[7.1875,5.1875,7.6875,5.1875],"rotation":0,"texture":"#0","tintindex":0},"up":{"uv":[11.5,11.5625,11.0,10.625],"rotation":0,"texture":"#0","tintindex":0},"west":{"uv":[9.75,8.9375,10.6875,8.9375],"rotation":0,"texture":"#0","tintindex":0}}},{"name":"cube","from":[13.676049,8.0,-7.687997],"to":[20.27605,8.0,0.1120038],"rotation":{"angle":45.0,"axis":"y","origin":[26.114395,16.679756,22.448753]},"faces":{"down":{"uv":[9.875,3.0625,9.1875,3.875],"rotation":0,"texture":"#0","tintindex":0},"east":{"uv":[9.1875,6.5,10.0,6.5],"rotation":0,"texture":"#0","tintindex":0},"north":{"uv":[3.25,8.25,3.9375,8.25],"rotation":0,"texture":"#0","tintindex":0},"south":{"uv":[9.75,5.9375,10.4375,5.9375],"rotation":0,"texture":"#0","tintindex":0},"up":{"uv":[9.875,3.875,9.1875,3.0625],"rotation":0,"texture":"#0","tintindex":0},"west":{"uv":[9.75,9.0,10.5625,9.0],"rotation":0,"texture":"#0","tintindex":0}}}],"display":{"head":{"translation":[0.0,-6.4,0.0],"rotation":[0.0,0.0,0.0],"scale":[3.8095,3.8095,3.8095]}}}