{"textures":{"0":"modelengine:entity/scorpion_king"},"elements":[{"name":"cube","from":[0.9839418,6.2,10.055845],"to":[4.5839405,9.8,15.455846],"rotation":{"angle":-22.5,"axis":"y","origin":[22.925297,16.679756,23.947575]},"faces":{"down":{"uv":[2.125,13.1875,1.75,13.75],"rotation":0,"texture":"#0","tintindex":0},"east":{"uv":[13.125,6.625,13.6875,7.0],"rotation":0,"texture":"#0","tintindex":0},"north":{"uv":[10.9375,0.875,11.3125,1.25],"rotation":0,"texture":"#0","tintindex":0},"south":{"uv":[13.25,11.1875,13.625,11.5625],"rotation":0,"texture":"#0","tintindex":0},"up":{"uv":[13.5625,2.0625,13.1875,1.5],"rotation":0,"texture":"#0","tintindex":0},"west":{"uv":[9.875,13.125,10.4375,13.5],"rotation":0,"texture":"#0","tintindex":0}}},{"name":"cube","from":[7.4,6.8,-0.40000033],"to":[9.8,9.2,3.7999997],"rotation":{"angle":0.0,"axis":"x","origin":[22.925297,16.679756,23.947575]},"faces":{"down":{"uv":[7.6875,2.75,7.4375,3.1875],"rotation":0,"texture":"#0","tintindex":0},"east":{"uv":[5.5,2.125,5.9375,2.375],"rotation":0,"texture":"#0","tintindex":0},"north":{"uv":[8.3125,2.4375,8.5625,2.6875],"rotation":0,"texture":"#0","tintindex":0},"south":{"uv":[2.875,9.125,3.125,9.375],"rotation":0,"texture":"#0","tintindex":0},"up":{"uv":[1.25,5.75,1.0,5.3125],"rotation":0,"texture":"#0","tintindex":0},"west":{"uv":[9.1875,4.4375,9.625,4.6875],"rotation":0,"texture":"#0","tintindex":0}}}],"display":{"head":{"translation":[0.0,-6.4,0.0],"rotation":[0.0,0.0,0.0],"scale":[3.8095,3.8095,3.8095]}}}