{"textures":{"0":"modelengine:entity/scorpion_king"},"elements":[{"name":"cube","from":[-5.929758,11.933398,5.3],"to":[3.6702437,17.333399,10.700001],"rotation":{"angle":45.0,"axis":"z","origin":[13.588864,16.597652,6.414998]},"faces":{"down":{"uv":[5.3125,8.3125,4.3125,8.875],"rotation":0,"texture":"#0","tintindex":0},"east":{"uv":[5.375,12.4375,5.9375,13.0],"rotation":0,"texture":"#0","tintindex":0},"north":{"uv":[8.25,1.1875,9.25,1.75],"rotation":0,"texture":"#0","tintindex":0},"south":{"uv":[8.3125,1.8125,9.3125,2.375],"rotation":0,"texture":"#0","tintindex":0},"up":{"uv":[4.25,8.875,3.25,8.3125],"rotation":0,"texture":"#0","tintindex":0},"west":{"uv":[12.4375,7.5,13.0,8.0625],"rotation":0,"texture":"#0","tintindex":0}}}],"display":{"head":{"translation":[0.0,-6.4,0.0],"rotation":[0.0,0.0,0.0],"scale":[3.8095,3.8095,3.8095]}}}