{"textures":{"0":"modelengine:entity/scorpion_king"},"elements":[{"name":"cube","from":[9.144261,-5.4283495,5.3],"to":[15.144261,2.3716512,10.700001],"rotation":{"angle":-22.5,"axis":"z","origin":[24.890446,16.085941,6.414998]},"faces":{"down":{"uv":[9.375,12.0625,8.75,12.625],"rotation":0,"texture":"#0","tintindex":0},"east":{"uv":[0.0,11.1875,0.5625,12.0],"rotation":0,"texture":"#0","tintindex":0},"north":{"uv":[6.4375,10.1875,7.0625,11.0],"rotation":0,"texture":"#0","tintindex":0},"south":{"uv":[7.125,10.1875,7.75,11.0],"rotation":0,"texture":"#0","tintindex":0},"up":{"uv":[12.6875,7.4375,12.0625,6.875],"rotation":0,"texture":"#0","tintindex":0},"west":{"uv":[0.625,11.1875,1.1875,12.0],"rotation":0,"texture":"#0","tintindex":0}}},{"name":"cube","from":[4.2184896,-4.061721,6.5],"to":[7.2184896,3.73828,9.5],"rotation":{"angle":0.0,"axis":"x","origin":[24.890446,16.085941,6.414998]},"faces":{"down":{"uv":[13.9375,4.625,13.625,4.9375],"rotation":0,"texture":"#0","tintindex":0},"east":{"uv":[10.75,12.5,11.0625,13.3125],"rotation":0,"texture":"#0","tintindex":0},"north":{"uv":[1.375,7.125,1.6875,7.9375],"rotation":0,"texture":"#0","tintindex":0},"south":{"uv":[8.75,12.6875,9.0625,13.5],"rotation":0,"texture":"#0","tintindex":0},"up":{"uv":[4.0625,13.9375,3.75,13.625],"rotation":0,"texture":"#0","tintindex":0},"west":{"uv":[2.625,12.75,2.9375,13.5625],"rotation":0,"texture":"#0","tintindex":0}}},{"name":"cube","from":[3.6542604,-4.828349,8.0],"to":[9.054262,2.9716513,8.0],"rotation":{"angle":-22.5,"axis":"z","origin":[23.090446,16.085941,-1.3850026]},"faces":{"down":{"uv":[8.1875,1.1875,7.625,1.1875],"rotation":0,"texture":"#0","tintindex":0},"east":{"uv":[2.8125,3.25,2.8125,4.0625],"rotation":0,"texture":"#0","tintindex":0},"north":{"uv":[1.25,11.1875,1.8125,12.0],"rotation":0,"texture":"#0","tintindex":0},"south":{"uv":[1.8125,11.1875,1.25,12.0],"rotation":0,"texture":"#0","tintindex":0},"up":{"uv":[7.75,5.25,7.1875,5.25],"rotation":0,"texture":"#0","tintindex":0},"west":{"uv":[9.1875,10.3125,9.1875,11.125],"rotation":0,"texture":"#0","tintindex":0}}}],"display":{"head":{"translation":[0.0,-6.4,0.0],"rotation":[0.0,0.0,0.0],"scale":[3.8095,3.8095,3.8095]}}}