{"textures":{"0":"modelengine:entity/scorpion_king"},"elements":[{"name":"cube","from":[-10.876049,5.0,-7.687997],"to":[-4.27605,11.0,0.1120038],"rotation":{"angle":-45.0,"axis":"y","origin":[-10.114395,16.679756,22.448753]},"faces":{"down":{"uv":[9.1875,0.0,9.875,0.8125],"rotation":0,"texture":"#0","tintindex":0},"east":{"uv":[10.875,0.6875,10.0625,1.3125],"rotation":0,"texture":"#0","tintindex":0},"north":{"uv":[12.375,7.9375,11.6875,8.5625],"rotation":0,"texture":"#0","tintindex":0},"south":{"uv":[12.375,8.625,11.6875,9.25],"rotation":0,"texture":"#0","tintindex":0},"up":{"uv":[2.125,9.9375,2.8125,9.125],"rotation":0,"texture":"#0","tintindex":0},"west":{"uv":[10.75,0.0,9.9375,0.625],"rotation":0,"texture":"#0","tintindex":0}}},{"name":"cube","from":[8.004445,6.2,-3.7023902],"to":[14.004446,9.8,4.0976105],"rotation":{"angle":0.0,"axis":"x","origin":[-10.114395,16.679756,22.448753]},"faces":{"down":{"uv":[4.875,10.0625,5.5,10.875],"rotation":0,"texture":"#0","tintindex":0},"east":{"uv":[13.4375,0.625,12.625,1.0],"rotation":0,"texture":"#0","tintindex":0},"north":{"uv":[13.5625,5.75,12.9375,6.125],"rotation":0,"texture":"#0","tintindex":0},"south":{"uv":[13.75,3.75,13.125,4.125],"rotation":0,"texture":"#0","tintindex":0},"up":{"uv":[0.0,8.0625,0.625,7.25],"rotation":0,"texture":"#0","tintindex":0},"west":{"uv":[5.3125,2.4375,4.5,2.8125],"rotation":0,"texture":"#0","tintindex":0}}},{"name":"cube","from":[19.952816,6.8,12.948093],"to":[23.552814,9.2,20.748093],"rotation":{"angle":45.0,"axis":"y","origin":[-10.114395,16.679756,22.448753]},"faces":{"down":{"uv":[12.1875,12.625,12.5625,13.4375],"rotation":0,"texture":"#0","tintindex":0},"east":{"uv":[14.0,5.25,13.1875,5.5],"rotation":0,"texture":"#0","tintindex":0},"north":{"uv":[10.25,11.1875,9.875,11.4375],"rotation":0,"texture":"#0","tintindex":0},"south":{"uv":[9.8125,12.0625,9.4375,12.3125],"rotation":0,"texture":"#0","tintindex":0},"up":{"uv":[4.375,13.4375,4.75,12.625],"rotation":0,"texture":"#0","tintindex":0},"west":{"uv":[13.9375,7.0625,13.125,7.3125],"rotation":0,"texture":"#0","tintindex":0}}},{"name":"cube","from":[14.004446,8.0,-3.7023902],"to":[18.804447,8.0,5.2976103],"rotation":{"angle":0.0,"axis":"x","origin":[-10.114395,16.679756,22.448753]},"faces":{"down":{"uv":[11.0,10.625,11.5,11.5625],"rotation":0,"texture":"#0","tintindex":0},"east":{"uv":[10.6875,8.9375,9.75,8.9375],"rotation":0,"texture":"#0","tintindex":0},"north":{"uv":[7.6875,5.125,7.1875,5.125],"rotation":0,"texture":"#0","tintindex":0},"south":{"uv":[7.6875,5.1875,7.1875,5.1875],"rotation":0,"texture":"#0","tintindex":0},"up":{"uv":[11.0,11.5625,11.5,10.625],"rotation":0,"texture":"#0","tintindex":0},"west":{"uv":[10.6875,8.875,9.75,8.875],"rotation":0,"texture":"#0","tintindex":0}}},{"name":"cube","from":[-4.27605,8.0,-7.687997],"to":[2.3239512,8.0,0.1120038],"rotation":{"angle":-45.0,"axis":"y","origin":[-10.114395,16.679756,22.448753]},"faces":{"down":{"uv":[9.1875,3.0625,9.875,3.875],"rotation":0,"texture":"#0","tintindex":0},"east":{"uv":[10.5625,9.0,9.75,9.0],"rotation":0,"texture":"#0","tintindex":0},"north":{"uv":[3.9375,8.25,3.25,8.25],"rotation":0,"texture":"#0","tintindex":0},"south":{"uv":[10.4375,5.9375,9.75,5.9375],"rotation":0,"texture":"#0","tintindex":0},"up":{"uv":[9.1875,3.875,9.875,3.0625],"rotation":0,"texture":"#0","tintindex":0},"west":{"uv":[10.0,6.5,9.1875,6.5],"rotation":0,"texture":"#0","tintindex":0}}}],"display":{"head":{"translation":[0.0,-6.4,0.0],"rotation":[0.0,0.0,0.0],"scale":[3.8095,3.8095,3.8095]}}}