{"textures":{"0":"modelengine:entity/scorpion_king"},"elements":[{"name":"cube","from":[0.85573816,-5.4283495,5.3],"to":[6.8557386,2.3716512,10.700001],"rotation":{"angle":22.5,"axis":"z","origin":[-8.890447,16.085941,6.414998]},"faces":{"down":{"uv":[8.75,12.0625,9.375,12.625],"rotation":0,"texture":"#0","tintindex":0},"east":{"uv":[1.1875,11.1875,0.625,12.0],"rotation":0,"texture":"#0","tintindex":0},"north":{"uv":[7.0625,10.1875,6.4375,11.0],"rotation":0,"texture":"#0","tintindex":0},"south":{"uv":[7.75,10.1875,7.125,11.0],"rotation":0,"texture":"#0","tintindex":0},"up":{"uv":[12.0625,7.4375,12.6875,6.875],"rotation":0,"texture":"#0","tintindex":0},"west":{"uv":[0.5625,11.1875,0.0,12.0],"rotation":0,"texture":"#0","tintindex":0}}},{"name":"cube","from":[8.78151,-4.061721,6.5],"to":[11.781509,3.73828,9.5],"rotation":{"angle":0.0,"axis":"x","origin":[-8.890447,16.085941,6.414998]},"faces":{"down":{"uv":[13.625,4.625,13.9375,4.9375],"rotation":0,"texture":"#0","tintindex":0},"east":{"uv":[2.9375,12.75,2.625,13.5625],"rotation":0,"texture":"#0","tintindex":0},"north":{"uv":[1.6875,7.125,1.375,7.9375],"rotation":0,"texture":"#0","tintindex":0},"south":{"uv":[9.0625,12.6875,8.75,13.5],"rotation":0,"texture":"#0","tintindex":0},"up":{"uv":[3.75,13.9375,4.0625,13.625],"rotation":0,"texture":"#0","tintindex":0},"west":{"uv":[11.0625,12.5,10.75,13.3125],"rotation":0,"texture":"#0","tintindex":0}}},{"name":"cube","from":[6.8557386,-5.4283495,8.0],"to":[12.255738,2.3716512,8.0],"rotation":{"angle":22.5,"axis":"z","origin":[-8.890447,16.085941,6.414998]},"faces":{"down":{"uv":[7.625,1.1875,8.1875,1.1875],"rotation":0,"texture":"#0","tintindex":0},"east":{"uv":[9.1875,10.3125,9.1875,11.125],"rotation":0,"texture":"#0","tintindex":0},"north":{"uv":[1.8125,11.1875,1.25,12.0],"rotation":0,"texture":"#0","tintindex":0},"south":{"uv":[1.25,11.1875,1.8125,12.0],"rotation":0,"texture":"#0","tintindex":0},"up":{"uv":[7.1875,5.25,7.75,5.25],"rotation":0,"texture":"#0","tintindex":0},"west":{"uv":[2.8125,3.25,2.8125,4.0625],"rotation":0,"texture":"#0","tintindex":0}}}],"display":{"head":{"translation":[0.0,-6.4,0.0],"rotation":[0.0,0.0,0.0],"scale":[3.8095,3.8095,3.8095]}}}