{"textures":{"0":"modelengine:entity/scorpion_king"},"elements":[{"name":"cube","from":[4.1,-2.38764,5.6034346],"to":[11.900001,5.41236,13.403435],"rotation":{"angle":-22.5,"axis":"x","origin":[8.0,-7.9910154,-10.010567]},"faces":{"down":{"uv":[8.625,5.125,7.8125,5.9375],"rotation":0,"texture":"#0","tintindex":0},"east":{"uv":[2.375,7.625,3.1875,8.4375],"rotation":0,"texture":"#0","tintindex":0},"north":{"uv":[7.4375,1.875,8.25,2.6875],"rotation":0,"texture":"#0","tintindex":0},"south":{"uv":[5.625,7.6875,6.4375,8.5],"rotation":0,"texture":"#0","tintindex":0},"up":{"uv":[8.5625,8.0,7.75,7.1875],"rotation":0,"texture":"#0","tintindex":0},"west":{"uv":[7.75,2.75,8.5625,3.5625],"rotation":0,"texture":"#0","tintindex":0}}},{"name":"cube","from":[8.0,-4.78764,-5.1965666],"to":[8.0,6.61236,5.6034346],"rotation":{"angle":-22.5,"axis":"x","origin":[8.0,-7.9910154,-10.010567]},"faces":{"down":{"uv":[11.0625,13.375,11.0625,14.5],"rotation":0,"texture":"#0","tintindex":0},"east":{"uv":[2.875,2.9375,4.0,4.125],"rotation":0,"texture":"#0","tintindex":0},"north":{"uv":[1.625,13.3125,1.625,14.5],"rotation":0,"texture":"#0","tintindex":0},"south":{"uv":[1.6875,13.3125,1.6875,14.5],"rotation":0,"texture":"#0","tintindex":0},"up":{"uv":[11.0,14.5,11.0,13.375],"rotation":0,"texture":"#0","tintindex":0},"west":{"uv":[1.625,3.25,2.75,4.4375],"rotation":0,"texture":"#0","tintindex":0}}}],"display":{"head":{"translation":[0.0,-6.4,0.0],"rotation":[0.0,0.0,0.0],"scale":[3.8095,3.8095,3.8095]}}}