{"textures":{"0":"modelengine:entity/scorpion_king"},"elements":[{"name":"cube","from":[5.8999996,13.560781,-7.303482],"to":[10.1,18.960781,1.6965184],"rotation":{"angle":22.5,"axis":"x","origin":[8.0,-4.7123837,-15.995723]},"faces":{"down":{"uv":[0.9375,12.0625,0.5,13.0],"rotation":0,"texture":"#0","tintindex":0},"east":{"uv":[8.3125,9.6875,9.25,10.25],"rotation":0,"texture":"#0","tintindex":0},"north":{"uv":[2.875,6.0,3.3125,6.5625],"rotation":0,"texture":"#0","tintindex":0},"south":{"uv":[12.9375,0.0,13.375,0.5625],"rotation":0,"texture":"#0","tintindex":0},"up":{"uv":[0.4375,13.0,0.0,12.0625],"rotation":0,"texture":"#0","tintindex":0},"west":{"uv":[9.75,5.3125,10.6875,5.875],"rotation":0,"texture":"#0","tintindex":0}}},{"name":"cube","from":[8.0,8.16078,-7.303482],"to":[8.0,13.560781,1.6965184],"rotation":{"angle":22.5,"axis":"x","origin":[8.0,-4.7123837,-15.995723]},"faces":{"down":{"uv":[11.125,13.75,11.125,14.6875],"rotation":0,"texture":"#0","tintindex":0},"east":{"uv":[10.6875,8.25,9.75,8.8125],"rotation":0,"texture":"#0","tintindex":0},"north":{"uv":[10.8125,13.75,10.8125,14.3125],"rotation":0,"texture":"#0","tintindex":0},"south":{"uv":[10.875,13.75,10.875,14.3125],"rotation":0,"texture":"#0","tintindex":0},"up":{"uv":[10.9375,14.6875,10.9375,13.75],"rotation":0,"texture":"#0","tintindex":0},"west":{"uv":[9.75,8.25,10.6875,8.8125],"rotation":0,"texture":"#0","tintindex":0}}}],"display":{"head":{"translation":[0.0,-6.4,0.0],"rotation":[0.0,0.0,0.0],"scale":[3.8095,3.8095,3.8095]}}}