{"textures":{"0":"modelengine:entity/stone_golem"},"elements":[{"name":"cube","from":[4.990901,8.018357,3.36548],"to":[10.990901,12.218358,8.76548],"rotation":{"angle":0.0,"axis":"x","origin":[7.990901,2.7831328,6.8597784]},"faces":{"down":{"uv":[7.875,4.125,6.625,5.25],"rotation":0,"texture":"#0","tintindex":0},"east":{"uv":[8.75,0.0,9.875,0.875],"rotation":0,"texture":"#0","tintindex":0},"north":{"uv":[5.75,8.5,7.0,9.375],"rotation":0,"texture":"#0","tintindex":0},"south":{"uv":[8.625,6.625,9.875,7.5],"rotation":0,"texture":"#0","tintindex":0},"up":{"uv":[7.5,2.375,6.25,1.25],"rotation":0,"texture":"#0","tintindex":0},"west":{"uv":[8.75,2.25,9.875,3.125],"rotation":0,"texture":"#0","tintindex":0}}},{"name":"cube","from":[4.990901,11.925087,9.260649],"to":[10.990901,11.925087,11.060648],"rotation":{"angle":-45.0,"axis":"x","origin":[7.990901,2.7831328,6.8597784]},"faces":{"down":{"uv":[11.75,1.25,10.5,1.625],"rotation":0,"texture":"#0","tintindex":0},"east":{"uv":[4.75,5.75,5.125,5.75],"rotation":0,"texture":"#0","tintindex":0},"north":{"uv":[10.625,5.875,11.875,5.875],"rotation":0,"texture":"#0","tintindex":0},"south":{"uv":[10.625,6.0,11.875,6.0],"rotation":0,"texture":"#0","tintindex":0},"up":{"uv":[11.75,1.625,10.5,1.25],"rotation":0,"texture":"#0","tintindex":0},"west":{"uv":[5.875,4.375,6.25,4.375],"rotation":0,"texture":"#0","tintindex":0}}},{"name":"cube","from":[4.990901,10.802378,1.5356014],"to":[10.990901,10.802378,3.3356013],"rotation":{"angle":45.0,"axis":"x","origin":[7.990901,2.7831328,6.8597784]},"faces":{"down":{"uv":[1.25,10.625,0.0,11.0],"rotation":0,"texture":"#0","tintindex":0},"east":{"uv":[4.75,5.875,5.125,5.875],"rotation":0,"texture":"#0","tintindex":0},"north":{"uv":[10.75,2.625,12.0,2.625],"rotation":0,"texture":"#0","tintindex":0},"south":{"uv":[10.75,2.75,12.0,2.75],"rotation":0,"texture":"#0","tintindex":0},"up":{"uv":[1.25,11.0,0.0,10.625],"rotation":0,"texture":"#0","tintindex":0},"west":{"uv":[7.0,2.5,7.375,2.5],"rotation":0,"texture":"#0","tintindex":0}}},{"name":"cube","from":[10.741293,11.575563,3.36548],"to":[12.541293,11.575563,8.76548],"rotation":{"angle":45.0,"axis":"z","origin":[7.990901,2.7831328,6.8597784]},"faces":{"down":{"uv":[4.5,10.625,4.125,11.75],"rotation":0,"texture":"#0","tintindex":0},"east":{"uv":[10.75,3.25,11.875,3.25],"rotation":0,"texture":"#0","tintindex":0},"north":{"uv":[7.0,2.875,7.375,2.875],"rotation":0,"texture":"#0","tintindex":0},"south":{"uv":[7.5,3.75,7.875,3.75],"rotation":0,"texture":"#0","tintindex":0},"up":{"uv":[4.5,11.75,4.125,10.625],"rotation":0,"texture":"#0","tintindex":0},"west":{"uv":[10.75,3.375,11.875,3.375],"rotation":0,"texture":"#0","tintindex":0}}},{"name":"cube","from":[4.990901,12.218358,6.96548],"to":[7.990901,14.618358,6.96548],"rotation":{"angle":0.0,"axis":"x","origin":[7.990901,2.7831328,6.8597784]},"faces":{"down":{"uv":[9.875,1.875,9.25,1.875],"rotation":0,"texture":"#0","tintindex":0},"east":{"uv":[7.375,5.375,7.375,5.875],"rotation":0,"texture":"#0","tintindex":0},"north":{"uv":[6.625,5.375,7.25,5.875],"rotation":0,"texture":"#0","tintindex":0},"south":{"uv":[7.25,5.375,6.625,5.875],"rotation":0,"texture":"#0","tintindex":0},"up":{"uv":[8.625,5.25,8.0,5.25],"rotation":0,"texture":"#0","tintindex":0},"west":{"uv":[7.125,8.5,7.125,9.0],"rotation":0,"texture":"#0","tintindex":0}}},{"name":"cube","from":[6.104983,12.218358,4.2495966],"to":[9.104983,14.018357,4.2495966],"rotation":{"angle":-45.0,"axis":"y","origin":[7.990901,2.7831328,6.8597784]},"faces":{"down":{"uv":[9.875,2.125,9.25,2.125],"rotation":0,"texture":"#0","tintindex":0},"east":{"uv":[7.25,8.5,7.25,8.875],"rotation":0,"texture":"#0","tintindex":0},"north":{"uv":[6.25,2.5,6.875,2.875],"rotation":0,"texture":"#0","tintindex":0},"south":{"uv":[6.875,2.5,6.25,2.875],"rotation":0,"texture":"#0","tintindex":0},"up":{"uv":[9.875,2.0,9.25,2.0],"rotation":0,"texture":"#0","tintindex":0},"west":{"uv":[7.375,8.5,7.375,8.875],"rotation":0,"texture":"#0","tintindex":0}}},{"name":"cube","from":[3.4405098,11.575563,3.36548],"to":[5.24051,11.575563,8.76548],"rotation":{"angle":-45.0,"axis":"z","origin":[7.990901,2.7831328,6.8597784]},"faces":{"down":{"uv":[4.125,10.625,4.5,11.75],"rotation":0,"texture":"#0","tintindex":0},"east":{"uv":[11.875,3.375,10.75,3.375],"rotation":0,"texture":"#0","tintindex":0},"north":{"uv":[7.375,2.875,7.0,2.875],"rotation":0,"texture":"#0","tintindex":0},"south":{"uv":[7.875,3.75,7.5,3.75],"rotation":0,"texture":"#0","tintindex":0},"up":{"uv":[4.125,11.75,4.5,10.625],"rotation":0,"texture":"#0","tintindex":0},"west":{"uv":[11.875,3.25,10.75,3.25],"rotation":0,"texture":"#0","tintindex":0}}}],"display":{"head":{"translation":[0.0,-6.4,0.0],"rotation":[0.0,0.0,0.0],"scale":[3.8095,3.8095,3.8095]}}}