{"textures":{"0":"modelengine:entity/stone_golem"},"elements":[{"name":"cube","from":[7.037475,10.681427,7.7926965],"to":[10.637476,14.881427,7.7926965],"rotation":{"angle":22.5,"axis":"z","origin":[14.135949,3.9800303,7.281107]},"faces":{"down":{"uv":[8.375,2.375,7.625,2.375],"rotation":0,"texture":"#0","tintindex":0},"east":{"uv":[2.75,10.625,2.75,11.5],"rotation":0,"texture":"#0","tintindex":0},"north":{"uv":[6.75,10.0,7.5,10.875],"rotation":0,"texture":"#0","tintindex":0},"south":{"uv":[7.5,10.0,6.75,10.875],"rotation":0,"texture":"#0","tintindex":0},"up":{"uv":[8.375,2.25,7.625,2.25],"rotation":0,"texture":"#0","tintindex":0},"west":{"uv":[2.875,10.625,2.875,11.5],"rotation":0,"texture":"#0","tintindex":0}}},{"name":"cube","from":[3.9359481,0.96755505,5.910507],"to":[8.135948,5.167555,10.110508],"rotation":{"angle":22.5,"axis":"x","origin":[14.135949,3.9800303,7.281107]},"faces":{"down":{"uv":[2.875,9.625,2.0,10.5],"rotation":0,"texture":"#0","tintindex":0},"east":{"uv":[9.375,9.375,10.25,10.25],"rotation":0,"texture":"#0","tintindex":0},"north":{"uv":[8.375,9.375,9.25,10.25],"rotation":0,"texture":"#0","tintindex":0},"south":{"uv":[0.0,9.5,0.875,10.375],"rotation":0,"texture":"#0","tintindex":0},"up":{"uv":[1.875,10.5,1.0,9.625],"rotation":0,"texture":"#0","tintindex":0},"west":{"uv":[5.75,9.5,6.625,10.375],"rotation":0,"texture":"#0","tintindex":0}}},{"name":"cube","from":[3.3359482,3.070749,2.519772],"to":[8.735949,6.0707493,2.519772],"rotation":{"angle":45.0,"axis":"x","origin":[14.135949,3.9800303,7.281107]},"faces":{"down":{"uv":[11.5,10.125,10.375,10.125],"rotation":0,"texture":"#0","tintindex":0},"east":{"uv":[10.625,4.875,10.625,5.5],"rotation":0,"texture":"#0","tintindex":0},"north":{"uv":[4.125,9.875,5.25,10.5],"rotation":0,"texture":"#0","tintindex":0},"south":{"uv":[5.25,9.875,4.125,10.5],"rotation":0,"texture":"#0","tintindex":0},"up":{"uv":[11.125,3.125,10.0,3.125],"rotation":0,"texture":"#0","tintindex":0},"west":{"uv":[5.125,10.625,5.125,11.25],"rotation":0,"texture":"#0","tintindex":0}}},{"name":"cube","from":[6.9252214,15.042209,5.3926964],"to":[9.925221,15.042209,10.792696],"rotation":{"angle":45.0,"axis":"z","origin":[14.135949,3.9800303,7.281107]},"faces":{"down":{"uv":[10.5,4.875,9.875,6.0],"rotation":0,"texture":"#0","tintindex":0},"east":{"uv":[10.375,10.25,11.5,10.25],"rotation":0,"texture":"#0","tintindex":0},"north":{"uv":[5.875,4.125,6.5,4.125],"rotation":0,"texture":"#0","tintindex":0},"south":{"uv":[5.875,4.25,6.5,4.25],"rotation":0,"texture":"#0","tintindex":0},"up":{"uv":[10.5,6.0,9.875,4.875],"rotation":0,"texture":"#0","tintindex":0},"west":{"uv":[10.5,1.75,11.625,1.75],"rotation":0,"texture":"#0","tintindex":0}}},{"name":"cube","from":[3.3359482,1.9229879,13.189603],"to":[8.735949,4.922988,13.189603],"rotation":{"angle":-45.0,"axis":"x","origin":[14.135949,3.9800303,7.281107]},"faces":{"down":{"uv":[11.75,5.75,10.625,5.75],"rotation":0,"texture":"#0","tintindex":0},"east":{"uv":[5.25,10.625,5.25,11.25],"rotation":0,"texture":"#0","tintindex":0},"north":{"uv":[11.125,6.125,10.0,6.75],"rotation":0,"texture":"#0","tintindex":0},"south":{"uv":[10.0,6.125,11.125,6.75],"rotation":0,"texture":"#0","tintindex":0},"up":{"uv":[11.75,5.625,10.625,5.625],"rotation":0,"texture":"#0","tintindex":0},"west":{"uv":[10.75,1.875,10.75,2.5],"rotation":0,"texture":"#0","tintindex":0}}},{"name":"cube","from":[3.3359482,4.0251637,5.3926964],"to":[8.735949,8.825164,10.792696],"rotation":{"angle":0.0,"axis":"x","origin":[14.135949,3.9800303,7.281107]},"faces":{"down":{"uv":[8.625,5.375,7.5,6.5],"rotation":0,"texture":"#0","tintindex":0},"east":{"uv":[0.0,8.375,1.125,9.375],"rotation":0,"texture":"#0","tintindex":0},"north":{"uv":[7.5,8.0,8.625,9.0],"rotation":0,"texture":"#0","tintindex":0},"south":{"uv":[1.25,8.5,2.375,9.5],"rotation":0,"texture":"#0","tintindex":0},"up":{"uv":[8.625,3.625,7.5,2.5],"rotation":0,"texture":"#0","tintindex":0},"west":{"uv":[2.5,8.5,3.625,9.5],"rotation":0,"texture":"#0","tintindex":0}}}],"display":{"head":{"translation":[0.0,-6.4,0.0],"rotation":[0.0,0.0,0.0],"scale":[3.8095,3.8095,3.8095]}}}