{"textures":{"0":"modelengine:entity/stone_golem"},"elements":[{"name":"cube","from":[5.3,6.1816607,7.256736],"to":[10.700001,8.581661,12.656736],"rotation":{"angle":45.0,"axis":"x","origin":[-0.10000038,10.599876,8.404058]},"faces":{"down":{"uv":[3.75,7.25,4.875,8.375],"rotation":0,"texture":"#0","tintindex":0},"east":{"uv":[10.0,10.375,8.875,10.875],"rotation":0,"texture":"#0","tintindex":0},"north":{"uv":[11.125,7.875,10.0,8.375],"rotation":0,"texture":"#0","tintindex":0},"south":{"uv":[8.75,10.375,7.625,10.875],"rotation":0,"texture":"#0","tintindex":0},"up":{"uv":[2.5,8.375,3.625,7.25],"rotation":0,"texture":"#0","tintindex":0},"west":{"uv":[11.125,8.5,10.0,9.0],"rotation":0,"texture":"#0","tintindex":0}}},{"name":"cube","from":[4.7,4.3816605,6.6567354],"to":[11.3,6.1816607,13.256736],"rotation":{"angle":45.0,"axis":"x","origin":[-0.10000038,10.599876,8.404058]},"faces":{"down":{"uv":[4.75,1.5,6.125,2.875],"rotation":0,"texture":"#0","tintindex":0},"east":{"uv":[11.875,0.75,10.5,1.125],"rotation":0,"texture":"#0","tintindex":0},"north":{"uv":[11.75,9.125,10.375,9.5],"rotation":0,"texture":"#0","tintindex":0},"south":{"uv":[11.5,10.375,10.125,10.75],"rotation":0,"texture":"#0","tintindex":0},"up":{"uv":[4.75,1.375,6.125,0.0],"rotation":0,"texture":"#0","tintindex":0},"west":{"uv":[11.75,9.625,10.375,10.0],"rotation":0,"texture":"#0","tintindex":0}}},{"name":"cube","from":[5.3,0.78166056,7.256736],"to":[10.700001,4.3816605,12.656736],"rotation":{"angle":45.0,"axis":"x","origin":[-0.10000038,10.599876,8.404058]},"faces":{"down":{"uv":[6.25,7.25,7.375,8.375],"rotation":0,"texture":"#0","tintindex":0},"east":{"uv":[10.375,1.0,9.25,1.75],"rotation":0,"texture":"#0","tintindex":0},"north":{"uv":[9.875,7.625,8.75,8.375],"rotation":0,"texture":"#0","tintindex":0},"south":{"uv":[8.25,9.125,7.125,9.875],"rotation":0,"texture":"#0","tintindex":0},"up":{"uv":[5.0,8.375,6.125,7.25],"rotation":0,"texture":"#0","tintindex":0},"west":{"uv":[9.875,8.5,8.75,9.25],"rotation":0,"texture":"#0","tintindex":0}}}],"display":{"head":{"translation":[0.0,-6.4,0.0],"rotation":[0.0,0.0,0.0],"scale":[3.8095,3.8095,3.8095]}}}