{"textures":{"0":"modelengine:entity/stone_golem"},"elements":[{"name":"cube","from":[5.3625245,10.681427,7.7926965],"to":[8.962524,14.881427,7.7926965],"rotation":{"angle":-22.5,"axis":"z","origin":[1.8640513,3.9800303,7.281107]},"faces":{"down":{"uv":[7.625,2.375,8.375,2.375],"rotation":0,"texture":"#0","tintindex":0},"east":{"uv":[2.875,10.625,2.875,11.5],"rotation":0,"texture":"#0","tintindex":0},"north":{"uv":[7.5,10.0,6.75,10.875],"rotation":0,"texture":"#0","tintindex":0},"south":{"uv":[6.75,10.0,7.5,10.875],"rotation":0,"texture":"#0","tintindex":0},"up":{"uv":[7.625,2.25,8.375,2.25],"rotation":0,"texture":"#0","tintindex":0},"west":{"uv":[2.75,10.625,2.75,11.5],"rotation":0,"texture":"#0","tintindex":0}}},{"name":"cube","from":[7.864052,0.96755505,5.910507],"to":[12.064052,5.167555,10.110508],"rotation":{"angle":22.5,"axis":"x","origin":[1.8640513,3.9800303,7.281107]},"faces":{"down":{"uv":[2.0,9.625,2.875,10.5],"rotation":0,"texture":"#0","tintindex":0},"east":{"uv":[6.625,9.5,5.75,10.375],"rotation":0,"texture":"#0","tintindex":0},"north":{"uv":[9.25,9.375,8.375,10.25],"rotation":0,"texture":"#0","tintindex":0},"south":{"uv":[0.875,9.5,0.0,10.375],"rotation":0,"texture":"#0","tintindex":0},"up":{"uv":[1.0,10.5,1.875,9.625],"rotation":0,"texture":"#0","tintindex":0},"west":{"uv":[10.25,9.375,9.375,10.25],"rotation":0,"texture":"#0","tintindex":0}}},{"name":"cube","from":[7.2640514,3.070749,2.519772],"to":[12.664052,6.0707493,2.519772],"rotation":{"angle":45.0,"axis":"x","origin":[1.8640513,3.9800303,7.281107]},"faces":{"down":{"uv":[10.375,10.125,11.5,10.125],"rotation":0,"texture":"#0","tintindex":0},"east":{"uv":[5.125,10.625,5.125,11.25],"rotation":0,"texture":"#0","tintindex":0},"north":{"uv":[5.25,9.875,4.125,10.5],"rotation":0,"texture":"#0","tintindex":0},"south":{"uv":[4.125,9.875,5.25,10.5],"rotation":0,"texture":"#0","tintindex":0},"up":{"uv":[10.0,3.125,11.125,3.125],"rotation":0,"texture":"#0","tintindex":0},"west":{"uv":[10.625,4.875,10.625,5.5],"rotation":0,"texture":"#0","tintindex":0}}},{"name":"cube","from":[6.0747786,15.042209,5.3926964],"to":[9.074778,15.042209,10.792696],"rotation":{"angle":-45.0,"axis":"z","origin":[1.8640513,3.9800303,7.281107]},"faces":{"down":{"uv":[9.875,4.875,10.5,6.0],"rotation":0,"texture":"#0","tintindex":0},"east":{"uv":[11.625,1.75,10.5,1.75],"rotation":0,"texture":"#0","tintindex":0},"north":{"uv":[6.5,4.125,5.875,4.125],"rotation":0,"texture":"#0","tintindex":0},"south":{"uv":[6.5,4.25,5.875,4.25],"rotation":0,"texture":"#0","tintindex":0},"up":{"uv":[9.875,6.0,10.5,4.875],"rotation":0,"texture":"#0","tintindex":0},"west":{"uv":[11.5,10.25,10.375,10.25],"rotation":0,"texture":"#0","tintindex":0}}},{"name":"cube","from":[7.2640514,1.9229879,13.189603],"to":[12.664052,4.922988,13.189603],"rotation":{"angle":-45.0,"axis":"x","origin":[1.8640513,3.9800303,7.281107]},"faces":{"down":{"uv":[10.625,5.75,11.75,5.75],"rotation":0,"texture":"#0","tintindex":0},"east":{"uv":[10.75,1.875,10.75,2.5],"rotation":0,"texture":"#0","tintindex":0},"north":{"uv":[10.0,6.125,11.125,6.75],"rotation":0,"texture":"#0","tintindex":0},"south":{"uv":[11.125,6.125,10.0,6.75],"rotation":0,"texture":"#0","tintindex":0},"up":{"uv":[10.625,5.625,11.75,5.625],"rotation":0,"texture":"#0","tintindex":0},"west":{"uv":[5.25,10.625,5.25,11.25],"rotation":0,"texture":"#0","tintindex":0}}},{"name":"cube","from":[7.2640514,4.0251637,5.3926964],"to":[12.664052,8.825164,10.792696],"rotation":{"angle":0.0,"axis":"x","origin":[1.8640513,3.9800303,7.281107]},"faces":{"down":{"uv":[7.5,5.375,8.625,6.5],"rotation":0,"texture":"#0","tintindex":0},"east":{"uv":[3.625,8.5,2.5,9.5],"rotation":0,"texture":"#0","tintindex":0},"north":{"uv":[8.625,8.0,7.5,9.0],"rotation":0,"texture":"#0","tintindex":0},"south":{"uv":[2.375,8.5,1.25,9.5],"rotation":0,"texture":"#0","tintindex":0},"up":{"uv":[7.5,3.625,8.625,2.5],"rotation":0,"texture":"#0","tintindex":0},"west":{"uv":[1.125,8.375,0.0,9.375],"rotation":0,"texture":"#0","tintindex":0}}}],"display":{"head":{"translation":[0.0,-6.4,0.0],"rotation":[0.0,0.0,0.0],"scale":[3.8095,3.8095,3.8095]}}}