{"textures":{"0":"modelengine:entity/twisted_branch"},"elements":[{"name":"cube","from":[5.464474,14.56621,4.778494],"to":[8.294938,32.0,7.282365],"rotation":{"angle":45.0,"axis":"x","origin":[6.8797064,18.049858,6.0304294]},"faces":{"down":{"uv":[1.0,2.375,1.364,2.697],"rotation":0,"texture":"#0","tintindex":0},"east":{"uv":[1.0,2.375,1.375,4.125],"rotation":0,"texture":"#0","tintindex":0},"north":{"uv":[1.0,2.375,1.375,4.125],"rotation":0,"texture":"#0","tintindex":0},"south":{"uv":[1.0,2.375,1.375,4.125],"rotation":0,"texture":"#0","tintindex":0},"up":{"uv":[1.0,2.375,1.364,2.697],"rotation":0,"texture":"#0","tintindex":0},"west":{"uv":[1.0,2.375,1.375,4.125],"rotation":0,"texture":"#0","tintindex":0}}},{"name":"cube","from":[7.2762823,-14.656,4.8329253],"to":[9.780154,-1.833375,7.663389],"rotation":{"angle":45.0,"axis":"z","origin":[8.528218,-8.831777,6.2481575]},"faces":{"down":{"uv":[1.0,2.375,1.322,2.739],"rotation":0,"texture":"#0","tintindex":0},"east":{"uv":[1.0,2.375,1.375,4.125],"rotation":0,"texture":"#0","tintindex":0},"north":{"uv":[1.0,2.375,1.375,4.125],"rotation":0,"texture":"#0","tintindex":0},"south":{"uv":[1.0,2.375,1.375,4.125],"rotation":0,"texture":"#0","tintindex":0},"up":{"uv":[1.0,2.375,1.322,2.739],"rotation":0,"texture":"#0","tintindex":0},"west":{"uv":[1.0,2.375,1.375,4.125],"rotation":0,"texture":"#0","tintindex":0}}},{"name":"cube","from":[5.464474,-14.656,5.3694687],"to":[8.294938,-2.7975993,7.8733416],"rotation":{"angle":45.0,"axis":"x","origin":[6.8797064,-9.795999,6.6214056]},"faces":{"down":{"uv":[1.0,2.375,1.364,2.697],"rotation":0,"texture":"#0","tintindex":0},"east":{"uv":[1.0,2.375,1.375,4.125],"rotation":0,"texture":"#0","tintindex":0},"north":{"uv":[1.0,2.375,1.375,4.125],"rotation":0,"texture":"#0","tintindex":0},"south":{"uv":[1.0,2.375,1.375,4.125],"rotation":0,"texture":"#0","tintindex":0},"up":{"uv":[1.0,2.375,1.364,2.697],"rotation":0,"texture":"#0","tintindex":0},"west":{"uv":[1.0,2.375,1.375,4.125],"rotation":0,"texture":"#0","tintindex":0}}},{"name":"cube","from":[6.218746,-14.656,8.285469],"to":[8.722618,-2.7975993,11.115933],"rotation":{"angle":-45.0,"axis":"z","origin":[7.470682,-9.795999,9.700701]},"faces":{"down":{"uv":[1.0,2.375,1.322,2.739],"rotation":0,"texture":"#0","tintindex":0},"east":{"uv":[1.0,2.375,1.375,4.125],"rotation":0,"texture":"#0","tintindex":0},"north":{"uv":[1.0,2.375,1.375,4.125],"rotation":0,"texture":"#0","tintindex":0},"south":{"uv":[1.0,2.375,1.375,4.125],"rotation":0,"texture":"#0","tintindex":0},"up":{"uv":[1.0,2.375,1.375,4.125],"rotation":0,"texture":"#0","tintindex":0},"west":{"uv":[1.0,2.375,1.375,4.125],"rotation":0,"texture":"#0","tintindex":0}}},{"name":"cube","from":[7.7039623,-14.656,7.857789],"to":[10.534426,-1.833375,10.361662],"rotation":{"angle":-45.0,"axis":"x","origin":[9.119194,-8.831777,9.109726]},"faces":{"down":{"uv":[1.0,2.375,1.364,2.697],"rotation":0,"texture":"#0","tintindex":0},"east":{"uv":[1.0,2.375,1.375,4.125],"rotation":0,"texture":"#0","tintindex":0},"north":{"uv":[1.0,2.375,1.375,4.125],"rotation":0,"texture":"#0","tintindex":0},"south":{"uv":[1.0,2.375,1.375,4.125],"rotation":0,"texture":"#0","tintindex":0},"up":{"uv":[1.0,2.375,1.364,2.697],"rotation":0,"texture":"#0","tintindex":0},"west":{"uv":[1.0,2.375,1.375,4.125],"rotation":0,"texture":"#0","tintindex":0}}},{"name":"cube","from":[5.6277704,14.56621,8.285469],"to":[8.131641,27.10112,11.115933],"rotation":{"angle":-45.0,"axis":"z","origin":[6.8797064,18.049858,9.700701]},"faces":{"down":{"uv":[1.0,2.375,1.322,2.739],"rotation":0,"texture":"#0","tintindex":0},"east":{"uv":[1.0,2.375,1.375,4.125],"rotation":0,"texture":"#0","tintindex":0},"north":{"uv":[1.0,2.375,1.375,4.125],"rotation":0,"texture":"#0","tintindex":0},"south":{"uv":[1.0,2.375,1.375,4.125],"rotation":0,"texture":"#0","tintindex":0},"up":{"uv":[1.0,2.375,1.322,2.739],"rotation":0,"texture":"#0","tintindex":0},"west":{"uv":[1.0,2.375,1.375,4.125],"rotation":0,"texture":"#0","tintindex":0}}},{"name":"cube","from":[7.7039623,15.530434,8.448765],"to":[10.534426,29.40282,10.952638],"rotation":{"angle":-45.0,"axis":"x","origin":[9.119194,19.01408,9.700701]},"faces":{"down":{"uv":[1.0,2.375,1.364,2.697],"rotation":0,"texture":"#0","tintindex":0},"east":{"uv":[1.0,2.375,1.375,4.125],"rotation":0,"texture":"#0","tintindex":0},"north":{"uv":[1.0,2.375,1.375,4.125],"rotation":0,"texture":"#0","tintindex":0},"south":{"uv":[1.0,2.375,1.375,4.125],"rotation":0,"texture":"#0","tintindex":0},"up":{"uv":[1.0,2.375,1.364,2.697],"rotation":0,"texture":"#0","tintindex":0},"west":{"uv":[1.0,2.375,1.375,4.125],"rotation":0,"texture":"#0","tintindex":0}}},{"name":"cube","from":[7.867258,15.530434,4.8329253],"to":[10.37113,28.998466,7.663389],"rotation":{"angle":45.0,"axis":"z","origin":[9.119194,19.01408,6.2481575]},"faces":{"down":{"uv":[1.0,2.375,1.322,2.739],"rotation":0,"texture":"#0","tintindex":0},"east":{"uv":[1.0,2.375,1.375,4.125],"rotation":0,"texture":"#0","tintindex":0},"north":{"uv":[1.0,2.375,1.375,4.125],"rotation":0,"texture":"#0","tintindex":0},"south":{"uv":[1.0,2.375,1.375,4.125],"rotation":0,"texture":"#0","tintindex":0},"up":{"uv":[1.0,2.375,1.322,2.739],"rotation":0,"texture":"#0","tintindex":0},"west":{"uv":[1.0,2.375,1.375,4.125],"rotation":0,"texture":"#0","tintindex":0}}},{"name":"cube","from":[5.7755136,-4.220608,10.221693],"to":[16.257563,-1.7167346,13.052157],"rotation":{"angle":45.0,"axis":"z","origin":[9.259162,-2.9686704,11.636926]},"faces":{"down":{"uv":[1.0,2.375,1.322,3.723],"rotation":90,"texture":"#0","tintindex":0},"east":{"uv":[1.0,2.375,1.322,2.739],"rotation":90,"texture":"#0","tintindex":0},"north":{"uv":[1.0,2.375,1.322,3.723],"rotation":90,"texture":"#0","tintindex":0},"south":{"uv":[1.0,2.375,1.322,3.723],"rotation":90,"texture":"#0","tintindex":0},"up":{"uv":[1.0,2.375,1.322,3.723],"rotation":90,"texture":"#0","tintindex":0},"west":{"uv":[1.0,2.375,1.322,2.739],"rotation":90,"texture":"#0","tintindex":0}}},{"name":"cube","from":[11.070971,-4.220608,0.32284522],"to":[13.901435,-1.7167346,10.8048935],"rotation":{"angle":45.0,"axis":"x","origin":[12.486202,-2.9686704,7.321245]},"faces":{"down":{"uv":[1.0,2.375,1.375,4.125],"rotation":0,"texture":"#0","tintindex":0},"east":{"uv":[1.0,2.375,1.322,3.723],"rotation":90,"texture":"#0","tintindex":0},"north":{"uv":[1.0,2.375,1.375,4.125],"rotation":0,"texture":"#0","tintindex":0},"south":{"uv":[1.0,2.375,1.364,2.697],"rotation":0,"texture":"#0","tintindex":0},"up":{"uv":[1.0,2.375,1.375,4.125],"rotation":0,"texture":"#0","tintindex":0},"west":{"uv":[1.0,2.375,1.322,3.723],"rotation":90,"texture":"#0","tintindex":0}}},{"name":"cube","from":[-0.25866246,-3.256384,2.6789732],"to":[10.223387,-0.7525103,5.509437],"rotation":{"angle":-45.0,"axis":"z","origin":[6.7397385,-2.004446,4.094206]},"faces":{"down":{"uv":[1.0,2.375,1.322,3.723],"rotation":90,"texture":"#0","tintindex":0},"east":{"uv":[1.0,2.375,1.322,2.739],"rotation":90,"texture":"#0","tintindex":0},"north":{"uv":[1.0,2.375,1.322,3.723],"rotation":90,"texture":"#0","tintindex":0},"south":{"uv":[1.0,2.375,1.322,3.723],"rotation":90,"texture":"#0","tintindex":0},"up":{"uv":[1.0,2.375,1.322,3.723],"rotation":90,"texture":"#0","tintindex":0},"west":{"uv":[1.0,2.375,1.322,2.739],"rotation":90,"texture":"#0","tintindex":0}}},{"name":"cube","from":[2.0974655,-3.256384,5.1439652],"to":[4.92793,-0.7525103,15.626014],"rotation":{"angle":-45.0,"axis":"x","origin":[3.512698,-2.004446,8.627613]},"faces":{"down":{"uv":[1.0,2.375,1.375,4.125],"rotation":0,"texture":"#0","tintindex":0},"east":{"uv":[1.0,2.375,1.322,3.723],"rotation":90,"texture":"#0","tintindex":0},"north":{"uv":[1.0,2.375,1.322,2.739],"rotation":90,"texture":"#0","tintindex":0},"south":{"uv":[1.0,2.375,1.322,2.739],"rotation":90,"texture":"#0","tintindex":0},"up":{"uv":[1.0,2.375,1.375,4.125],"rotation":0,"texture":"#0","tintindex":0},"west":{"uv":[1.0,2.375,1.322,3.723],"rotation":90,"texture":"#0","tintindex":0}}},{"name":"cube",