{"textures":{"0":"modelengine:entity/griffin_silverwing_saddle","1":"modelengine:entity/griffin_silverwing"},"elements":[{"name":"cube","from":[5.064755,7.454151,3.9086266],"to":[9.862129,12.251524,11.104687],"rotation":{"angle":0.0,"axis":"x","origin":[-4.426643,-0.57623124,16.86771]},"faces":{"down":{"uv":[1.871,5.504,1.379,6.246],"rotation":0,"texture":"#1","tintindex":0},"east":{"uv":[0.504,5.254,1.246,5.746],"rotation":0,"texture":"#1","tintindex":0},"north":{"uv":[5.129,6.504,5.621,6.996],"rotation":0,"texture":"#1","tintindex":0},"south":{"uv":[5.754,6.504,6.246,6.996],"rotation":0,"texture":"#1","tintindex":0},"up":{"uv":[5.746,5.746,5.254,5.004],"rotation":0,"texture":"#1","tintindex":0},"west":{"uv":[5.254,0.629,5.996,1.121],"rotation":0,"texture":"#1","tintindex":0}}},{"name":"cube","from":[6.264098,8.653494,-0.88874626],"to":[8.662785,11.052181,3.9086266],"rotation":{"angle":0.0,"axis":"x","origin":[-4.426643,-0.57623124,16.86771]},"faces":{"down":{"uv":[3.996,7.504,3.754,7.996],"rotation":0,"texture":"#1","tintindex":0},"east":{"uv":[7.379,4.129,7.871,4.371],"rotation":0,"texture":"#1","tintindex":0},"north":{"uv":[4.379,5.879,4.621,6.121],"rotation":0,"texture":"#1","tintindex":0},"south":{"uv":[6.129,4.129,6.371,4.371],"rotation":0,"texture":"#1","tintindex":0},"up":{"uv":[3.621,7.996,3.379,7.504],"rotation":0,"texture":"#1","tintindex":0},"west":{"uv":[7.379,4.504,7.871,4.746],"rotation":0,"texture":"#1","tintindex":0}}},{"name":"cube","from":[6.264098,6.85448,-0.88874626],"to":[8.662785,8.653494,0.31059718],"rotation":{"angle":0.0,"axis":"x","origin":[-4.426643,-0.57623124,16.86771]},"faces":{"down":{"uv":[7.621,4.879,7.379,4.996],"rotation":0,"texture":"#1","tintindex":0},"east":{"uv":[3.754,1.754,3.871,1.9375],"rotation":0,"texture":"#1","tintindex":0},"north":{"uv":[4.879,8.504,5.121,8.6875],"rotation":0,"texture":"#1","tintindex":0},"south":{"uv":[5.254,8.504,5.496,8.6875],"rotation":0,"texture":"#1","tintindex":0},"up":{"uv":[6.996,1.746,6.754,1.629],"rotation":0,"texture":"#1","tintindex":0},"west":{"uv":[2.254,4.629,2.371,4.8125],"rotation":0,"texture":"#1","tintindex":0}}},{"name":"cube","from":[1.5371813,7.454151,6.411991],"to":[1.5371813,12.251524,13.608051],"rotation":{"angle":-22.5,"axis":"y","origin":[-4.426643,-0.57623124,16.86771]},"faces":{"down":{"uv":[0.504,8.879,0.496,9.621],"rotation":0,"texture":"#1","tintindex":0},"east":{"uv":[1.246,5.879,0.504,6.371],"rotation":0,"texture":"#1","tintindex":0},"north":{"uv":[0.129,8.879,0.121,9.371],"rotation":0,"texture":"#1","tintindex":0},"south":{"uv":[0.254,8.879,0.246,9.371],"rotation":0,"texture":"#1","tintindex":0},"up":{"uv":[0.379,9.621,0.371,8.879],"rotation":0,"texture":"#1","tintindex":0},"west":{"uv":[0.504,5.879,1.246,6.371],"rotation":0,"texture":"#1","tintindex":0}}},{"name":"cube","from":[13.389703,7.454151,6.411991],"to":[13.389703,12.251524,13.608051],"rotation":{"angle":22.5,"axis":"y","origin":[19.353527,-0.57623124,16.86771]},"faces":{"down":{"uv":[0.504,8.879,0.496,9.621],"rotation":0,"texture":"#1","tintindex":0},"east":{"uv":[1.246,5.879,0.504,6.371],"rotation":0,"texture":"#1","tintindex":0},"north":{"uv":[0.129,8.879,0.121,9.371],"rotation":0,"texture":"#1","tintindex":0},"south":{"uv":[0.254,8.879,0.246,9.371],"rotation":0,"texture":"#1","tintindex":0},"up":{"uv":[0.379,9.621,0.371,8.879],"rotation":0,"texture":"#1","tintindex":0},"west":{"uv":[2.746,5.754,2.004,6.246],"rotation":0,"texture":"#1","tintindex":0}}},{"name":"cube","from":[13.389703,7.454151,6.411991],"to":[13.389703,12.251524,13.608051],"rotation":{"angle":22.5,"axis":"y","origin":[19.353527,-0.57623124,16.86771]},"faces":{"down":{"uv":[0.504,8.879,0.496,9.621],"rotation":0,"texture":"#1","tintindex":0},"east":{"uv":[1.246,5.879,0.504,6.371],"rotation":0,"texture":"#1","tintindex":0},"north":{"uv":[0.129,8.879,0.121,9.371],"rotation":0,"texture":"#1","tintindex":0},"south":{"uv":[0.254,8.879,0.246,9.371],"rotation":0,"texture":"#1","tintindex":0},"up":{"uv":[0.379,9.621,0.371,8.879],"rotation":0,"texture":"#1","tintindex":0},"west":{"uv":[0.504,5.879,1.246,6.371],"rotation":0,"texture":"#1","tintindex":0}}},{"name":"cube","from":[5.3814178,11.241019,10.853778],"to":[6.571146,13.025611,15.017826],"rotation":{"angle":-22.5,"axis":"x","origin":[7.463442,4.32486,9.667707]},"faces":{"down":{"uv":[6.996,0.004,6.754,0.871],"rotation":0,"texture":"#0","tintindex":0},"east":{"uv":[6.004,3.254,6.871,3.621],"rotation":0,"texture":"#0","tintindex":0},"north":{"uv":[0.004,8.004,0.246,8.371],"rotation":0,"texture":"#0","tintindex":0},"south":{"uv":[0.504,8.004,0.746,8.371],"rotation":0,"texture":"#0","tintindex":0},"up":{"uv":[3.496,7.371,3.254,6.504],"rotation":0,"texture":"#0","tintindex":0},"west":{"uv":[6.004,4.004,6.871,4.371],"rotation":0,"texture":"#0","tintindex":0}}},{"name":"cube","from":[8.355738,11.241019,10.853778],"to":[9.545466,13.025611,15.017826],"rotation":{"angle":-22.5,"axis":"x","origin":[7.463442,4.32486,9.667707]},"faces":{"down":{"uv":[6.754,0.004,6.996,0.871],"rotation":0,"texture":"#0","tintindex":0},"east":{"uv":[6.871,4.004,6.004,4.371],"rotation":0,"texture":"#0","tintindex":0},"north":{"uv":[0.246,8.004,0.004,8.371],"rotation":0,"texture":"#0","tintindex":0},"south":{"uv":[0.746,8.004,0.504,8.371],"rotation":0,"texture":"#0","tintindex":0},"up":{"uv":[3.254,7.371,3.496,6.504],"rotation":0,"texture":"#0","tintindex":0},"west":{"uv":[6.871,3.254,6.004,3.621],"rotation":0,"texture":"#0","tintindex":0}}},{"name":"cube","from":[4.786554,8.64972,9.3702755],"to":[10.14033,12.516337,9.965139],"rotation":{"angle":0.0,"axis":"x","origin":[7.463442,4.32486,9.667707]},"faces":{"down":{"uv":[8.371,4.254,7.254,4.371],"rotation":0,"texture":"#0","tintindex":0},"east":{"uv":[7.754,2.254,7.871,3.121],"rotation":0,"texture":"#0","tintindex":0},"north":{"uv":[3.754,1.254,4.871,2.121],"rotation":0,"texture":"#0","tintindex":0},"south":{"uv":[0.004,4.504,1.121,5.371],"rotation":0,"texture":"#0","tintindex":0},"up":{"uv":[8.371,3.871,7.254,3.754],"rotation":0,"texture":"#0","tintindex":0},"west":{"uv":[2.504,7.754,2.621,8.621],"rotation":0,"texture":"#0","tintindex":0}}},{"name":"cube","from":[4.786554,7.1625614,4.9087954],"to":[10.14033,8.054856,5.5036607],"rotation":{"angle":0.0,"axis":"x","origin":[7.463442,4.32486,9.667707]},"faces":{"down":{"uv":[8.621,5.754,7.504,5.871],"rotation":0,"texture":"#0","tintindex":0},"east":{"uv":[4.004,5.754,4.121,5.996],"rotation":0,"texture":"#0","tintindex":0},"north":{"uv":[6.004,5.754,7.121,5.996],"rotation":0,"texture":"#0","tintindex":0},"south":{"uv":[4.004,6.254,5.121,6.496],"rotation":0,"texture":"#0","tintindex":0},"up":{"uv":[8.621,5.371,7.504,5.254],"rotation":0,"texture":"#0","tintindex":0},"west":{"uv":[8.254,3.254,8.371,3.496],"rotation":0,"texture":"#0","tintindex":0}}},{"name":"cube","from":[4.786554,8.054856,4.9087954],"to":[10.14033,8.64972,11.4523],"rotation":{"angle":0.0,"axis":"x","origin":[7.463442,4.32486,9.667707]},"faces":{"down":{"uv":[3.371,1.754,2.254,3.121],"rotation":0,"texture":"#0","tintindex":0},"east":{"uv":[3.754,6.754,5.121,6.871],"rotation":0,"texture":"#0","tintindex":0},"north":{"uv":[0.004,7.504,1.121,7.621],"rotation":0,"texture":"#0","tintindex":0},"south":{"uv":[7.504,4.754,8.621,4.871],"rotation":0,"texture":"#0","tintindex":0},"up":{"uv":[3.371,1.371,2.254,0.004],"rotation":0,"texture":"#0","tintindex":0},"west":{"uv":[6.504,6.754,7.871,6.871],"rotation":0,"texture":"#0","tintindex":0}}},{"name":"cube","from":[4.489122,9.244584,4.6113634],"to":[10.437762,9.839451,8.775412],"rotation":{"angle":0.0,"axis":"x","origin":[7.463442,4.32486,9.667707]},"faces":{"down":{"uv":[4.996,0.004,3.754,0.871],"rotation":0,"texture":"#0","tintindex":0},"east":{"uv":[3.004,7.754,3.871,7.871],"rotation":0,"texture":"#0","tintindex":0},"north":{"uv":[0.004,7.004,1.246,7.121],"rotation":0,"texture":"#0","tintindex":0},"south":{"uv":[7.254,0.004,8.496,0.121],"rotation":0,"texture":"#0","tintindex":0},