{"textures":{"0":"modelengine:entity/griffin_aether","1":"modelengine:entity/griffin_aether_saddle"},"elements":[{"name":"cube","from":[7.993715,7.0805025,2.8933198],"to":[17.588463,8.819551,7.690694],"rotation":{"angle":0.0,"axis":"x","origin":[10.8311615,3.8173604,7.338027]},"faces":{"down":{"uv":[4.129,0.879,5.121,1.371],"rotation":0,"texture":"#0","tintindex":0},"east":{"uv":[8.496,4.129,8.004,4.3125],"rotation":0,"texture":"#0","tintindex":0},"north":{"uv":[8.121,2.254,7.129,2.4375],"rotation":0,"texture":"#0","tintindex":0},"south":{"uv":[8.121,2.629,7.129,2.8125],"rotation":0,"texture":"#0","tintindex":0},"up":{"uv":[4.004,3.121,4.996,2.629],"rotation":0,"texture":"#0","tintindex":0},"west":{"uv":[2.121,7.754,1.629,7.9375],"rotation":0,"texture":"#0","tintindex":0}}},{"name":"cube","from":[8.012145,8.249864,5.2946944],"to":[17.606892,8.249864,18.487473],"rotation":{"angle":0.0,"axis":"x","origin":[10.8311615,3.8173604,7.338027]},"faces":{"down":{"uv":[0.004,0.004,0.996,1.371],"rotation":0,"texture":"#0","tintindex":0},"east":{"uv":[10.246,4.629,8.879,4.621],"rotation":0,"texture":"#0","tintindex":0},"north":{"uv":[9.871,4.379,8.879,4.371],"rotation":0,"texture":"#0","tintindex":0},"south":{"uv":[9.871,4.504,8.879,4.496],"rotation":0,"texture":"#0","tintindex":0},"up":{"uv":[0.004,1.371,0.996,0.004],"rotation":0,"texture":"#0","tintindex":0},"west":{"uv":[5.871,8.879,4.504,8.871],"rotation":0,"texture":"#0","tintindex":0}}}],"display":{"head":{"translation":[0.0,-6.4,0.0],"rotation":[0.0,0.0,0.0],"scale":[3.8095,3.8095,3.8095]}}}