{"textures":{"0":"modelengine:entity/stone_minion"},"elements":[{"name":"cube","from":[6.766798,5.788228,2.0002995],"to":[9.166799,8.788228,3.2002993],"rotation":{"angle":0.0,"axis":"x","origin":[6.3515663,9.245926,6.5002995]},"faces":{"down":{"uv":[6.875,5.625,6.375,5.875],"rotation":0,"texture":"#0","tintindex":0},"east":{"uv":[4.625,6.125,4.875,6.75],"rotation":0,"texture":"#0","tintindex":0},"north":{"uv":[6.375,0.875,6.875,1.5],"rotation":0,"texture":"#0","tintindex":0},"south":{"uv":[6.375,1.625,6.875,2.25],"rotation":0,"texture":"#0","tintindex":0},"up":{"uv":[5.5,6.625,5.0,6.375],"rotation":0,"texture":"#0","tintindex":0},"west":{"uv":[6.375,4.875,6.625,5.5],"rotation":0,"texture":"#0","tintindex":0}}},{"name":"cube","from":[3.766798,12.448228,3.2002993],"to":[12.166799,12.448228,9.800301],"rotation":{"angle":0.0,"axis":"x","origin":[6.3515663,9.245926,6.5002995]},"faces":{"down":{"uv":[1.75,3.0,0.0,4.375],"rotation":0,"texture":"#0","tintindex":0},"east":{"uv":[6.625,6.25,8.0,6.25],"rotation":0,"texture":"#0","tintindex":0},"north":{"uv":[6.625,6.125,8.375,6.125],"rotation":0,"texture":"#0","tintindex":0},"south":{"uv":[6.375,6.625,8.125,6.625],"rotation":0,"texture":"#0","tintindex":0},"up":{"uv":[1.75,4.375,0.0,3.0],"rotation":0,"texture":"#0","tintindex":0},"west":{"uv":[6.625,6.375,8.0,6.375],"rotation":0,"texture":"#0","tintindex":0}}},{"name":"cube","from":[3.766798,11.599875,1.152195],"to":[12.166799,11.599875,3.5521955],"rotation":{"angle":-45.0,"axis":"x","origin":[7.9667983,11.599875,2.3521953]},"faces":{"down":{"uv":[5.5,3.0,3.75,3.5],"rotation":0,"texture":"#0","tintindex":0},"east":{"uv":[0.125,6.75,0.625,6.75],"rotation":0,"texture":"#0","tintindex":0},"north":{"uv":[6.625,6.5,8.375,6.5],"rotation":0,"texture":"#0","tintindex":0},"south":{"uv":[1.5,6.75,3.25,6.75],"rotation":0,"texture":"#0","tintindex":0},"up":{"uv":[5.5,3.5,3.75,3.0],"rotation":0,"texture":"#0","tintindex":0},"west":{"uv":[0.75,6.75,1.25,6.75],"rotation":0,"texture":"#0","tintindex":0}}},{"name":"cube","from":[3.766798,14.973938,7.348905],"to":[12.166799,14.973938,9.748905],"rotation":{"angle":45.0,"axis":"x","origin":[6.3515663,10.752588,5.5257998]},"faces":{"down":{"uv":[5.5,4.25,3.75,4.75],"rotation":0,"texture":"#0","tintindex":0},"east":{"uv":[3.375,6.75,3.875,6.75],"rotation":0,"texture":"#0","tintindex":0},"north":{"uv":[6.75,4.875,8.5,4.875],"rotation":0,"texture":"#0","tintindex":0},"south":{"uv":[6.75,5.0,8.5,5.0],"rotation":0,"texture":"#0","tintindex":0},"up":{"uv":[5.5,4.75,3.75,4.25],"rotation":0,"texture":"#0","tintindex":0},"west":{"uv":[5.0,6.75,5.5,6.75],"rotation":0,"texture":"#0","tintindex":0}}},{"name":"cube","from":[3.7718115,14.426524,3.2002993],"to":[6.1718116,14.426524,9.800301],"rotation":{"angle":45.0,"axis":"z","origin":[7.3573194,10.534868,6.5002995]},"faces":{"down":{"uv":[0.5,5.125,0.0,6.5],"rotation":0,"texture":"#0","tintindex":0},"east":{"uv":[6.75,5.25,8.125,5.25],"rotation":0,"texture":"#0","tintindex":0},"north":{"uv":[6.75,5.125,7.25,5.125],"rotation":0,"texture":"#0","tintindex":0},"south":{"uv":[6.75,5.375,7.25,5.375],"rotation":0,"texture":"#0","tintindex":0},"up":{"uv":[0.5,6.5,0.0,5.125],"rotation":0,"texture":"#0","tintindex":0},"west":{"uv":[6.75,5.5,8.125,5.5],"rotation":0,"texture":"#0","tintindex":0}}},{"name":"cube","from":[5.4698634,11.979007,6.8639393],"to":[7.8698635,16.179005,6.8639393],"rotation":{"angle":22.5,"axis":"z","origin":[6.1667986,9.245926,6.5002995]},"faces":{"down":{"uv":[5.125,6.875,4.625,6.875],"rotation":0,"texture":"#0","tintindex":0},"east":{"uv":[0.75,6.875,0.75,7.75],"rotation":0,"texture":"#0","tintindex":0},"north":{"uv":[1.875,5.75,2.375,6.625],"rotation":0,"texture":"#0","tintindex":0},"south":{"uv":[2.375,5.75,1.875,6.625],"rotation":0,"texture":"#0","tintindex":0},"up":{"uv":[3.5,6.875,3.0,6.875],"rotation":0,"texture":"#0","tintindex":0},"west":{"uv":[0.875,6.875,0.875,7.75],"rotation":0,"texture":"#0","tintindex":0}}},{"name":"cube","from":[5.9820423,12.448228,3.4593492],"to":[10.782042,14.8482275,3.4593492],"rotation":{"angle":-22.5,"axis":"y","origin":[6.1667986,9.245926,6.5002995]},"faces":{"down":{"uv":[7.875,6.875,6.875,6.875],"rotation":0,"texture":"#0","tintindex":0},"east":{"uv":[1.0,6.875,1.0,7.375],"rotation":0,"texture":"#0","tintindex":0},"north":{"uv":[5.25,0.0,6.25,0.5],"rotation":0,"texture":"#0","tintindex":0},"south":{"uv":[6.25,0.0,5.25,0.5],"rotation":0,"texture":"#0","tintindex":0},"up":{"uv":[6.75,6.875,5.75,6.875],"rotation":0,"texture":"#0","tintindex":0},"west":{"uv":[1.125,6.875,1.125,7.375],"rotation":0,"texture":"#0","tintindex":0}}},{"name":"cube","from":[9.34197,8.096549,8.9953985],"to":[14.141971,10.49655,8.9953985],"rotation":{"angle":45.0,"axis":"z","origin":[6.1667986,9.245926,6.5002995]},"faces":{"down":{"uv":[8.0,0.125,7.0,0.125],"rotation":0,"texture":"#0","tintindex":0},"east":{"uv":[1.25,6.875,1.25,7.375],"rotation":0,"texture":"#0","tintindex":0},"north":{"uv":[5.25,1.25,6.25,1.75],"rotation":0,"texture":"#0","tintindex":0},"south":{"uv":[6.25,1.25,5.25,1.75],"rotation":0,"texture":"#0","tintindex":0},"up":{"uv":[8.0,0.0,7.0,0.0],"rotation":0,"texture":"#0","tintindex":0},"west":{"uv":[3.625,6.875,3.625,7.375],"rotation":0,"texture":"#0","tintindex":0}}},{"name":"cube","from":[9.7617855,14.426524,3.2002993],"to":[12.161785,14.426524,9.800301],"rotation":{"angle":-45.0,"axis":"z","origin":[8.576277,10.534868,6.5002995]},"faces":{"down":{"uv":[0.0,5.125,0.5,6.5],"rotation":0,"texture":"#0","tintindex":0},"east":{"uv":[8.125,5.5,6.75,5.5],"rotation":0,"texture":"#0","tintindex":0},"north":{"uv":[7.25,5.125,6.75,5.125],"rotation":0,"texture":"#0","tintindex":0},"south":{"uv":[7.25,5.375,6.75,5.375],"rotation":0,"texture":"#0","tintindex":0},"up":{"uv":[0.0,6.5,0.5,5.125],"rotation":0,"texture":"#0","tintindex":0},"west":{"uv":[8.125,5.25,6.75,5.25],"rotation":0,"texture":"#0","tintindex":0}}},{"name":"cube","from":[3.766798,5.788228,3.2002993],"to":[12.166799,12.388228,9.800301],"rotation":{"angle":0.0,"axis":"x","origin":[6.3515663,9.245926,6.5002995]},"faces":{"down":{"uv":[3.625,1.5,1.875,2.875],"rotation":0,"texture":"#0","tintindex":0},"east":{"uv":[3.75,0.0,5.125,1.375],"rotation":0,"texture":"#0","tintindex":0},"north":{"uv":[0.0,0.0,1.75,1.375],"rotation":0,"texture":"#0","tintindex":0},"south":{"uv":[0.0,1.5,1.75,2.875],"rotation":0,"texture":"#0","tintindex":0},"up":{"uv":[3.625,1.375,1.875,0.0],"rotation":0,"texture":"#0","tintindex":0},"west":{"uv":[3.75,1.5,5.125,2.875],"rotation":0,"texture":"#0","tintindex":0}}}],"display":{"head":{"translation":[0.0,-6.4,0.0],"rotation":[0.0,0.0,0.0],"scale":[3.8095,3.8095,3.8095]}}}